-- phpMyAdmin SQL Dump
-- version 3.4.11.1
-- http://www.phpmyadmin.net
--
-- Host: localhost
-- Generation Time: Oct 05, 2012 at 08:29 PM
-- Server version: 5.1.65
-- PHP Version: 5.2.17

SET SQL_MODE="NO_AUTO_VALUE_ON_ZERO";
SET time_zone = "+00:00";


/*!40101 SET @OLD_CHARACTER_SET_CLIENT=@@CHARACTER_SET_CLIENT */;
/*!40101 SET @OLD_CHARACTER_SET_RESULTS=@@CHARACTER_SET_RESULTS */;
/*!40101 SET @OLD_COLLATION_CONNECTION=@@COLLATION_CONNECTION */;
/*!40101 SET NAMES utf8 */;

--
-- Database: `lukasber_agc`
--

-- --------------------------------------------------------

--
-- Table structure for table `conversation`
--

DROP TABLE IF EXISTS `conversation`;
CREATE TABLE IF NOT EXISTS `conversation` (
  `conversation_id` int(11) NOT NULL AUTO_INCREMENT,
  `title` varchar(200) NOT NULL,
  PRIMARY KEY (`conversation_id`)
) ENGINE=MyISAM  DEFAULT CHARSET=latin1 AUTO_INCREMENT=136 ;

--
-- Dumping data for table `conversation`
--

INSERT INTO `conversation` (`conversation_id`, `title`) VALUES
(1, 'Hows it going?'),
(2, 'another conversation...'),
(8, 'here we gooooo!'),
(7, 'ppp'),
(6, 'ppp'),
(9, 'ooooohhhhhh'),
(10, 'he he he just another test thats hoping for the proper refreh'),
(11, 'aaaaaaa'),
(12, 'aa'),
(13, 'aaa'),
(14, 'aaaaa'),
(15, 'teste tes '),
(16, 'hey man'),
(17, 'just me again'),
(18, 'hi'),
(19, 'test'),
(20, 'garden on a freeway, what a nice idea'),
(21, 'another teste'),
(22, 'hey loko'),
(23, 'to lukas berk'),
(24, 'sfg'),
(25, 'one last time...'),
(26, 'message'),
(27, 'aaaa'),
(28, 'dddddd'),
(29, 'adfas'),
(30, 'aa'),
(31, 'Testing'),
(32, 'hihi'),
(33, 'Welcome to AGrowingCommunity.org!'),
(34, 'Welcome to AGrowingCommunity.org!'),
(35, 'Welcome to AGrowingCommunity.org!'),
(36, 'Welcome to AGrowingCommunity.org!'),
(37, 'Welcome to AGrowingCommunity.org!'),
(38, 'Welcome to AGrowingCommunity.org!'),
(40, 'Welcome to AGrowingCommunity.org!'),
(41, 'Welcome to AGrowingCommunity.org!'),
(42, 'Welcome to AGrowingCommunity.org!'),
(43, 'Welcome to AGrowingCommunity.org!'),
(44, 'Welcome to AGrowingCommunity.org!'),
(45, 'Welcome to AGrowingCommunity.org!'),
(46, 'Welcome to AGrowingCommunity.org!'),
(47, 'Welcome to AGrowingCommunity.org!'),
(48, 'test'),
(49, 'hi'),
(50, 'Welcome to AGrowingCommunity.org!'),
(51, 'Welcome to AGrowingCommunity.org!'),
(52, 'Welcome to AGrowingCommunity.org!'),
(53, 'Welcome to AGrowingCommunity.org!'),
(54, 'Welcome to AGrowingCommunity.org!'),
(55, 'Welcome to AGrowingCommunity.org!'),
(56, 'Welcome to AGrowingCommunity.org!'),
(57, 'Welcome to AGrowingCommunity.org!'),
(58, 'Welcome to AGrowingCommunity.org!'),
(59, 'Welcome to AGrowingCommunity.org!'),
(60, 'Welcome to AGrowingCommunity.org!'),
(61, 'Welcome to AGrowingCommunity.org!'),
(62, 'Welcome to AGrowingCommunity.org!'),
(63, 'Welcome to AGrowingCommunity.org!'),
(64, 'Welcome to AGrowingCommunity.org!'),
(65, 'Welcome to AGrowingCommunity.org!'),
(66, 'Welcome to VictoriaMyCommunity.org!'),
(67, 'Welcome to VictoriaMyCommunity.org!'),
(68, 'Welcome to VictoriaMyCommunity.org!'),
(69, 'Welcome to VictoriaMyCommunity.org!'),
(70, 'Welcome to VictoriaMyCommunity.org!'),
(71, 'Welcome to VictoriaMyCommunity.org!'),
(72, 'Welcome to VictoriaMyCommunity.org!'),
(73, 'Welcome to VictoriaMyCommunity.org!'),
(74, 'Welcome to VictoriaMyCommunity.org!'),
(75, 'Welcome to VictoriaMyCommunity.org!'),
(76, 'Welcome to VictoriaMyCommunity.org!'),
(77, 'Welcome to VictoriaMyCommunity.org!'),
(78, 'Welcome to VictoriaMyCommunity.org!'),
(79, 'Welcome to VictoriaMyCommunity.org!'),
(80, 'Welcome to VictoriaMyCommunity.org!'),
(81, 'Welcome to VictoriaMyCommunity.org!'),
(82, 'Welcome to VictoriaMyCommunity.org!'),
(83, 'Welcome to VictoriaMyCommunity.org!'),
(84, 'Welcome to VictoriaMyCommunity.org!'),
(85, 'Welcome to VictoriaMyCommunity.org!'),
(86, 'Welcome to VictoriaMyCommunity.org!'),
(87, 'Welcome to VictoriaMyCommunity.org!'),
(88, 'Welcome to VictoriaMyCommunity.org!'),
(89, 'Welcome to VictoriaMyCommunity.org!'),
(90, 'Welcome to VictoriaMyCommunity.org!'),
(91, 'Welcome to VictoriaMyCommunity.org!'),
(92, 'Welcome to VictoriaMyCommunity.org!'),
(93, 'Welcome to VictoriaMyCommunity.org!'),
(94, 'Welcome to VictoriaMyCommunity.org!'),
(95, 'Welcome to VictoriaMyCommunity.org!'),
(96, 'Welcome to VictoriaMyCommunity.org!'),
(97, 'Welcome to VictoriaMyCommunity.org!'),
(98, 'Welcome to VictoriaMyCommunity.org!'),
(99, 'Welcome to VictoriaMyCommunity.org!'),
(100, 'Welcome to VictoriaMyCommunity.org!'),
(101, 'Welcome to VictoriaMyCommunity.org!'),
(102, 'Welcome to VictoriaMyCommunity.org!'),
(103, 'Welcome to VictoriaMyCommunity.org!'),
(104, 'Welcome to VictoriaMyCommunity.org!'),
(105, 'Welcome to VictoriaMyCommunity.org!'),
(106, 'Welcome to VictoriaMyCommunity.org!'),
(107, 'Welcome to VictoriaMyCommunity.org!'),
(108, 'Welcome to VictoriaMyCommunity.org!'),
(109, 'Welcome to VictoriaMyCommunity.org!'),
(110, 'Welcome to VictoriaMyCommunity.org!'),
(111, 'Welcome to VictoriaMyCommunity.org!'),
(112, 'Welcome to VictoriaMyCommunity.org!'),
(113, 'Welcome to VictoriaMyCommunity.org!'),
(114, 'Welcome to VictoriaMyCommunity.org!'),
(115, 'Welcome to VictoriaMyCommunity.org!'),
(116, 'Welcome to VictoriaMyCommunity.org!'),
(117, 'Welcome to VictoriaMyCommunity.org!'),
(118, 'Welcome to VictoriaMyCommunity.org!'),
(119, 'Welcome to VictoriaMyCommunity.org!'),
(120, 'Welcome to VictoriaMyCommunity.org!'),
(121, 'Welcome to VictoriaMyCommunity.org!'),
(122, 'Welcome to VictoriaMyCommunity.org!'),
(123, 'Welcome to VictoriaMyCommunity.org!'),
(124, 'Welcome to VictoriaMyCommunity.org!'),
(125, 'Welcome to VictoriaMyCommunity.org!'),
(126, 'Welcome to VictoriaMyCommunity.org!'),
(127, 'Welcome to VictoriaMyCommunity.org!'),
(128, 'Welcome to VictoriaMyCommunity.org!'),
(129, 'Welcome to VictoriaMyCommunity.org!'),
(130, 'Welcome to VictoriaMyCommunity.org!'),
(131, 'Welcome to VictoriaMyCommunity.org!'),
(132, 'Welcome to VictoriaMyCommunity.org!'),
(133, 'Welcome to VictoriaMyCommunity.org!'),
(134, 'Welcome to VictoriaMyCommunity.org!'),
(135, 'Welcome to VictoriaMyCommunity.org!');

-- --------------------------------------------------------

--
-- Table structure for table `conversation_message`
--

DROP TABLE IF EXISTS `conversation_message`;
CREATE TABLE IF NOT EXISTS `conversation_message` (
  `conversation_message_id` int(11) NOT NULL AUTO_INCREMENT,
  `user_id` int(11) NOT NULL,
  `conversation_id` int(11) NOT NULL,
  `message` varchar(1000) NOT NULL,
  `timestamp` timestamp NOT NULL DEFAULT CURRENT_TIMESTAMP ON UPDATE CURRENT_TIMESTAMP,
  PRIMARY KEY (`conversation_message_id`),
  KEY `user_id` (`user_id`,`conversation_id`)
) ENGINE=MyISAM  DEFAULT CHARSET=latin1 AUTO_INCREMENT=273 ;

--
-- Dumping data for table `conversation_message`
--

INSERT INTO `conversation_message` (`conversation_message_id`, `user_id`, `conversation_id`, `message`, `timestamp`) VALUES
(1, 51, 1, 'Hi Bro!', '2009-03-13 01:48:10'),
(2, 53, 1, 'Whats up man?', '2009-03-13 01:50:22'),
(3, 54, 2, 'Hey lukas, looking good.', '2009-03-13 11:03:40'),
(8, 51, 1, 'sorry,meanttosayheyheyhey', '2009-03-14 02:53:13'),
(7, 51, 1, '', '2009-03-14 02:52:39'),
(9, 51, 1, 'yo', '2009-03-14 02:55:18'),
(10, 51, 1, 'yo ho ya', '2009-03-14 03:02:49'),
(11, 51, 1, 'yo', '2009-03-14 08:08:32'),
(12, 51, 1, 'yahoo', '2009-03-14 08:09:18'),
(13, 51, 1, 'yo', '2009-04-27 04:25:09'),
(14, 51, 1, 'hey', '2009-04-27 04:29:44'),
(15, 51, 1, '', '2009-04-27 04:30:09'),
(16, 51, 1, 'aaa', '2009-04-27 04:32:01'),
(17, 51, 1, 'eee', '2009-04-27 04:32:58'),
(18, 51, 1, 'fff', '2009-04-27 04:36:14'),
(19, 51, 1, 'aaa', '2009-04-27 04:41:17'),
(20, 51, 1, '', '2009-04-27 05:11:09'),
(21, 51, 1, '', '2009-04-27 05:11:29'),
(22, 51, 1, '', '2009-04-27 05:13:52'),
(23, 51, 1, '', '2009-04-27 05:15:36'),
(24, 51, 1, '', '2009-04-27 05:16:34'),
(25, 51, 1, '', '2009-04-27 05:17:35'),
(26, 51, 1, '', '2009-04-27 05:17:44'),
(27, 51, 1, 'ok', '2009-04-27 05:24:41'),
(28, 51, 1, '', '2009-04-27 05:27:11'),
(29, 51, 1, '', '2009-04-27 05:27:15'),
(30, 51, 1, 'aaaaaa', '2009-04-27 05:27:21'),
(31, 51, 2, 'teste', '2009-04-27 05:27:42'),
(32, 51, 2, 'a test', '2009-04-27 05:29:03'),
(33, 51, 2, 'oh yeah baby!!!!!', '2009-04-27 05:29:11'),
(34, 51, 2, 'pretty dam cool!!', '2009-04-27 05:33:31'),
(35, 51, 2, '', '2009-04-27 05:33:37'),
(36, 51, 1, 'and now something else', '2009-04-27 13:29:37'),
(37, 51, 2, 'wiked', '2009-04-28 10:01:41'),
(38, 51, 2, 'Explore the map and then consider whether elections held in this context can ever be considered \\''free and fair\\''. Information on how to use the map, the map data limitations, and the background to how we mapped the data is provided below the map. ...', '2009-04-28 13:36:16'),
(39, 51, 2, 'ggfff', '2009-04-28 14:03:01'),
(40, 51, 2, 'fdgsfdgsdg', '2009-04-28 14:03:15'),
(41, 51, 2, 'fasdfadsfafsadfafa', '2009-04-28 14:03:34'),
(42, 51, 2, 'Explore the map and then consider whether elections held in this context can ever be considered \\''free and fair\\''. Information on how to use the map, the map data limitations, and the background to how we mapped the data is provided below the map. ...', '2009-04-28 14:03:47'),
(43, 51, 2, 'adfadfadfaddf', '2009-04-28 14:03:54'),
(44, 51, 2, '2009-04-28 08:03:47\n	\nExplore the map and then consider whether elections held in this context can ever be considered \\''free and fair\\''. Information on how to use the map, the map data limitations, and the background to how we mapped the data is provided below t', '2009-04-29 03:04:00'),
(45, 51, 2, 'ffffffffffffffffffffffffffffffffffff', '2009-04-29 03:04:13'),
(46, 51, 2, 'the reply starts here....', '2009-04-29 04:42:27'),
(47, 51, 2, 'sweeeeeeeeeeeeeeeeeet!', '2009-04-29 04:42:48'),
(48, 51, 1, 'pretty good', '2009-04-29 12:25:09'),
(49, 51, 1, 'fffff', '2009-04-29 13:05:04'),
(50, 51, 1, 'ffffff', '2009-04-29 13:05:09'),
(51, 51, 1, 'aaaa', '2009-04-29 13:09:24'),
(52, 51, 1, 'yaaaaaahooooooooooooo', '2009-04-29 13:10:19'),
(53, 51, 1, 'yeahhhhhh', '2009-04-29 13:11:49'),
(54, 51, 1, '', '2009-04-29 13:11:59'),
(55, 51, 1, 'afdsfasdfasfasf', '2009-04-29 13:13:06'),
(56, 51, 1, '', '2009-04-29 13:13:17'),
(57, 51, 1, 'adfadfadfa', '2009-04-30 13:11:29'),
(58, 51, 9, 'this time for sure', '2009-05-01 10:36:07'),
(59, 51, 9, 'ok', '2009-05-01 10:36:42'),
(60, 51, 10, 'so we will see how it goes then, not sure why it wouldn''t work, but who knows hey...', '2009-05-01 10:44:44'),
(61, 51, 11, 'aaaaaaaaaa', '2009-05-01 10:49:16'),
(62, 51, 12, 'aa', '2009-05-01 10:54:18'),
(63, 51, 13, 'aaa', '2009-05-01 10:58:42'),
(64, 51, 14, 'aaaaa', '2009-05-01 11:03:25'),
(65, 51, 15, 'test tes test', '2009-05-01 14:38:01'),
(66, 51, 8, 'fadsfadsfasf', '2009-05-02 06:10:24'),
(67, 51, 7, 'asdfadsfasfas', '2009-05-02 06:10:33'),
(68, 51, 15, 'adfadfadsfadfsa', '2009-05-02 06:14:37'),
(69, 62, 16, 'hey', '2009-05-02 10:32:47'),
(70, 51, 16, 'yo bro, what up', '2009-05-02 11:04:10'),
(71, 62, 16, 'just testing out the whole message thing...', '2009-05-02 11:05:28'),
(72, 51, 16, 'yo', '2009-05-02 11:30:15'),
(73, 62, 16, 'asdfsfaf', '2009-05-02 11:31:13'),
(74, 51, 17, 'you know...', '2009-05-02 12:49:20'),
(75, 51, 17, 'yar', '2009-05-02 12:49:56'),
(76, 51, 16, 'The predicate evaluates to a SQL logical value -- true, false or unknown. The most basic predicate is a comparison:\n\n      color = ''Red''\n\nThis predicate returns:\n\n    * true -- if the color column contains the string value -- ''Red'',\n    * false -- if the color column contains another string value (not ''Red''), or\n    * unknown -- if the color column contains null. \n\nGenerally, a comparison expression compares the contents of a table column to a literal, as above. A comparison expression may also compare two columns to each other. Table joins use this type of comparison. See Joining Tables.\n\nThe = (equals) comparison operator compares two values for equality. Additional comparison operators are:\n\n    * > -- greater than\n    * < -- less than\n    * >= -- greater than or equal to\n    * <= -- less than or equal to\n    * <> -- not equal to ', '2009-05-02 13:20:24'),
(77, 51, 16, 'The predicate evaluates to a SQL logical value -- true, false or unknown. The most basic predicate is a comparison:\n\n      color = ''Red''\n\nThis predicate returns:\n\n    * true -- if the color column contains the string value -- ''Red'',\n    * false -- if the color column contains another string value (not ''Red''), or\n    * unknown -- if the color column contains null. \n\nGenerally, a comparison expression compares the contents of a table column to a literal, as above. A comparison expression may also compare two columns to each other. Table joins use this type of comparison. See Joining Tables.\n\nThe = (equals) comparison operator compares two values for equality. Additional comparison operators are:\n\n    * > -- greater than\n    * < -- less than\n    * >= -- greater than or equal to\n    * <= -- less than or equal to\n    * <> -- not equal to ', '2009-05-02 13:22:28'),
(78, 51, 16, 'yo', '2009-05-02 13:23:19'),
(79, 66, 18, 'just a bit of a test', '2009-05-03 09:39:09'),
(80, 51, 18, 'a', '2009-05-03 10:34:28'),
(81, 51, 18, 'pretty good so far', '2009-05-03 10:54:18'),
(82, 51, 19, 'test', '2009-05-03 11:02:46'),
(83, 51, 19, 'teateaet', '2009-05-03 11:03:01'),
(84, 66, 18, 'getting there', '2009-05-03 11:05:57'),
(85, 66, 20, 'you go girl', '2009-05-03 11:27:40'),
(86, 66, 20, 'antoerh fald', '2009-05-03 11:31:02'),
(87, 51, 18, 'hi there', '2009-05-03 11:31:40'),
(88, 66, 18, 'hi', '2009-05-03 11:32:11'),
(89, 66, 21, 'teste', '2009-05-03 11:33:16'),
(90, 51, 18, 'this one is ok', '2009-05-03 11:33:55'),
(91, 51, 22, 'hows it going', '2009-05-03 11:34:31'),
(92, 66, 23, 'hey', '2009-05-03 11:35:28'),
(93, 51, 24, 'sfdg', '2009-05-03 11:41:42'),
(94, 51, 25, 'please work, please...', '2009-05-03 11:43:35'),
(95, 66, 25, 'looks good to me...', '2009-05-03 11:44:09'),
(96, 51, 25, 'your right, all looks good, arrr, smoko time....', '2009-05-03 11:45:00'),
(97, 51, 25, 'gsfdgsdfgs', '2009-05-04 04:28:11'),
(98, 51, 25, 'sgfgsgfsdfg', '2009-05-04 04:31:15'),
(99, 51, 26, 'test', '2009-05-07 05:08:45'),
(100, 51, 25, 'adfadfa', '2009-05-07 05:09:21'),
(101, 51, 27, 'a', '2009-05-07 10:55:23'),
(102, 51, 26, 'cffdffff', '2009-05-09 08:37:04'),
(103, 51, 28, 'ddddddd', '2009-05-09 08:37:34'),
(104, 51, 28, 'cccccc', '2009-05-09 08:37:48'),
(105, 51, 26, 'adaddfafadfasf', '2009-05-09 15:00:50'),
(106, 51, 29, 'fadfasfasfas', '2009-05-09 15:01:22'),
(107, 51, 30, 'aa', '2009-06-15 08:52:21'),
(108, 51, 29, 'hdslkafjhaslkdf\n', '2009-06-16 04:01:13'),
(109, 51, 29, 'tfghfh', '2009-06-16 04:12:57'),
(110, 51, 29, 'adfafas', '2009-06-18 11:21:00'),
(111, 51, 29, 'adfafaf', '2009-06-21 06:15:23'),
(112, 95, 31, '\nHey this is cool man!\n\nCongrats on getting it up and running.  I can see so much potential in this.\n\nYeah, let''s talk how I can help with UI stuff/development in the near future.  \n\nHey, is there any ability to add listings/notices to the map at the mo?  Or is the current beta just to check it out and see examples of what might exist in future.\n\nJemi', '2009-06-22 03:27:09'),
(113, 51, 31, 'awesome!  Jemi, you''re the first person ive ever  talked to on the site!  nice! L', '2009-06-22 04:14:30'),
(114, 51, 31, 'oh, and the dates are totally wrong too, just looking at the dates on the left there, ermm, time zones, have to take into account time zones too, ermm, not fully sure how to do that,....   more reading to do......', '2009-06-22 04:16:00'),
(115, 51, 29, 'test', '2009-08-06 23:50:01'),
(116, 51, 32, '', '2009-08-13 12:50:45'),
(117, 51, 32, 'yo', '2009-08-13 12:50:56'),
(118, 51, 32, 'aaa', '2009-08-13 12:57:04'),
(119, 51, 32, '', '2009-08-13 12:57:07'),
(120, 51, 32, 'ddddddddddddd', '2009-08-13 12:57:22'),
(121, 51, 32, '', '2009-08-13 13:03:27'),
(122, 51, 32, '', '2009-08-13 13:03:30'),
(123, 51, 32, 'aaa', '2009-08-13 13:14:32'),
(124, 51, 32, 'aaa', '2009-08-13 13:14:37'),
(125, 51, 32, 'aaa', '2009-08-13 13:14:42'),
(126, 51, 32, '', '2009-08-13 13:14:53'),
(127, 51, 31, 'zcxvzxcvzxcvzx', '2009-08-15 12:09:38'),
(128, 51, 31, '', '2009-08-15 12:12:30'),
(129, 51, 32, 'asdfasdfa', '2009-08-18 11:29:49'),
(130, 51, 31, 'adfafasdfa', '2009-08-22 12:25:26'),
(131, 51, 31, 'gsdfgfgsfsgs', '2009-08-22 15:38:06'),
(132, 51, 31, 'sdfgsfdgsfdgsdgsdfgsgfdg', '2009-08-22 15:38:26'),
(133, 51, 31, '', '2009-08-22 15:38:29'),
(134, 51, 31, '', '2009-08-22 15:38:32'),
(135, 51, 31, '', '2009-08-22 15:38:35'),
(136, 51, 31, 'adfafadfasfafafasfaoh, and the dates are totally wrong too, just looking at the dates on the left there, ermm, time zones, have to take into account time zones too', '2009-08-24 13:08:03'),
(137, 51, 29, 'oh, and the dates are totally wrong too, just looking at the dates on the left there, ermm, time zones, have to take into account time zones too', '2009-08-24 13:10:43'),
(138, 51, 29, '', '2009-08-24 13:22:29'),
(139, 51, 29, 'afdsfadsf', '2009-08-24 13:23:03'),
(140, 51, 31, 'sorry for the jibberish!  just testing things out....', '2009-08-25 02:57:02'),
(141, 66, 25, 'you''ll need to remove messages from this account...', '2009-08-26 13:36:30'),
(142, 51, 0, 'Hi there!', '2009-08-27 03:27:23'),
(143, 51, 34, 'Hi there!', '2009-08-27 03:34:38'),
(144, 115, 36, 'xzczxcxcxcxcx', '2009-08-27 03:55:22'),
(145, 51, 38, 'Hi there!', '2009-08-27 04:00:14'),
(146, 51, 39, 'Hi,<br/><br/>Thanks for checking out the site, its a work in progress at the moment as we work with local groups to sort out little issues, and improve the current features before an offical release,   <br/><br/>So Id love to know what you think, found any bugs, ideas on what can be improved or groups you know that could benifit from such a tool, let me know, just reply to this message, <br/><br/>cheers,  <br/>Lukas,<br/>AGrowingCommunity.org.', '2009-08-27 04:04:38'),
(147, 51, 40, 'Hi, Thanks for checking out the site, its a work in progress at the moment as we work with local groups to sort out little issues, and improve the current features before an offical releas,   So Id love to know what you think, found any bugs, ideas on what can be improved or groups you know that could benifit from such a tool, let me know, just reply to this message, cheers,  Lukas,   AGrowingCommunity.org.', '2009-08-27 04:05:59'),
(148, 51, 40, 'hope this still works...', '2009-08-27 10:46:47'),
(149, 119, 40, 'so do I, so do I....', '2009-08-27 12:25:12'),
(150, 51, 41, 'Hi, Thanks for checking out the site, its a work in progress at the moment as we work with local groups to sort out little issues, and improve the current features before an offical releas,   So Id love to know what you think, found any bugs, ideas on what can be improved or groups you know that could benifit from such a tool, let me know, just reply to this message, cheers,  Lukas,   AGrowingCommunity.org.', '2009-08-29 22:59:20'),
(151, 51, 42, 'Hi, Thanks for checking out the site, its a work in progress at the moment as we work with local groups to sort out little issues, and improve the current features before an offical releas,   So Id love to know what you think, found any bugs, ideas on what can be improved or groups you know that could benifit from such a tool, let me know, just reply to this message, cheers,  Lukas,   AGrowingCommunity.org.', '2009-08-31 01:04:15'),
(152, 51, 43, 'Hi, Thanks for checking out the site, its a work in progress at the moment as we work with local groups to sort out little issues, and improve the current features before an offical releas,   So Id love to know what you think, found any bugs, ideas on what can be improved or groups you know that could benifit from such a tool, let me know, just reply to this message, cheers,  Lukas,   AGrowingCommunity.org.', '2009-08-31 01:05:15'),
(153, 51, 44, 'Hi, Thanks for checking out the site, its a work in progress at the moment as we work with local groups to sort out little issues, and improve the current features before an offical releas,   So Id love to know what you think, found any bugs, ideas on what can be improved or groups you know that could benifit from such a tool, let me know, just reply to this message, cheers,  Lukas,   AGrowingCommunity.org.', '2009-08-31 01:13:12'),
(154, 51, 45, 'Hi, Thanks for checking out the site, its a work in progress at the moment as we work with local groups to sort out little issues, and improve the current features before an offical releas,   So Id love to know what you think, found any bugs, ideas on what can be improved or groups you know that could benifit from such a tool, let me know, just reply to this message, cheers,  Lukas,   AGrowingCommunity.org.', '2009-08-31 01:15:49'),
(155, 51, 46, 'Hi, Thanks for checking out the site, its a work in progress at the moment as we work with local groups to sort out little issues, and improve the current features before an offical releas,   So Id love to know what you think, found any bugs, ideas on what can be improved or groups you know that could benifit from such a tool, let me know, just reply to this message, cheers,  Lukas,   AGrowingCommunity.org.', '2009-08-31 01:16:38'),
(156, 125, 46, 'thanks, will do, cheers, lukas at med', '2009-08-31 01:18:55'),
(157, 51, 47, 'Hi, Thanks for checking out the site, its a work in progress at the moment as we work with local groups to sort out little issues, and improve the current features before an offical releas,   So Id love to know what you think, found any bugs, ideas on what can be improved or groups you know that could benifit from such a tool, let me know, just reply to this message, cheers,  Lukas,   AGrowingCommunity.org.', '2009-08-31 01:28:20'),
(158, 51, 48, 'test', '2009-08-31 10:03:15'),
(159, 51, 36, 'ghdhgd', '2009-08-31 14:39:52'),
(160, 51, 49, 'want to swap veggies', '2009-09-02 09:21:11'),
(161, 51, 49, 'zcvzcvzxv', '2009-09-02 09:21:34'),
(162, 51, 49, 'aaaa', '2009-09-06 07:43:55'),
(163, 51, 49, '', '2009-09-06 07:44:33'),
(164, 51, 49, '', '2009-09-06 07:45:09'),
(165, 51, 50, 'Hi, Thanks for checking out the site, its a work in progress at the moment as we work with local groups to sort out little issues, and improve the current features before an offical releas,   So Id love to know what you think, found any bugs, ideas on what can be improved or groups you know that could benifit from such a tool, let me know, just reply to this message, cheers,  Lukas,   AGrowingCommunity.org.', '2009-09-14 08:39:29'),
(166, 51, 51, 'Hi, Thanks for checking out the site, its a work in progress at the moment as we work with local groups to sort out little issues, and improve the current features before an offical releas,   So Id love to know what you think, found any bugs, ideas on what can be improved or groups you know that could benifit from such a tool, let me know, just reply to this message, cheers,  Lukas,   AGrowingCommunity.org.', '2009-09-27 04:41:10'),
(167, 128, 51, 'Hi Lukas,\nConsider this a test for functionality of replying to a msg in my inbox.  Pls write me a response.\nWill be in touch soon.', '2009-09-27 05:00:04'),
(168, 128, 51, 'Hmm, this is interesting functionality.  After I send u the msg, another reply box appears.  it''s nearly more like a blogg response.  Anyway. not sure if this is intended or desirable.  I would have thought that after I click send I would be taken back to the inbox.', '2009-09-27 05:01:17'),
(169, 51, 52, 'Hi, Thanks for checking out the site, its a work in progress at the moment as we work with local groups to sort out little issues, and improve the current features before an offical releas,   So Id love to know what you think, found any bugs, ideas on what can be improved or groups you know that could benifit from such a tool, let me know, just reply to this message, cheers,  Lukas,   AGrowingCommunity.org.', '2009-09-30 14:07:48'),
(170, 51, 53, 'Hi, Thanks for checking out the site, its a work in progress at the moment as we work with local groups to sort out little issues, and improve the current features before an offical releas,   So Id love to know what you think, found any bugs, ideas on what can be improved or groups you know that could benifit from such a tool, let me know, just reply to this message, cheers,  Lukas,   AGrowingCommunity.org.', '2009-09-30 14:07:50'),
(171, 51, 54, 'Hi, Thanks for checking out the site, its a work in progress at the moment as we work with local groups to sort out little issues, and improve the current features before an offical releas,   So Id love to know what you think, found any bugs, ideas on what can be improved or groups you know that could benifit from such a tool, let me know, just reply to this message, cheers,  Lukas,   AGrowingCommunity.org.', '2009-09-30 14:10:12'),
(172, 51, 55, 'Hi, Thanks for checking out the site, its a work in progress at the moment as we work with local groups to sort out little issues, and improve the current features before an offical releas,   So Id love to know what you think, found any bugs, ideas on what can be improved or groups you know that could benifit from such a tool, let me know, just reply to this message, cheers,  Lukas,   AGrowingCommunity.org.', '2009-09-30 14:12:29'),
(173, 51, 51, 'sorry didn''t get back to you sooner...  this week has turned out crazy...', '2009-10-01 05:21:54'),
(174, 51, 51, 'but in terms of functionality, this is how facebook does it, so i just copied it for the time being, will talk tonight...', '2009-10-01 05:22:32'),
(175, 51, 49, 'test', '2009-10-02 02:02:22'),
(176, 51, 56, 'Hi, Thanks for checking out the site, its a work in progress at the moment as we work with local groups to sort out little issues, and improve the current features before an offical releas,   So Id love to know what you think, found any bugs, ideas on what can be improved or groups you know that could benifit from such a tool, let me know, just reply to this message, cheers,  Lukas,   AGrowingCommunity.org.', '2009-10-02 06:30:39'),
(177, 51, 57, 'Hi, Thanks for checking out the site, its a work in progress at the moment as we work with local groups to sort out little issues, and improve the current features before an offical releas,   So Id love to know what you think, found any bugs, ideas on what can be improved or groups you know that could benifit from such a tool, let me know, just reply to this message, cheers,  Lukas,   AGrowingCommunity.org.', '2009-10-02 06:35:14'),
(178, 51, 58, 'Hi, Thanks for checking out the site, its a work in progress at the moment as we work with local groups to sort out little issues, and improve the current features before an offical releas,   So Id love to know what you think, found any bugs, ideas on what can be improved or groups you know that could benifit from such a tool, let me know, just reply to this message, cheers,  Lukas,   AGrowingCommunity.org.', '2009-10-05 00:40:08'),
(179, 51, 59, 'Hi, Thanks for checking out the site, its a work in progress at the moment as we work with local groups to sort out little issues, and improve the current features before an offical releas,   So Id love to know what you think, found any bugs, ideas on what can be improved or groups you know that could benifit from such a tool, let me know, just reply to this message, cheers,  Lukas,   AGrowingCommunity.org.', '2009-10-26 10:51:46'),
(180, 51, 60, 'Hi, Thanks for checking out the site, its a work in progress at the moment as we work with local groups to sort out little issues, and improve the current features before an offical releas,   So Id love to know what you think, found any bugs, ideas on what can be improved or groups you know that could benifit from such a tool, let me know, just reply to this message, cheers,  Lukas,   AGrowingCommunity.org.', '2009-11-16 21:03:28'),
(181, 51, 61, 'Hi, Thanks for checking out the site, its a work in progress at the moment as we work with local groups to sort out little issues, and improve the current features before an offical releas,   So Id love to know what you think, found any bugs, ideas on what can be improved or groups you know that could benifit from such a tool, let me know, just reply to this message, cheers,  Lukas,   AGrowingCommunity.org.', '2009-11-22 12:47:08'),
(182, 51, 62, 'Hi, Thanks for checking out the site, its a work in progress at the moment as we work with local groups to sort out little issues, and improve the current features before an offical releas,   So Id love to know what you think, found any bugs, ideas on what can be improved or groups you know that could benifit from such a tool, let me know, just reply to this message, cheers,  Lukas,   AGrowingCommunity.org.', '2010-01-25 02:30:01'),
(183, 51, 63, 'Hi, Thanks for checking out the site, its a work in progress at the moment as we work with local groups to sort out little issues, and improve the current features before an offical releas,   So Id love to know what you think, found any bugs, ideas on what can be improved or groups you know that could benifit from such a tool, let me know, just reply to this message, cheers,  Lukas,   AGrowingCommunity.org.', '2010-01-26 20:55:42'),
(184, 51, 64, 'Hi, Thanks for checking out the site, its a work in progress at the moment as we work with local groups to sort out little issues, and improve the current features before an offical releas,   So Id love to know what you think, found any bugs, ideas on what can be improved or groups you know that could benifit from such a tool, let me know, just reply to this message, cheers,  Lukas,   AGrowingCommunity.org.', '2010-02-18 07:47:16'),
(185, 51, 65, 'Hi, Thanks for checking out the site, its a work in progress at the moment as we work with local groups to sort out little issues, and improve the current features before an offical releas,   So Id love to know what you think, found any bugs, ideas on what can be improved or groups you know that could benifit from such a tool, let me know, just reply to this message, cheers,  Lukas,   AGrowingCommunity.org.', '2010-04-01 01:21:53'),
(186, 51, 66, 'Hi, Thanks for checking out the site, its a work in progress at the moment as we work with local groups to sort out little issues, and improve the current features before an offical releas,   So Id love to know what you think, found any bugs, ideas on what can be improved or groups you know that could benifit from such a tool, let me know, just reply to this message, cheers,  Lukas,   VictoriaMyCommunity.org.', '2010-04-26 00:22:05'),
(187, 51, 67, 'Hi, Thanks for checking out the site, its a work in progress at the moment as we work with local groups to sort out little issues, and improve the current features before an offical releas,   So Id love to know what you think, found any bugs, ideas on what can be improved or groups you know that could benifit from such a tool, let me know, just reply to this message, cheers,  Lukas,   VictoriaMyCommunity.org.', '2010-04-26 03:18:55'),
(188, 51, 68, 'Hi, Thanks for checking out the site, its a work in progress at the moment as we work with local groups to sort out little issues, and improve the current features before an offical releas,   So Id love to know what you think, found any bugs, ideas on what can be improved or groups you know that could benifit from such a tool, let me know, just reply to this message, cheers,  Lukas,   VictoriaMyCommunity.org.', '2010-05-10 16:20:38'),
(189, 51, 69, 'Hi, Thanks for checking out the site, its a work in progress at the moment as we work with local groups to sort out little issues, and improve the current features before an offical releas,   So Id love to know what you think, found any bugs, ideas on what can be improved or groups you know that could benifit from such a tool, let me know, just reply to this message, cheers,  Lukas,   VictoriaMyCommunity.org.', '2010-05-12 21:27:54'),
(190, 51, 70, 'Hi, Thanks for checking out the site, its a work in progress at the moment as we work with local groups to sort out little issues, and improve the current features before an offical releas,   So Id love to know what you think, found any bugs, ideas on what can be improved or groups you know that could benifit from such a tool, let me know, just reply to this message, cheers,  Lukas,   VictoriaMyCommunity.org.', '2010-05-13 05:41:40'),
(191, 51, 71, 'Hi, Thanks for checking out the site, its a work in progress at the moment as we work with local groups to sort out little issues, and improve the current features before an offical releas,   So Id love to know what you think, found any bugs, ideas on what can be improved or groups you know that could benifit from such a tool, let me know, just reply to this message, cheers,  Lukas,   VictoriaMyCommunity.org.', '2010-05-18 05:03:16'),
(192, 51, 72, 'Hi, Thanks for checking out the site, its a work in progress at the moment as we work with local groups to sort out little issues, and improve the current features before an offical releas,   So Id love to know what you think, found any bugs, ideas on what can be improved or groups you know that could benifit from such a tool, let me know, just reply to this message, cheers,  Lukas,   VictoriaMyCommunity.org.', '2010-05-18 06:24:26'),
(193, 51, 73, 'Hi, Thanks for checking out the site, its a work in progress at the moment as we work with local groups to sort out little issues, and improve the current features before an offical releas,   So Id love to know what you think, found any bugs, ideas on what can be improved or groups you know that could benifit from such a tool, let me know, just reply to this message, cheers,  Lukas,   VictoriaMyCommunity.org.', '2010-05-20 03:10:18'),
(194, 51, 74, 'Hi, Thanks for checking out the site, its a work in progress at the moment as we work with local groups to sort out little issues, and improve the current features before an offical releas,   So Id love to know what you think, found any bugs, ideas on what can be improved or groups you know that could benifit from such a tool, let me know, just reply to this message, cheers,  Lukas,   VictoriaMyCommunity.org.', '2010-05-20 06:49:35'),
(195, 51, 75, 'Hi, Thanks for checking out the site, its a work in progress at the moment as we work with local groups to sort out little issues, and improve the current features before an offical releas,   So Id love to know what you think, found any bugs, ideas on what can be improved or groups you know that could benifit from such a tool, let me know, just reply to this message, cheers,  Lukas,   VictoriaMyCommunity.org.', '2010-05-20 06:54:17'),
(196, 51, 76, 'Hi, Thanks for checking out the site, its a work in progress at the moment as we work with local groups to sort out little issues, and improve the current features before an offical releas,   So Id love to know what you think, found any bugs, ideas on what can be improved or groups you know that could benifit from such a tool, let me know, just reply to this message, cheers,  Lukas,   VictoriaMyCommunity.org.', '2010-05-20 07:00:02'),
(197, 51, 77, 'Hi, Thanks for checking out the site, its a work in progress at the moment as we work with local groups to sort out little issues, and improve the current features before an offical releas,   So Id love to know what you think, found any bugs, ideas on what can be improved or groups you know that could benifit from such a tool, let me know, just reply to this message, cheers,  Lukas,   VictoriaMyCommunity.org.', '2010-05-20 09:32:35'),
(198, 51, 78, 'Hi, Thanks for signing up for the site.\n					\n					To get started, you can click on the home button up the top left, and then enter the address of the area\n					you''e interested in..\n					\n					We''d also appretiate your feedback, or any ideas you have.  Please feel free to tell us what you think by replying below.\n					\n					cheers, victoriamycommunity.org', '2010-05-20 09:34:25'),
(199, 51, 79, 'Hi, Thanks for signing up for the site.  To get started, you can click on the home button up the top left, and then enter the address of the area\n					you''e interested in.  We''d also appretiate your feedback, or any ideas you have.  Please feel free to tell us what you think by replying to this message, cheers, victoriamycommunity.org', '2010-05-20 09:54:52'),
(200, 51, 80, 'Hi, Thanks for signing up for the site.  To get started, you can click on the home button up the top left, and then enter the address of the area\n					you''e interested in.  We''d also appretiate your feedback, or any ideas you have.  Please feel free to tell us what you think by replying to this message, cheers, victoriamycommunity.org', '2010-05-20 10:16:32'),
(201, 155, 80, 'greate', '2010-05-20 10:17:22'),
(202, 155, 80, 'greate', '2010-05-20 10:17:23'),
(203, 51, 81, 'Hi, Thanks for signing up for the site.  To get started, you can click on the home button up the top left, and then enter the address of the area\n					you''e interested in.  We''d also appretiate your feedback, or any ideas you have.  Please feel free to tell us what you think by replying to this message, cheers, victoriamycommunity.org', '2010-05-20 13:46:23'),
(204, 51, 82, 'Hi, Thanks for signing up for the site.  To get started, you can click on the home button up the top left, and then enter the address of the area\n					you''e interested in.  We''d also appretiate your feedback, or any ideas you have.  Please feel free to tell us what you think by replying to this message, cheers, victoriamycommunity.org', '2010-05-24 01:00:49'),
(205, 51, 83, 'Hi, Thanks for signing up for the site.  To get started, you can click on the home button up the top left, and then enter the address of the area\n					you''e interested in.  We''d also appretiate your feedback, or any ideas you have.  Please feel free to tell us what you think by replying to this message, cheers, victoriamycommunity.org', '2010-05-24 05:46:09'),
(206, 51, 84, 'Hi, Thanks for signing up for the site.  To get started, you can click on the home button up the top left, and then enter the address of the area\n					you''e interested in.  We''d also appretiate your feedback, or any ideas you have.  Please feel free to tell us what you think by replying to this message, cheers, victoriamycommunity.org', '2010-06-02 03:41:43'),
(207, 51, 85, 'Hi, Thanks for signing up for the site.  To get started, you can click on the home button up the top left, and then enter the address of the area\n					you''e interested in.  We''d also appretiate your feedback, or any ideas you have.  Please feel free to tell us what you think by replying to this message, cheers, victoriamycommunity.org', '2010-06-17 03:44:51'),
(208, 51, 86, 'Hi, Thanks for signing up for the site.  To get started, you can click on the home button up the top left, and then enter the address of the area\n					you''e interested in.  We''d also appretiate your feedback, or any ideas you have.  Please feel free to tell us what you think by replying to this message, cheers, victoriamycommunity.org', '2010-06-23 14:30:34'),
(209, 51, 87, 'Hi, Thanks for signing up for the site.  To get started, you can click on the home button up the top left, and then enter the address of the area\n					you''e interested in.  We''d also appretiate your feedback, or any ideas you have.  Please feel free to tell us what you think by replying to this message, cheers, victoriamycommunity.org', '2010-06-28 00:35:38'),
(210, 51, 88, 'Hi, Thanks for signing up for the site.  To get started, you can click on the home button up the top left, and then enter the address of the area\n					you''e interested in.  We''d also appretiate your feedback, or any ideas you have.  Please feel free to tell us what you think by replying to this message, cheers, victoriamycommunity.org', '2010-06-28 01:30:22'),
(211, 163, 88, 'Hi,\nI''m confused.... one has to set up a separate registration for the sharehood and for the community map??  Its not the same username and password etc?\n\nI just re-registered as while I registered previously and wrote down my password, username etc the system keeps telling me that I''m entering something wrong.... and I didn''t see a way on the community map to change one''s password etc.   Anyhow, think most people would find it confusing that you sign onto the sharehood and then access the community map, and then have to sign on all over again....complicated. \nthx for listening -- perhaps everyone else is more computer savvy than I...?\n\nSasha ', '2010-06-28 01:34:52'),
(212, 163, 88, 'Hi again ~ have figured out after looking over "plug-ins" that you are not really a part of sharehood ~  but am still wondering if there''s some way to retrieve my "other" registration info associated with email address urchinblue@aol.com.  \n\nthx!  ', '2010-06-28 01:42:30'),
(213, 163, 88, 'Hi again ~ have figured out after looking over "plug-ins" that you are not really a part of sharehood ~  but am still wondering if there''s some way to retrieve my "other" registration info associated with email address urchinblue@aol.com.  \n\nthx!  ', '2010-06-28 01:42:50'),
(214, 163, 88, 'Hi again ~ have figured out after looking over "plug-ins" that you are not really a part of sharehood ~  but am still wondering if there''s some way to retrieve my "other" registration info associated with email address urchinblue@aol.com.  \n\nthx!  ', '2010-06-28 01:43:59'),
(215, 163, 88, 'Hi again ~ have figured out after looking over "plug-ins" that you are not really a part of sharehood ~  but am still wondering if there''s some way to retrieve my "other" registration info associated with email address urchinblue@aol.com.  \n\nthx!  ', '2010-06-28 01:44:00'),
(216, 163, 88, 'Hi again ~ have figured out after looking over "plug-ins" that you are not really a part of sharehood ~  but am still wondering if there''s some way to retrieve my "other" registration info associated with email address urchinblue@aol.com.  \n\nthx!  ', '2010-06-28 01:44:00'),
(217, 163, 88, 'Hi again ~ have figured out after looking over "plug-ins" that you are not really a part of sharehood ~  but am still wondering if there''s some way to retrieve my "other" registration info associated with email address urchinblue@aol.com.  \n\nthx!  ', '2010-06-28 01:44:01'),
(218, 163, 88, 'Hi again ~ have figured out after looking over "plug-ins" that you are not really a part of sharehood ~  but am still wondering if there''s some way to retrieve my "other" registration info associated with email address urchinblue@aol.com.  \n\nthx!  ', '2010-06-28 01:44:01'),
(219, 163, 88, 'Hi again ~ have figured out after looking over plug-ins that you are not really a part of sharehood ~  but am still wondering if theres some way to retrieve my other registration info associated with email address urchinblue@aol.com.  \r\n\r\nthx!  ', '2010-07-16 05:32:50'),
(220, 51, 89, 'Hi, Thanks for signing up for the site.  To get started, you can click on the home button up the top left, and then enter the address of the area\n					you''e interested in.  We''d also appretiate your feedback, or any ideas you have.  Please feel free to tell us what you think by replying to this message, cheers, victoriamycommunity.org', '2010-06-29 03:45:36'),
(221, 51, 90, 'Hi, Thanks for signing up for the site.  To get started, you can click on the home button up the top left, and then enter the address of the area\n					you''e interested in.  We''d also appretiate your feedback, or any ideas you have.  Please feel free to tell us what you think by replying to this message, cheers, victoriamycommunity.org', '2010-07-01 20:38:33'),
(222, 51, 91, 'Hi, Thanks for signing up for the site.  To get started, you can click on the home button up the top left, and then enter the address of the area\n					you''e interested in.  We''d also appretiate your feedback, or any ideas you have.  Please feel free to tell us what you think by replying to this message, cheers, victoriamycommunity.org', '2010-07-05 04:44:34'),
(223, 51, 92, 'Hi, Thanks for signing up for the site.  To get started, you can click on the home button up the top left, and then enter the address of the area\n					you''e interested in.  We''d also appretiate your feedback, or any ideas you have.  Please feel free to tell us what you think by replying to this message, cheers, victoriamycommunity.org', '2010-07-05 11:20:53'),
(224, 51, 93, 'Hi, Thanks for signing up for the site.  To get started, you can click on the home button up the top left, and then enter the address of the area\n					you''e interested in.  We''d also appretiate your feedback, or any ideas you have.  Please feel free to tell us what you think by replying to this message, cheers, victoriamycommunity.org', '2010-07-07 13:32:53'),
(225, 51, 94, 'Hi, Thanks for signing up for the site.  To get started, you can click on the home button up the top left, and then enter the address of the area\n					you''e interested in.  We''d also appretiate your feedback, or any ideas you have.  Please feel free to tell us what you think by replying to this message, cheers, victoriamycommunity.org', '2010-07-14 04:21:33'),
(226, 51, 95, 'Hi, Thanks for signing up for the site.  To get started, you can click on the home button up the top left, and then enter the address of the area\n					you''e interested in.  We''d also appretiate your feedback, or any ideas you have.  Please feel free to tell us what you think by replying to this message, cheers, victoriamycommunity.org', '2010-07-14 07:51:33'),
(227, 51, 96, 'Hi, Thanks for signing up for the site.  To get started, you can click on the home button up the top left, and then enter the address of the area\n					you''e interested in.  We''d also appretiate your feedback, or any ideas you have.  Please feel free to tell us what you think by replying to this message, cheers, victoriamycommunity.org', '2010-07-19 16:28:41'),
(228, 51, 97, 'Hi, Thanks for signing up for the site.  To get started, you can click on the home button up the top left, and then enter the address of the area\n					you''e interested in.  We''d also appretiate your feedback, or any ideas you have.  Please feel free to tell us what you think by replying to this message, cheers, victoriamycommunity.org', '2010-08-02 05:40:59'),
(229, 51, 98, 'Hi, Thanks for signing up for the site.  To get started, you can click on the home button up the top left, and then enter the address of the area\n					you''e interested in.  We''d also appretiate your feedback, or any ideas you have.  Please feel free to tell us what you think by replying to this message, cheers, victoriamycommunity.org', '2010-08-13 07:37:06'),
(230, 173, 98, 'Looks amazing. I am glad that this information will be centrally collected, there are so many wonderful and creative projects going on and while there are a few really good mapping sites, it would be great to integrate them. Keep the unique neighbourhood feel and really show off that local knowledge/knowhow but have it cross referenced/centrally stored.\n\nCheers,\n\nAlicia', '2010-08-13 07:48:30'),
(231, 51, 99, 'Hi, Thanks for signing up for the site.  To get started, you can click on the home button up the top left, and then enter the address of the area\n					you''e interested in.  We''d also appretiate your feedback, or any ideas you have.  Please feel free to tell us what you think by replying to this message, cheers, victoriamycommunity.org', '2010-08-17 03:09:09'),
(232, 51, 100, 'Hi, Thanks for signing up for the site.  To get started, you can click on the home button up the top left, and then enter the address of the area\n					you''e interested in.  We''d also appretiate your feedback, or any ideas you have.  Please feel free to tell us what you think by replying to this message, cheers, victoriamycommunity.org', '2010-09-04 01:46:23'),
(233, 51, 101, 'Hi, Thanks for signing up for the site.  To get started, you can click on the home button up the top left, and then enter the address of the area\n					you''e interested in.  We''d also appretiate your feedback, or any ideas you have.  Please feel free to tell us what you think by replying to this message, cheers, victoriamycommunity.org', '2010-09-07 05:33:39'),
(234, 51, 102, 'Hi, Thanks for signing up for the site.  To get started, you can click on the home button up the top left, and then enter the address of the area\n					you''e interested in.  We''d also appretiate your feedback, or any ideas you have.  Please feel free to tell us what you think by replying to this message, cheers, victoriamycommunity.org', '2010-09-28 10:18:41'),
(235, 51, 103, 'Hi, Thanks for signing up for the site.  To get started, you can click on the home button up the top left, and then enter the address of the area\n					you''e interested in.  We''d also appretiate your feedback, or any ideas you have.  Please feel free to tell us what you think by replying to this message, cheers, victoriamycommunity.org', '2010-09-28 22:04:17'),
(236, 51, 104, 'Hi, Thanks for signing up for the site.  To get started, you can click on the home button up the top left, and then enter the address of the area\n					you''e interested in.  We''d also appretiate your feedback, or any ideas you have.  Please feel free to tell us what you think by replying to this message, cheers, victoriamycommunity.org', '2010-10-15 01:36:22'),
(237, 51, 105, 'Hi, Thanks for signing up for the site.  To get started, you can click on the home button up the top left, and then enter the address of the area\n					you''e interested in.  We''d also appretiate your feedback, or any ideas you have.  Please feel free to tell us what you think by replying to this message, cheers, victoriamycommunity.org', '2010-10-26 01:01:45'),
(238, 51, 106, 'Hi, Thanks for signing up for the site.  To get started, you can click on the home button up the top left, and then enter the address of the area\n					you''e interested in.  We''d also appretiate your feedback, or any ideas you have.  Please feel free to tell us what you think by replying to this message, cheers, victoriamycommunity.org', '2010-11-18 01:33:16'),
(239, 51, 107, 'Hi, Thanks for signing up for the site.  To get started, you can click on the home button up the top left, and then enter the address of the area\n					you''e interested in.  We''d also appretiate your feedback, or any ideas you have.  Please feel free to tell us what you think by replying to this message, cheers, victoriamycommunity.org', '2010-11-22 10:53:06'),
(240, 51, 108, 'Hi, Thanks for signing up for the site.  To get started, you can click on the home button up the top left, and then enter the address of the area\n					you''e interested in.  We''d also appretiate your feedback, or any ideas you have.  Please feel free to tell us what you think by replying to this message, cheers, victoriamycommunity.org', '2010-12-21 03:09:03'),
(241, 51, 109, 'Hi, Thanks for signing up for the site.  To get started, you can click on the home button up the top left, and then enter the address of the area\n					you''e interested in.  We''d also appretiate your feedback, or any ideas you have.  Please feel free to tell us what you think by replying to this message, cheers, victoriamycommunity.org', '2011-01-16 06:32:19'),
(242, 51, 110, 'Hi, Thanks for signing up for the site.  To get started, you can click on the home button up the top left, and then enter the address of the area\n					you''e interested in.  We''d also appretiate your feedback, or any ideas you have.  Please feel free to tell us what you think by replying to this message, cheers, victoriamycommunity.org', '2011-02-02 03:27:53'),
(243, 51, 111, 'Hi, Thanks for signing up for the site.  To get started, you can click on the home button up the top left, and then enter the address of the area\n					you''e interested in.  We''d also appretiate your feedback, or any ideas you have.  Please feel free to tell us what you think by replying to this message, cheers, victoriamycommunity.org', '2011-02-21 21:44:33'),
(244, 51, 112, 'Hi, Thanks for signing up for the site.  To get started, you can click on the home button up the top left, and then enter the address of the area\n					you''e interested in.  We''d also appretiate your feedback, or any ideas you have.  Please feel free to tell us what you think by replying to this message, cheers, victoriamycommunity.org', '2011-03-27 00:04:59'),
(245, 51, 113, 'Hi, Thanks for signing up for the site.  To get started, you can click on the home button up the top left, and then enter the address of the area\n					you''e interested in.  We''d also appretiate your feedback, or any ideas you have.  Please feel free to tell us what you think by replying to this message, cheers, victoriamycommunity.org', '2011-04-08 15:24:03'),
(246, 51, 114, 'Hi, Thanks for signing up for the site.  To get started, you can click on the home button up the top left, and then enter the address of the area\n					you''e interested in.  We''d also appretiate your feedback, or any ideas you have.  Please feel free to tell us what you think by replying to this message, cheers, victoriamycommunity.org', '2011-04-16 12:16:19'),
(247, 51, 115, 'Hi, Thanks for signing up for the site.  To get started, you can click on the home button up the top left, and then enter the address of the area\n					you''e interested in.  We''d also appretiate your feedback, or any ideas you have.  Please feel free to tell us what you think by replying to this message, cheers, victoriamycommunity.org', '2011-04-22 13:37:03'),
(248, 51, 116, 'Hi, Thanks for signing up for the site.  To get started, you can click on the home button up the top left, and then enter the address of the area\n					you''e interested in.  We''d also appretiate your feedback, or any ideas you have.  Please feel free to tell us what you think by replying to this message, cheers, victoriamycommunity.org', '2011-06-09 00:36:09'),
(249, 51, 117, 'Hi, Thanks for signing up for the site.  To get started, you can click on the home button up the top left, and then enter the address of the area\n					you''e interested in.  We''d also appretiate your feedback, or any ideas you have.  Please feel free to tell us what you think by replying to this message, cheers, victoriamycommunity.org', '2011-07-04 14:49:48'),
(250, 51, 118, 'Hi, Thanks for signing up for the site.  To get started, you can click on the home button up the top left, and then enter the address of the area\n					you''e interested in.  We''d also appretiate your feedback, or any ideas you have.  Please feel free to tell us what you think by replying to this message, cheers, victoriamycommunity.org', '2011-07-28 04:16:38'),
(251, 191, 118, 'love', '2011-07-28 04:25:49'),
(252, 51, 119, 'Hi, Thanks for signing up for the site.  To get started, you can click on the home button up the top left, and then enter the address of the area\n					you''e interested in.  We''d also appretiate your feedback, or any ideas you have.  Please feel free to tell us what you think by replying to this message, cheers, victoriamycommunity.org', '2011-08-06 09:12:42'),
(253, 51, 120, 'Hi, Thanks for signing up for the site.  To get started, you can click on the home button up the top left, and then enter the address of the area\n					you''e interested in.  We''d also appretiate your feedback, or any ideas you have.  Please feel free to tell us what you think by replying to this message, cheers, victoriamycommunity.org', '2011-08-10 12:53:23'),
(254, 51, 121, 'Hi, Thanks for signing up for the site.  To get started, you can click on the home button up the top left, and then enter the address of the area\n					you''e interested in.  We''d also appretiate your feedback, or any ideas you have.  Please feel free to tell us what you think by replying to this message, cheers, victoriamycommunity.org', '2011-09-29 12:36:37'),
(255, 51, 122, 'Hi, Thanks for signing up for the site.  To get started, you can click on the home button up the top left, and then enter the address of the area\n					you''e interested in.  We''d also appretiate your feedback, or any ideas you have.  Please feel free to tell us what you think by replying to this message, cheers, victoriamycommunity.org', '2011-10-08 03:42:12'),
(256, 51, 123, 'Hi, Thanks for signing up for the site.  To get started, you can click on the home button up the top left, and then enter the address of the area\n					you''e interested in.  We''d also appretiate your feedback, or any ideas you have.  Please feel free to tell us what you think by replying to this message, cheers, victoriamycommunity.org', '2011-10-25 00:56:28'),
(257, 51, 124, 'Hi, Thanks for signing up for the site.  To get started, you can click on the home button up the top left, and then enter the address of the area\n					you''e interested in.  We''d also appretiate your feedback, or any ideas you have.  Please feel free to tell us what you think by replying to this message, cheers, victoriamycommunity.org', '2011-10-25 21:56:28');
INSERT INTO `conversation_message` (`conversation_message_id`, `user_id`, `conversation_id`, `message`, `timestamp`) VALUES
(258, 51, 125, 'Hi, Thanks for signing up for the site.  To get started, you can click on the home button up the top left, and then enter the address of the area\n					you''e interested in.  We''d also appretiate your feedback, or any ideas you have.  Please feel free to tell us what you think by replying to this message, cheers, victoriamycommunity.org', '2011-10-26 05:24:33'),
(259, 51, 126, 'Hi, Thanks for signing up for the site.  To get started, you can click on the home button up the top left, and then enter the address of the area\n					you''e interested in.  We''d also appretiate your feedback, or any ideas you have.  Please feel free to tell us what you think by replying to this message, cheers, victoriamycommunity.org', '2011-11-14 04:45:22'),
(260, 51, 127, 'Hi, Thanks for signing up for the site.  To get started, you can click on the home button up the top left, and then enter the address of the area\n					you''e interested in.  We''d also appretiate your feedback, or any ideas you have.  Please feel free to tell us what you think by replying to this message, cheers, victoriamycommunity.org', '2011-11-18 04:01:22'),
(261, 51, 128, 'Hi, Thanks for signing up for the site.  To get started, you can click on the home button up the top left, and then enter the address of the area\n					you''e interested in.  We''d also appretiate your feedback, or any ideas you have.  Please feel free to tell us what you think by replying to this message, cheers, victoriamycommunity.org', '2012-01-06 12:48:09'),
(262, 51, 129, 'Hi, Thanks for signing up for the site.  To get started, you can click on the home button up the top left, and then enter the address of the area\n					you''e interested in.  We''d also appretiate your feedback, or any ideas you have.  Please feel free to tell us what you think by replying to this message, cheers, victoriamycommunity.org', '2012-02-13 06:18:04'),
(263, 51, 130, 'Hi, Thanks for signing up for the site.  To get started, you can click on the home button up the top left, and then enter the address of the area\n					you''e interested in.  We''d also appretiate your feedback, or any ideas you have.  Please feel free to tell us what you think by replying to this message, cheers, victoriamycommunity.org', '2012-04-12 02:40:39'),
(264, 51, 131, 'Hi, Thanks for signing up for the site.  To get started, you can click on the home button up the top left, and then enter the address of the area\n					you''e interested in.  We''d also appretiate your feedback, or any ideas you have.  Please feel free to tell us what you think by replying to this message, cheers, victoriamycommunity.org', '2012-05-14 00:58:03'),
(265, 51, 132, 'Hi, Thanks for signing up for the site.  To get started, you can click on the home button up the top left, and then enter the address of the area\n					you''e interested in.  We''d also appretiate your feedback, or any ideas you have.  Please feel free to tell us what you think by replying to this message, cheers, victoriamycommunity.org', '2012-07-29 04:15:06'),
(266, 203, 132, 'thanks a million Lukas!', '2012-07-29 04:17:47'),
(267, 51, 118, 'thanks for the love!', '2012-08-06 03:44:28'),
(268, 51, 133, 'Hi, Thanks for signing up for the site.  To get started, you can click on the home button up the top left, and then enter the address of the area\n					you''e interested in.  We''d also appretiate your feedback, or any ideas you have.  Please feel free to tell us what you think by replying to this message, cheers, victoriamycommunity.org', '2012-08-28 01:03:57'),
(269, 51, 134, 'Hi, Thanks for signing up for the site.  To get started, you can click on the home button up the top left, and then enter the address of the area\n					you''e interested in.  We''d also appretiate your feedback, or any ideas you have.  Please feel free to tell us what you think by replying to this message, cheers, victoriamycommunity.org', '2012-09-06 04:08:55'),
(270, 205, 134, 'Hi Lukas\nWhat a wonderful page! I am very happy to discover this. I hope that it becomes very popular. I think I will add a few tags. I found the map because I am studying GIS and am a passionate vegetable gardener. I want to map all of the potential land for urban agriculture, divided into Municipalities, in the hope of inspring communities, reducing food miles and creating happiness. I have also made a small preliminary map of existing sites with links, before I knew about this or the VEIL map. It is just a small test map. Would you like to see it? I am wondering, when the VictoriaMyCommunity becomes heavily used with a lot of placetags added, will the placetags overpower the map? or will you make them smaller/scale sensitive? Great project! Let me know if you are intersted in looking at my little map and I will send it. Its only a HTML file at this stage. Mu number is 0408553217\nAlison Lobbe', '2012-09-06 05:08:49'),
(271, 205, 134, 'oh and my regular email is alisonlobbe@gmail.com', '2012-09-06 05:12:04'),
(272, 51, 135, 'Hi, Thanks for signing up for the site.  To get started, you can click on the home button up the top left, and then enter the address of the area\n					you''e interested in.  We''d also appretiate your feedback, or any ideas you have.  Please feel free to tell us what you think by replying to this message, cheers, victoriamycommunity.org', '2012-09-24 03:08:01');

-- --------------------------------------------------------

--
-- Table structure for table `conversation_to_user`
--

DROP TABLE IF EXISTS `conversation_to_user`;
CREATE TABLE IF NOT EXISTS `conversation_to_user` (
  `conversation_to_user_id` int(11) NOT NULL AUTO_INCREMENT,
  `user_id` int(11) NOT NULL,
  `conversation_id` int(11) NOT NULL,
  `read_flag` tinyint(1) NOT NULL,
  `deleted` tinyint(4) NOT NULL DEFAULT '0',
  PRIMARY KEY (`conversation_to_user_id`),
  KEY `user_id` (`user_id`,`conversation_id`)
) ENGINE=MyISAM  DEFAULT CHARSET=latin1 AUTO_INCREMENT=263 ;

--
-- Dumping data for table `conversation_to_user`
--

INSERT INTO `conversation_to_user` (`conversation_to_user_id`, `user_id`, `conversation_id`, `read_flag`, `deleted`) VALUES
(1, 51, 1, 1, 1),
(2, 53, 1, 0, 0),
(3, 51, 2, 1, 1),
(4, 54, 2, 0, 0),
(5, 51, 7, 1, 1),
(6, 52, 7, 0, 0),
(7, 51, 8, 1, 1),
(8, 52, 8, 0, 0),
(9, 51, 9, 1, 1),
(10, 52, 9, 0, 0),
(11, 51, 10, 1, 1),
(12, 52, 10, 0, 0),
(13, 51, 11, 1, 1),
(14, 52, 11, 0, 0),
(15, 51, 12, 1, 1),
(16, 52, 12, 0, 0),
(17, 51, 13, 1, 1),
(18, 52, 13, 0, 0),
(19, 51, 14, 1, 1),
(20, 52, 14, 0, 0),
(21, 51, 15, 1, 1),
(22, 52, 15, 0, 0),
(23, 62, 16, 1, 1),
(24, 51, 16, 1, 1),
(25, 51, 17, 1, 1),
(26, 52, 17, 0, 0),
(27, 66, 18, 0, 1),
(28, 51, 18, 1, 1),
(29, 51, 19, 1, 1),
(30, 0, 19, 0, 0),
(31, 66, 20, 1, 1),
(32, 0, 20, 0, 0),
(33, 66, 21, 1, 1),
(34, 0, 21, 0, 0),
(35, 51, 22, 1, 1),
(36, 0, 22, 0, 0),
(37, 66, 23, 1, 0),
(38, 0, 23, 0, 0),
(39, 51, 24, 1, 1),
(40, 0, 24, 0, 0),
(41, 51, 25, 1, 0),
(42, 66, 25, 1, 0),
(43, 51, 26, 1, 1),
(44, 53, 26, 0, 0),
(45, 51, 27, 1, 1),
(46, 51, 27, 1, 1),
(47, 51, 28, 1, 1),
(48, 53, 28, 0, 0),
(49, 51, 29, 1, 0),
(50, 53, 29, 0, 0),
(51, 51, 30, 1, 1),
(52, 51, 30, 0, 1),
(53, 95, 31, 0, 0),
(54, 51, 31, 1, 0),
(55, 51, 32, 1, 1),
(56, 51, 32, 1, 1),
(57, 51, 33, 1, 1),
(58, 112, 33, 0, 0),
(59, 51, 34, 1, 1),
(60, 113, 34, 1, 0),
(61, 51, 35, 1, 1),
(62, 114, 35, 1, 0),
(63, 51, 36, 1, 1),
(64, 115, 36, 0, 0),
(65, 51, 37, 1, 0),
(66, 116, 37, 1, 0),
(67, 51, 38, 1, 1),
(68, 117, 38, 1, 0),
(69, 51, 39, 0, 0),
(70, 118, 39, 0, 0),
(71, 51, 40, 1, 1),
(72, 119, 40, 1, 0),
(73, 51, 41, 1, 1),
(74, 120, 41, 0, 0),
(75, 51, 42, 0, 1),
(76, 121, 42, 0, 0),
(77, 51, 43, 0, 1),
(78, 122, 43, 0, 0),
(79, 51, 44, 0, 1),
(80, 123, 44, 0, 0),
(81, 51, 45, 0, 1),
(82, 124, 45, 0, 0),
(83, 51, 46, 0, 1),
(84, 125, 46, 1, 0),
(85, 51, 47, 1, 0),
(86, 126, 47, 1, 0),
(87, 51, 48, 1, 1),
(88, 51, 48, 1, 1),
(89, 51, 49, 1, 0),
(90, 51, 49, 1, 0),
(91, 51, 50, 1, 0),
(92, 127, 50, 0, 0),
(93, 51, 51, 1, 0),
(94, 128, 51, 1, 0),
(95, 51, 52, 1, 0),
(96, 0, 52, 0, 0),
(97, 51, 53, 1, 0),
(98, 0, 53, 0, 0),
(99, 51, 54, 1, 0),
(100, 0, 54, 0, 0),
(101, 51, 55, 1, 0),
(102, 0, 55, 0, 0),
(103, 51, 56, 0, 0),
(104, 0, 56, 0, 0),
(105, 51, 57, 1, 0),
(106, 0, 57, 0, 0),
(107, 51, 58, 1, 0),
(108, 129, 58, 0, 0),
(109, 51, 59, 1, 0),
(110, 130, 59, 0, 0),
(111, 51, 60, 0, 0),
(112, 131, 60, 0, 0),
(113, 51, 61, 0, 0),
(114, 132, 61, 0, 0),
(115, 51, 62, 0, 0),
(116, 134, 62, 0, 0),
(117, 51, 63, 0, 0),
(118, 0, 63, 0, 0),
(119, 51, 64, 1, 0),
(120, 135, 64, 0, 0),
(121, 51, 65, 0, 0),
(122, 138, 65, 1, 0),
(123, 51, 66, 0, 0),
(124, 139, 66, 0, 0),
(125, 51, 67, 0, 0),
(126, 140, 67, 0, 0),
(127, 51, 68, 0, 0),
(128, 141, 68, 0, 0),
(129, 51, 69, 0, 0),
(130, 142, 69, 0, 0),
(131, 51, 70, 0, 0),
(132, 143, 70, 0, 0),
(133, 51, 71, 0, 0),
(134, 146, 71, 0, 0),
(135, 51, 72, 0, 0),
(136, 147, 72, 0, 0),
(137, 51, 73, 0, 0),
(138, 148, 73, 0, 0),
(139, 51, 74, 0, 0),
(140, 149, 74, 0, 0),
(141, 51, 75, 0, 0),
(142, 150, 75, 0, 0),
(143, 51, 76, 0, 0),
(144, 151, 76, 1, 0),
(145, 51, 77, 0, 0),
(146, 152, 77, 0, 0),
(147, 51, 78, 0, 0),
(148, 153, 78, 1, 0),
(149, 51, 79, 0, 0),
(150, 154, 79, 1, 0),
(151, 51, 80, 0, 0),
(152, 155, 80, 1, 0),
(153, 51, 81, 1, 0),
(154, 156, 81, 0, 0),
(155, 51, 82, 0, 0),
(156, 157, 82, 0, 0),
(157, 51, 83, 0, 0),
(158, 158, 83, 1, 0),
(159, 51, 84, 0, 0),
(160, 159, 84, 0, 0),
(161, 51, 85, 0, 0),
(162, 160, 85, 1, 0),
(163, 51, 86, 0, 0),
(164, 161, 86, 0, 0),
(165, 51, 87, 0, 0),
(166, 162, 87, 0, 0),
(167, 51, 88, 1, 0),
(168, 163, 88, 1, 0),
(169, 51, 89, 0, 0),
(170, 164, 89, 0, 0),
(171, 51, 90, 0, 0),
(172, 165, 90, 0, 0),
(173, 51, 91, 0, 0),
(174, 166, 91, 0, 0),
(175, 51, 92, 0, 0),
(176, 167, 92, 1, 0),
(177, 51, 93, 0, 0),
(178, 168, 93, 0, 0),
(179, 51, 94, 0, 0),
(180, 169, 94, 0, 0),
(181, 51, 95, 0, 0),
(182, 170, 95, 0, 0),
(183, 51, 96, 0, 0),
(184, 171, 96, 0, 0),
(185, 51, 97, 0, 0),
(186, 172, 97, 0, 0),
(187, 51, 98, 1, 0),
(188, 173, 98, 1, 0),
(189, 51, 99, 0, 0),
(190, 174, 99, 0, 0),
(191, 51, 100, 0, 0),
(192, 175, 100, 0, 0),
(193, 51, 101, 0, 0),
(194, 176, 101, 0, 0),
(195, 51, 102, 0, 0),
(196, 177, 102, 0, 0),
(197, 51, 103, 0, 0),
(198, 178, 103, 1, 0),
(199, 51, 104, 0, 0),
(200, 179, 104, 0, 0),
(201, 51, 105, 0, 0),
(202, 180, 105, 0, 0),
(203, 51, 106, 0, 0),
(204, 181, 106, 1, 0),
(205, 51, 107, 0, 0),
(206, 182, 107, 0, 0),
(207, 51, 108, 0, 0),
(208, 183, 108, 0, 0),
(209, 51, 109, 0, 0),
(210, 184, 109, 0, 0),
(211, 51, 110, 0, 0),
(212, 185, 110, 0, 0),
(213, 51, 111, 0, 0),
(214, 186, 111, 0, 0),
(215, 51, 112, 0, 0),
(216, 187, 112, 0, 0),
(217, 51, 113, 0, 0),
(218, 0, 113, 0, 0),
(219, 51, 114, 0, 0),
(220, 0, 114, 0, 0),
(221, 51, 115, 0, 0),
(222, 188, 115, 0, 0),
(223, 51, 116, 0, 0),
(224, 189, 116, 0, 0),
(225, 51, 117, 0, 0),
(226, 190, 117, 0, 0),
(227, 51, 118, 1, 0),
(228, 191, 118, 0, 0),
(229, 51, 119, 0, 0),
(230, 0, 119, 0, 0),
(231, 51, 120, 0, 0),
(232, 192, 120, 0, 0),
(233, 51, 121, 0, 0),
(234, 193, 121, 0, 0),
(235, 51, 122, 0, 0),
(236, 194, 122, 0, 0),
(237, 51, 123, 0, 0),
(238, 195, 123, 1, 0),
(239, 51, 124, 0, 0),
(240, 0, 124, 0, 0),
(241, 51, 125, 0, 0),
(242, 196, 125, 1, 0),
(243, 51, 126, 0, 0),
(244, 197, 126, 0, 0),
(245, 51, 127, 0, 0),
(246, 198, 127, 0, 0),
(247, 51, 128, 0, 0),
(248, 199, 128, 0, 0),
(249, 51, 129, 0, 0),
(250, 200, 129, 0, 0),
(251, 51, 130, 0, 0),
(252, 201, 130, 0, 0),
(253, 51, 131, 0, 0),
(254, 202, 131, 1, 0),
(255, 51, 132, 0, 0),
(256, 203, 132, 1, 0),
(257, 51, 133, 0, 0),
(258, 204, 133, 1, 0),
(259, 51, 134, 0, 0),
(260, 205, 134, 1, 0),
(261, 51, 135, 0, 0),
(262, 206, 135, 0, 0);

-- --------------------------------------------------------

--
-- Table structure for table `emails`
--

DROP TABLE IF EXISTS `emails`;
CREATE TABLE IF NOT EXISTS `emails` (
  `email_id` int(10) NOT NULL AUTO_INCREMENT,
  `email` varchar(100) NOT NULL,
  `timestamp` timestamp NOT NULL DEFAULT CURRENT_TIMESTAMP,
  PRIMARY KEY (`email_id`)
) ENGINE=MyISAM  DEFAULT CHARSET=latin1 AUTO_INCREMENT=65 ;

--
-- Dumping data for table `emails`
--

INSERT INTO `emails` (`email_id`, `email`, `timestamp`) VALUES
(9, 'lukasberk@gmail.com', '2008-06-13 02:45:10'),
(64, 'coco_beinz_inc@hotmail.com', '2008-11-24 10:08:58'),
(63, 'coco_beinz_inc@hotmail.com', '2008-10-01 12:54:25'),
(62, 'nmelsmith@labyrinth.net.au', '2008-09-28 11:34:02'),
(61, 'entropygravity@gmail.com', '2008-08-15 08:48:59'),
(59, 'erin.douglas@buseco.monash.edu.au', '2008-07-03 03:19:57'),
(60, 'annazmac@hotmail.com', '2008-07-22 08:57:59');

-- --------------------------------------------------------

--
-- Table structure for table `marker`
--

DROP TABLE IF EXISTS `marker`;
CREATE TABLE IF NOT EXISTS `marker` (
  `marker_id` int(7) NOT NULL AUTO_INCREMENT,
  `alt_contact_on` tinyint(1) NOT NULL DEFAULT '0',
  `alt_contact_email` varchar(50) DEFAULT NULL,
  `alt_contact_url` varchar(50) DEFAULT NULL,
  `alt_contact_text` varchar(200) NOT NULL,
  `address` varchar(255) NOT NULL DEFAULT '',
  `phone` varchar(20) NOT NULL DEFAULT '',
  `title` varchar(100) NOT NULL,
  `description` varchar(1000) NOT NULL,
  `type` varchar(20) NOT NULL,
  `subtype` varchar(20) NOT NULL,
  `subtype_id` int(11) NOT NULL,
  `lat` double NOT NULL,
  `lng` double NOT NULL,
  `www` varchar(100) DEFAULT NULL,
  `wiki` varchar(255) NOT NULL DEFAULT '',
  `rss` varchar(100) DEFAULT NULL,
  `kml_on` tinyint(1) NOT NULL,
  `datetime_on` tinyint(1) NOT NULL,
  `is_demo` char(1) NOT NULL DEFAULT 'n',
  `start_datetime` datetime DEFAULT NULL,
  `end_datetime` datetime DEFAULT NULL,
  `tags` varchar(100) DEFAULT NULL,
  `last_updated` datetime NOT NULL,
  `deleted` tinyint(1) NOT NULL,
  PRIMARY KEY (`marker_id`),
  KEY `lat` (`lat`),
  KEY `lng` (`lng`),
  KEY `subtype_id` (`subtype_id`)
) ENGINE=MyISAM  DEFAULT CHARSET=latin1 COMMENT='table of all map markers' AUTO_INCREMENT=8533 ;

--
-- Dumping data for table `marker`
--

INSERT INTO `marker` (`marker_id`, `alt_contact_on`, `alt_contact_email`, `alt_contact_url`, `alt_contact_text`, `address`, `phone`, `title`, `description`, `type`, `subtype`, `subtype_id`, `lat`, `lng`, `www`, `wiki`, `rss`, `kml_on`, `datetime_on`, `is_demo`, `start_datetime`, `end_datetime`, `tags`, `last_updated`, `deleted`) VALUES
(127, 1, '', '', '', '', '', 'Fridge (Works OK) DEMO ONLY', 'Just got a new energy efficient fridge, so dont need this one any more, still works ok, but the seal is a little broken at the bottom, but otherwise is fine       will this work?', 'resource', 'freecycle', 8, -37.794998, 144.983994, '', '', '', 0, 0, 'y', '9999-01-01 00:00:00', '9999-01-01 00:00:00', 'free', '2010-05-18 22:00:58', 0),
(7651, 1, '', 'http://www.thebikeshed.org.au/', '', '', '', 'The Bikeshed at CERES ', 'The BikeShed is a volunteer on-site group at CERES in Melbourne. Our aim is to promote cycling in the local community by teaching people how to fix their own bikes. Membership of the BikeShed is $10 per year, or $5 for students and concession card holders.', 'resource', 'bike facility', 10, -37.766308829813, 144.98346358538, 'http://www.thebikeshed.org.au/', '', '', 0, 0, 'n', '9999-01-01 00:00:00', '9999-01-01 00:00:00', '', '0000-00-00 00:00:00', 0),
(130, 0, 'undefined', '', '', '', '', 'Kitchen Table DEMO ONLY', 'square kitchen table, wooden, good condition besides a wobbly leg, would be good for someone to repair, I just don\\''t have the time to do so.  If you want it, its yours.', 'resource', 'freecycle', 8, -37.783798, 144.970993, '', '', '', 1, 0, 'y', '9999-01-01 00:00:00', '9999-01-01 00:00:00', 'table, furniture ', '2010-05-18 22:01:22', 0),
(123, 0, '', '', '', '', '', '(DEMO ONLY) Start a community garden? ', 'Hey, this end of this park would be great to start a community garden, anyone interested?????   A friend of mine has started one in Brunswick and it is going well, the council was happen for them to use similar land, so if you\\''re interested drop me a line, if a few people are interested, we could get together and discuss aproaching the council...', 'community', 'note', 3, -37.789501, 144.973999, '', '', '', 0, 0, 'y', '9999-01-01 00:00:00', '9999-01-01 00:00:00', 'frogs', '0000-00-00 00:00:00', 0),
(7632, 0, '', '', '', '', '', 'title', 'description', 'resource', 'op shop', 9, 0, 0, NULL, '', NULL, 0, 0, 'n', NULL, NULL, NULL, '0000-00-00 00:00:00', 0),
(7627, 1, '', 'http://www.melbourne.foe.org.au/?q=contact', '', '', '', 'Friends of the Earth', 'Friends of the Earth Melbourne believes that social and environmental issues cannot be separated from each other. As a result, FoE is a social and environmental justice organisation. It seeks to work towards a sustainable and equitable future and seeks to work in a way that empowers individuals and communities.', 'community', 'community space', 1, -37.7999992370605, 144.983993530273, 'http://www.melbourne.foe.org.au/', '', '', 0, 0, 'n', '9999-01-01 00:00:00', '9999-01-01 00:00:00', 'foe, environment, food, bookshop', '0000-00-00 00:00:00', 0),
(7647, 0, '', '', 'undefined', '', '', '(Demo Only) Room To Grow!', 'Have been meaning to set up a veggie patch for a while now as we have a large amount of space but unfortuneatly we just really don\\''t have the time,  If someone needed the space to grow, would be happy to come to some arrangment...', 'food', 'empty lot', 5, -37.7600005873607, 144.971152245998, '', '', '', 0, 0, 'n', '9999-01-01 00:00:00', '9999-01-01 00:00:00', '', '0000-00-00 00:00:00', 0),
(189, 1, 'lukasberk@gmail.com.au', '', '', '', '', 'Abbotsford Convent', 'The Abbotsford Convent Foundation is not for profit organisation responsible for the development of an arts, culture and education precinct at the historic Abbotsford Convent site, on behalf of and for the benefit of the people of Victoria.', 'community', 'community space', 1, -37.8029365539551, 145.005020141602, 'http://www.abbotsfordconvent.com.au', '', '', 0, 0, 'y', '9999-01-01 00:00:00', '9999-01-01 00:00:00', 'not for profit, arts, culture, education, market, workshops, gardens, artists, craftspeople, writers', '0000-00-00 00:00:00', 0),
(209, 0, '', NULL, '', '', '', 'Eleni', 'vegetable patch to share', 'food', 'veggie patch', 4, -37.7594184875488, 144.988250732422, '', '', '', 0, 0, 'y', NULL, NULL, 'vegetables, fruit', '0000-00-00 00:00:00', 0),
(187, 1, '', 'http://www.ceres.org.au/contact', '', '', '', 'CERES (Centre for Education and Research in Environment', ' CERES is a place which exists to initiate and support environmental sustainability and social equity with an emphasis on cultural richness and community participation. ', 'community', 'community space', 1, -37.7658, 144.983002, 'http://www.ceres.org.au', '', '', 0, 0, 'y', '9999-01-01 00:00:00', '9999-01-01 00:00:00', '', '2010-05-18 20:19:16', 0),
(186, 0, '', '', '', '5 Pitt St Brunswick, VIC 3056 Australia', '03 9343 6695', 'Irene Community Warehouse', 'Irene\\''s Warehouse is a community arts space occupied by what is known as The Irene Collective, a community of people from a wide range of disciplines who share space in the abandoned Irene\\''s Lingerie warehouse in Brunswick.', 'community', 'community space', 1, -37.771198, 144.970993, '', '', '', 0, 0, 'y', '9999-01-01 00:00:00', '9999-01-01 00:00:00', '', '2010-05-18 19:23:24', 0),
(185, 0, '', '', '', '', '', 'Borderlands Cooperative', 'Independent network for holistic community activism, sustainability and action research. ', 'community', 'community space', 1, -37.824199676514, 145.04200744629, 'http://www.borderlands.org.au', '', '', 0, 0, 'y', '9999-01-01 00:00:00', '9999-01-01 00:00:00', 'community development, activism, environmentalism, sustainability, action research', '2010-05-20 18:53:31', 0),
(174, 1, '', 'http://www.amnesty.org.au/about/contact/', '', 'Suite 8 134 Cambridge St Collingwood, VIC 3066 Australia', '(03) 9412 0700', 'Amnesty International', 'We are part of the global movement defending human rights and dignity. We work with people in Australia and our region to demand respect for human rights and protect people facing abuse. To do this, we mobilise people, campaign, conduct research and raise money for our work. We are promoting a culture where human rights are embraced, valued and protected.', 'community', 'community space', 1, -37.804335, 144.985786, 'http://www.amnesty.org.au/vic', '', 'http://feeds.feedburner.com/AmnestyInternationalAustraliaNews', 0, 0, 'y', '9999-01-01 00:00:00', '9999-01-01 00:00:00', '', '2010-05-18 21:52:49', 0),
(207, 0, '', NULL, '', '', '', 'Sprout', 'Supported community garden with a focus on wellness and mental health. Volunteers welcome!Regular community markets, next market 20 Nov 2.30-7pm.', 'food', 'community garden', 6, -37.7541923522949, 144.998504638672, 'http://www.mindaustralia.org.au/Sprout.htm', '', '', 0, 0, 'y', NULL, NULL, 'garden, food, market, volunteer', '0000-00-00 00:00:00', 0),
(7462, 0, '', '', '', '', '', 'Merri Corner Community Garden', 'In mid 2007, a group of local residents met with the intention to turn a patch of grass into a community garden. It presented itself as a solution to the lack of garden space within the medium density housing surrounding it, and a space for food production for the greater community. By early 2009 the group has become incorporated , applied for grants and jumped many bureaucratic hurdles with the assistance of Sustainability Streets Moreland. The proposed garden will consist of around 16 individual plots, communal composting, espaliered fruit trees, sensory gardens, a community meeting space and shelter and native plantings, all in line with permaculture principles. ', 'food', 'community garden', 6, -37.759700775146, 144.98100280762, 'http://www.merricorner.org', '', '', 0, 0, 'n', '9999-01-01 00:00:00', '9999-01-01 00:00:00', '', '2010-05-18 20:05:56', 0),
(450, 0, '', '', '', '', '', 'full test 1', 'second marker for same email', 'type', 'freecycle', 8, -37.8027992248535, 144.968002319336, '', '', '', 0, 0, 'y', NULL, NULL, '', '0000-00-00 00:00:00', 0),
(449, 0, '', '', '', '', '', 'foo', 'some other stuff', 'resource', 'freecycle', 8, -37.8027000427246, 144.964996337891, '', '', '', 0, 0, 'y', '0000-00-00 00:00:00', '0000-00-00 00:00:00', 'none', '0000-00-00 00:00:00', 0),
(7646, 0, '', '', '', '', '', 'My Tank Feed Veggie Patch', 'Really keen to meet others in the area to barter veggies / share techniques. Have been experimenting with heirloom open germinated seeds, would love to swap seeds!! ', 'food', 'veggie patch', 4, -37.7602614093915, 144.969883561134, '', '', '', 0, 0, 'n', '9999-01-01 00:00:00', '9999-01-01 00:00:00', 'veggies, heirloom, seeds', '0000-00-00 00:00:00', 0),
(7543, 0, '', '', '4  302 Keilor Road North Essendon VIC 3041', '', '', 'Salvos - Niddrie', '4  302 Keilor Road North Essendon VIC 3041', 'resource', 'op shop', 9, -37.7439804077148, 144.909317016602, NULL, '', NULL, 0, 0, 'n', NULL, NULL, NULL, '0000-00-00 00:00:00', 0),
(7542, 0, '', '', 'Burwood Rd Hawthorn VIC', '', '', 'Save the Children Op Shop - Hawthorn', 'Burwood Rd Hawthorn VIC', 'resource', 'op shop', 9, -37.8220481872559, 145.030532836914, NULL, '', NULL, 0, 0, 'n', NULL, NULL, NULL, '0000-00-00 00:00:00', 0),
(7541, 0, '', '', '295 Somerville Road Yarraville VIC', '', '', 'St Pauls Opportunity Shop - Yarraville', '295 Somerville Road Yarraville VIC', 'resource', 'op shop', 9, -37.8120574951172, 144.875106811523, NULL, '', NULL, 0, 0, 'n', NULL, NULL, NULL, '0000-00-00 00:00:00', 0),
(7540, 0, '', '', '557 Barkly St West Footscray VIC', '', '', 'Opportunity Shop - West Footscray', '557 Barkly St West Footscray VIC', 'resource', 'op shop', 9, -37.7975120544434, 144.877090454102, NULL, '', NULL, 0, 0, 'n', NULL, NULL, NULL, '0000-00-00 00:00:00', 0),
(7538, 0, '', '', '127 Hudsons Road Spotswood VIC', '', '', 'St Marks Op Shop - Spotswood', '127 Hudsons Road Spotswood VIC', 'resource', 'op shop', 9, -37.8295745849609, 144.882629394531, NULL, '', NULL, 0, 0, 'n', NULL, NULL, NULL, '0000-00-00 00:00:00', 0),
(7539, 0, '', '', '735 High Street Thornbury VIC', '', '', 'Lions Club of Northcote - Thornbury', '735 High Street Thornbury VIC', 'resource', 'op shop', 9, -37.7584915161133, 145.000381469727, NULL, '', NULL, 0, 0, 'n', NULL, NULL, NULL, '0000-00-00 00:00:00', 0),
(7537, 0, '', '', '202 Bank St South Melbourne VIC', '', '', 'South Melbourne Community Chest Opportunity Shop -', '202 Bank St South Melbourne VIC', 'resource', 'op shop', 9, -37.8340682983398, 144.960464477539, NULL, '', NULL, 0, 0, 'n', NULL, NULL, NULL, '0000-00-00 00:00:00', 0),
(7536, 0, '', '', '629 Plenty Rd Preston VIC', '', '', 'St Marys Opportunity Shop - Preston', '629 Plenty Rd Preston VIC', 'resource', 'op shop', 9, -37.7316360473633, 145.014205932617, NULL, '', NULL, 0, 0, 'n', NULL, NULL, NULL, '0000-00-00 00:00:00', 0),
(7534, 0, '', '', '55 Melrose Street North Melbourne VIC', '', '', 'St Albans Jumble Centre - North Melbourne', '55 Melrose Street North Melbourne VIC', 'resource', 'op shop', 9, -37.7943267822266, 144.941680908203, NULL, '', NULL, 0, 0, 'n', NULL, NULL, NULL, '0000-00-00 00:00:00', 0),
(7535, 0, '', '', '81 High St Preston VIC', '', '', 'Northern Community Church of Christ Opportunity Sh', '81 High St Preston VIC', 'resource', 'op shop', 9, -37.749828338623, 145.002059936523, NULL, '', NULL, 0, 0, 'n', NULL, NULL, NULL, '0000-00-00 00:00:00', 0),
(7533, 0, '', '', '100 Sydney Rd Moreland VIC', '', '', 'St Augustines Op Shop - Moreland', '100 Sydney Rd Moreland VIC', 'resource', 'op shop', 9, -37.7525978088379, 144.964645385742, NULL, '', NULL, 0, 0, 'n', NULL, NULL, NULL, '0000-00-00 00:00:00', 0),
(7532, 0, '', '', '2-34 Erskine Rd Macleod VIC', '', '', 'Strathalan Opportunity Shop - Macleod', '2-34 Erskine Rd Macleod VIC', 'resource', 'op shop', 9, -37.7296562194824, 145.078399658203, NULL, '', NULL, 0, 0, 'n', NULL, NULL, NULL, '0000-00-00 00:00:00', 0),
(7531, 0, '', '', '88 Aberdeen Street Macleod VIC', '', '', 'Southern Cross Treasures - Macleod', '88 Aberdeen Street Macleod VIC', 'resource', 'op shop', 9, -37.7258758544922, 145.070877075195, NULL, '', NULL, 0, 0, 'n', NULL, NULL, NULL, '0000-00-00 00:00:00', 0),
(7529, 0, '', '', 'Cnr High  Pakington Sts Kew VIC', '', '', 'CMS Opportunity Shop - Kew', 'Cnr High  Pakington Sts Kew VIC', 'resource', 'op shop', 9, -37.8055610656738, 145.034225463867, NULL, '', NULL, 0, 0, 'n', NULL, NULL, NULL, '0000-00-00 00:00:00', 0),
(7530, 0, '', '', '76 Aberdeen Street Macleod VIC', '', '', 'St Andrews Anglican Church Opportunity Shop - Macl', '76 Aberdeen Street Macleod VIC', 'resource', 'op shop', 9, -37.7262306213379, 145.070816040039, NULL, '', NULL, 0, 0, 'n', NULL, NULL, NULL, '0000-00-00 00:00:00', 0),
(7528, 0, '', '', '46 Warncliffe Rd Ivanhoe East VIC', '', '', 'St Georges Anglican Church Op Shop - Ivanhoe East', '46 Warncliffe Rd Ivanhoe East VIC', 'resource', 'op shop', 9, -37.7739562988281, 145.06005859375, NULL, '', NULL, 0, 0, 'n', NULL, NULL, NULL, '0000-00-00 00:00:00', 0),
(7527, 0, '', '', '1 Moresby Crt Heidelberg West VIC', '', '', 'Wildlife Care Network Opportunity Shop - Heidelber', '1 Moresby Crt Heidelberg West VIC', 'resource', 'op shop', 9, -37.7411727905273, 145.039932250977, NULL, '', NULL, 0, 0, 'n', NULL, NULL, NULL, '0000-00-00 00:00:00', 0),
(7526, 0, '', '', '11 May Street Footscray North VIC', '', '', 'Community Link-Up Opportunity Shop - Footscray Nor', '11 May Street Footscray North VIC', 'resource', 'op shop', 9, -37.7888717651367, 144.884536743164, NULL, '', NULL, 0, 0, 'n', NULL, NULL, NULL, '0000-00-00 00:00:00', 0),
(7525, 0, '', '', '259 Smith St Fitzroy VIC', '', '', 'The All So Fabulous Op Shop - Fitzroy', '259 Smith St Fitzroy VIC', 'resource', 'op shop', 9, -37.8010635375977, 144.98371887207, NULL, '', NULL, 0, 0, 'n', NULL, NULL, NULL, '0000-00-00 00:00:00', 0),
(7524, 0, '', '', '122 Napier Street Fitzroy VIC', '', '', 'Anglicare Victoria Op Shop - Fitzroy', '122 Napier Street Fitzroy VIC', 'resource', 'op shop', 9, -37.8045310974121, 144.979873657227, NULL, '', NULL, 0, 0, 'n', NULL, NULL, NULL, '0000-00-00 00:00:00', 0),
(7523, 0, '', '', '88a Station St Fairfield VIC', '', '', 'Fairfield SPACE Op Shop - Fairfield', '88a Station St Fairfield VIC', 'resource', 'op shop', 9, -37.7783660888672, 145.018005371094, NULL, '', NULL, 0, 0, 'n', NULL, NULL, NULL, '0000-00-00 00:00:00', 0),
(7522, 0, '', '', '10 Russell Essendon VIC', '', '', 'Rowallen Op Shop - Essendon', '10 Russell Essendon VIC', 'resource', 'op shop', 9, -37.7552795410156, 144.917022705078, NULL, '', NULL, 0, 0, 'n', NULL, NULL, NULL, '0000-00-00 00:00:00', 0),
(7521, 0, '', '', 'Cnr Marco Polo St  Mt Alexander Rd Essendon VIC', '', '', 'Christ Church Opportunity Shop - Essendon', 'Cnr Marco Polo St  Mt Alexander Rd Essendon VIC', 'resource', 'op shop', 9, -37.7471504211426, 144.912292480469, NULL, '', NULL, 0, 0, 'n', NULL, NULL, NULL, '0000-00-00 00:00:00', 0),
(7520, 0, '', '', '134-136 Elgin St Carlton VIC', '', '', 'Yooralla Carlton Bargain Shop - Carlton', '134-136 Elgin St Carlton VIC', 'resource', 'op shop', 9, -37.7972145080566, 144.969955444336, NULL, '', NULL, 0, 0, 'n', NULL, NULL, NULL, '0000-00-00 00:00:00', 0),
(7630, 0, '', '', '', '', '', 'title', 'description', 'food', 'veggie patch', 4, 0, 0, NULL, '', NULL, 0, 0, 'n', NULL, NULL, NULL, '0000-00-00 00:00:00', 0),
(7519, 0, '', '', '494A Victoria Street Brunswick West VIC', '', '', 'St Johns Op Shop - Brunswick West', '494A Victoria Street Brunswick West VIC', 'resource', 'op shop', 9, -37.7650451660156, 144.944320678711, NULL, '', NULL, 0, 0, 'n', NULL, NULL, NULL, '0000-00-00 00:00:00', 0),
(7516, 0, '', '', '313 Victoria St Brunswick VIC', '', '', 'Co-op Shop - Brunswick', '313 Victoria St Brunswick VIC', 'resource', 'op shop', 9, -37.7666511535645, 144.960205078125, NULL, '', NULL, 0, 0, 'n', NULL, NULL, NULL, '0000-00-00 00:00:00', 0),
(7517, 0, '', '', '368 Sydney Rd Brunswick VIC', '', '', 'Don Bosco Brunswick Youth Foundation Inc Opportuni', '368 Sydney Rd Brunswick VIC', 'resource', 'op shop', 9, -37.7692604064941, 144.961761474609, NULL, '', NULL, 0, 0, 'n', NULL, NULL, NULL, '0000-00-00 00:00:00', 0),
(7518, 0, '', '', '318 Victoria St Brunswick VIC', '', '', 'eekos - ethical and earth-kind op shop - Brunswick', '318 Victoria St Brunswick VIC', 'resource', 'op shop', 9, -37.7671203613281, 144.961502075195, NULL, '', NULL, 0, 0, 'n', NULL, NULL, NULL, '0000-00-00 00:00:00', 0),
(7515, 0, '', '', 'rear 8 Glenlyon Road Brunswick VIC', '', '', 'Christ Church Opportunity Shop - Brunswick', 'rear 8 Glenlyon Road Brunswick VIC', 'resource', 'op shop', 9, -37.7716751098633, 144.96240234375, NULL, '', NULL, 0, 0, 'n', NULL, NULL, NULL, '0000-00-00 00:00:00', 0),
(7513, 0, '', '', '215 Union Rd Ascot Vale VIC', '', '', 'St Paul with All Saints Opportunity Shop - Ascot V', '215 Union Rd Ascot Vale VIC', 'resource', 'op shop', 9, -37.7724304199219, 144.915832519531, NULL, '', NULL, 0, 0, 'n', NULL, NULL, NULL, '0000-00-00 00:00:00', 0),
(7514, 0, '', '', '437 Whitehorse Rd Balwyn VIC', '', '', 'Evergreen Opportunity Shop - Balwyn', '437 Whitehorse Rd Balwyn VIC', 'resource', 'op shop', 9, -37.813117980957, 145.084976196289, NULL, '', NULL, 0, 0, 'n', NULL, NULL, NULL, '0000-00-00 00:00:00', 0),
(7511, 0, '', '', '4302 Keilor Rd Niddrie VIC', '', '', 'Salvation Army - Niddrie', '4302 Keilor Rd Niddrie VIC', 'resource', 'op shop', 9, -37.733959197998, 144.883178710938, NULL, '', NULL, 0, 0, 'n', NULL, NULL, NULL, '0000-00-00 00:00:00', 0),
(7512, 0, '', '', '331 High St Preston VIC', '', '', 'Salvation Army - Preston', '331 High St Preston VIC', 'resource', 'op shop', 9, -37.7421073913574, 145.003341674805, NULL, '', NULL, 0, 0, 'n', NULL, NULL, NULL, '0000-00-00 00:00:00', 0),
(7510, 0, '', '', '199 Barkly St Footscray VIC', '', '', 'Salvation Army - Footscray', '199 Barkly St Footscray VIC', 'resource', 'op shop', 9, -37.7995376586914, 144.897598266602, NULL, '', NULL, 0, 0, 'n', NULL, NULL, NULL, '0000-00-00 00:00:00', 0),
(7509, 0, '', '', '264 Racecourse Rd Flemington VIC', '', '', 'Salvation Army - Flemington', '264 Racecourse Rd Flemington VIC', 'resource', 'op shop', 9, -37.7882041931152, 144.93180847168, NULL, '', NULL, 0, 0, 'n', NULL, NULL, NULL, '0000-00-00 00:00:00', 0),
(7508, 0, '', '', '489 Sydney Rd Coburg VIC', '', '', 'Salvation Army - Coburg', '489 Sydney Rd Coburg VIC', 'resource', 'op shop', 9, -37.7415733337402, 144.966323852539, NULL, '', NULL, 0, 0, 'n', NULL, NULL, NULL, '0000-00-00 00:00:00', 0),
(7506, 0, '', '', '596- 598 Plenty Rd Preston VIC', '', '', 'St Vincent de Paul - Preston', '596- 598 Plenty Rd Preston VIC', 'resource', 'op shop', 9, -37.7345428466797, 145.013854980469, NULL, '', NULL, 0, 0, 'n', NULL, NULL, NULL, '0000-00-00 00:00:00', 0),
(7507, 0, '', '', '740 Sydney Rd Brunswick VIC', '', '', 'Salvation Army - Brunswick', '740 Sydney Rd Brunswick VIC', 'resource', 'op shop', 9, -37.7598838806152, 144.963562011719, NULL, '', NULL, 0, 0, 'n', NULL, NULL, NULL, '0000-00-00 00:00:00', 0),
(7505, 0, '', '', '735 High Kew East VIC', '', '', 'St Vincent de Paul - Kew East', '735 High Kew East VIC', 'resource', 'op shop', 9, -37.7971115112305, 145.055221557617, NULL, '', NULL, 0, 0, 'n', NULL, NULL, NULL, '0000-00-00 00:00:00', 0),
(7503, 0, '', '', '254 Auburn Rd Hawthorn VIC', '', '', 'St Vincent de Paul - Hawthorn', '254 Auburn Rd Hawthorn VIC', 'resource', 'op shop', 9, -37.8285789489746, 145.043685913086, NULL, '', NULL, 0, 0, 'n', NULL, NULL, NULL, '0000-00-00 00:00:00', 0),
(7504, 0, '', '', '24 St Hellier St Heidelberg Heights VIC', '', '', 'St Vincent de Paul - Heidelberg Heights', '24 St Hellier St Heidelberg Heights VIC', 'resource', 'op shop', 9, -37.7494964599609, 145.054962158203, NULL, '', NULL, 0, 0, 'n', NULL, NULL, NULL, '0000-00-00 00:00:00', 0),
(7502, 0, '', '', '121-123 Johnston St Collingwood VIC', '', '', 'St Vincent de Paul - Collingwood', '121-123 Johnston St Collingwood VIC', 'resource', 'op shop', 9, -37.7982215881348, 144.978927612305, NULL, '', NULL, 0, 0, 'n', NULL, NULL, NULL, '0000-00-00 00:00:00', 0),
(7500, 0, '', '', '53 Sydney Rd Brunswick VIC', '', '', 'St Vincent de Paul - Brunswick', '53 Sydney Rd Brunswick VIC', 'resource', 'op shop', 9, -37.776481628418, 144.960357666016, NULL, '', NULL, 0, 0, 'n', NULL, NULL, NULL, '0000-00-00 00:00:00', 0),
(7501, 0, '', '', '260 Sydney Rd Coburg VIC', '', '', 'St Vincent de Paul - Coburg', '260 Sydney Rd Coburg VIC', 'resource', 'op shop', 9, -37.7482833862305, 144.965591430664, NULL, '', NULL, 0, 0, 'n', NULL, NULL, NULL, '0000-00-00 00:00:00', 0),
(7499, 0, '', '', '155 Maribyrnong Rd Ascot Vale VIC', '', '', 'St Vincent de Paul - Ascot Vale', '155 Maribyrnong Rd Ascot Vale VIC', 'resource', 'op shop', 9, -37.7716064453125, 144.913528442383, NULL, '', NULL, 0, 0, 'n', NULL, NULL, NULL, '0000-00-00 00:00:00', 0),
(7496, 0, '', '', '79 Burwood Hawthorn VIC', '', '', 'Kindilan Op Shop - Hawthorn', '79 Burwood Hawthorn VIC', 'resource', 'op shop', 9, -37.8212966918945, 145.025375366211, NULL, '', NULL, 0, 0, 'n', NULL, NULL, NULL, '0000-00-00 00:00:00', 0),
(7498, 0, '', '', '454 High Street Northcote VIC', '', '', 'Mental Illness Fellowship of Victoria - Northcote', '454 High Street Northcote VIC', 'resource', 'op shop', 9, -37.7665214538574, 144.999496459961, NULL, '', NULL, 0, 0, 'n', NULL, NULL, NULL, '0000-00-00 00:00:00', 0),
(7497, 0, '', '', '602-604 High St East Kew VIC', '', '', 'Mental Illness Fellowship of Victoria - East Kew', '602-604 High St East Kew VIC', 'resource', 'op shop', 9, -37.7998886108398, 145.0498046875, NULL, '', NULL, 0, 0, 'n', NULL, NULL, NULL, '0000-00-00 00:00:00', 0),
(7495, 0, '', '', '357 High St Preston VIC', '', '', 'Epic Treasure Trove - Preston', '357 High St Preston VIC', 'resource', 'op shop', 9, -37.7413864135742, 145.003234863281, NULL, '', NULL, 0, 0, 'n', NULL, NULL, NULL, '0000-00-00 00:00:00', 0),
(7494, 0, '', '', '109 Auburn Rd Hawthorn VIC', '', '', 'Epic Treasure Trove - Hawthorn', '109 Auburn Rd Hawthorn VIC', 'resource', 'op shop', 9, -37.8227615356445, 145.045166015625, NULL, '', NULL, 0, 0, 'n', NULL, NULL, NULL, '0000-00-00 00:00:00', 0),
(7492, 0, '', '', 'SHOP 88c STATION STREET FAIRFIELD', '', '', 'MS Community Shop - FAIRFIELD', 'SHOP 88c STATION STREET FAIRFIELD', 'resource', 'op shop', 9, -37.7781753540039, 145.018020629883, NULL, '', NULL, 0, 0, 'n', NULL, NULL, NULL, '0000-00-00 00:00:00', 0),
(7493, 0, '', '', 'rear 95 Bell St Coburg VIC', '', '', 'Broadmeadows Care Bargain Centre - Coburg', 'rear 95 Bell St Coburg VIC', 'resource', 'op shop', 9, -37.7413864135742, 144.96549987793, NULL, '', NULL, 0, 0, 'n', NULL, NULL, NULL, '0000-00-00 00:00:00', 0),
(7490, 0, '', '', '12a High Street Northcote', '', '', 'BSL - Northcote', '12a High Street Northcote', 'resource', 'op shop', 9, -37.7836265563965, 144.996200561523, NULL, '', NULL, 0, 0, 'n', NULL, NULL, NULL, '0000-00-00 00:00:00', 0),
(7491, 0, '', '', '10 Everage St Moonee Ponds', '', '', 'Moonee Ponds Opportunity Shop', '10 Everage St Moonee Ponds', 'resource', 'op shop', 9, -37.7655067443848, 144.922317504883, NULL, '', NULL, 0, 0, 'n', NULL, NULL, NULL, '0000-00-00 00:00:00', 0),
(7489, 0, '', '', '24 Margaret Street Moonee Ponds', '', '', 'BSL - Moonee Ponds', '24 Margaret Street Moonee Ponds', 'resource', 'op shop', 9, -37.7657012939453, 144.92008972168, NULL, '', NULL, 0, 0, 'n', NULL, NULL, NULL, '0000-00-00 00:00:00', 0),
(7487, 0, '', '', 'Cnr Bell Street and Oriel Road Heidelberg West', '', '', 'BSL - Heidelberg West', 'Cnr Bell Street and Oriel Road Heidelberg West', 'resource', 'op shop', 9, -37.7498016357422, 145.04133605957, NULL, '', NULL, 0, 0, 'n', NULL, NULL, NULL, '0000-00-00 00:00:00', 0),
(7488, 0, '', '', '220 Upper Heidelberg Road Ivanhoe', '', '', 'BSL - Ivanhoe', '220 Upper Heidelberg Road Ivanhoe', 'resource', 'op shop', 9, -37.7671852111816, 145.044677734375, NULL, '', NULL, 0, 0, 'n', NULL, NULL, NULL, '0000-00-00 00:00:00', 0),
(7486, 0, '', '', '274 Brunswick Street Fitzroy', '', '', 'BSL - Fitzroy', '274 Brunswick Street Fitzroy', 'resource', 'op shop', 9, -37.7992057800293, 144.978530883789, NULL, '', NULL, 0, 0, 'n', NULL, NULL, NULL, '0000-00-00 00:00:00', 0),
(7485, 0, '', '', 'Basement Royal Arcade Melbourne', '', '', 'BSL - Royal Arcade', 'Basement Royal Arcade Melbourne', 'resource', 'op shop', 9, -37.8146133422852, 144.963684082031, NULL, '', NULL, 0, 0, 'n', NULL, NULL, NULL, '0000-00-00 00:00:00', 0),
(7484, 0, '', '', 'Ground Floor Royal Arcade Melbourne', '', '', 'BSL - Royal Arcade', 'Ground Floor Royal Arcade Melbourne', 'resource', 'op shop', 9, -37.8145980834961, 144.963851928711, NULL, '', NULL, 0, 0, 'n', NULL, NULL, NULL, '0000-00-00 00:00:00', 0),
(7483, 0, '', '', '109 Brunswick Road Brunswick', '', '', 'BSL - Brunswick', '109 Brunswick Road Brunswick', 'resource', 'op shop', 9, -37.7780151367188, 144.969863891602, NULL, '', NULL, 0, 0, 'n', NULL, NULL, NULL, '0000-00-00 00:00:00', 0),
(7482, 0, '', '', '33 Albert St Footscray', '', '', 'Savers Footscray', '33 Albert St Footscray', 'resource', 'op shop', 9, -37.8017883300781, 144.899017333984, NULL, '', NULL, 0, 0, 'n', NULL, NULL, NULL, '0000-00-00 00:00:00', 0),
(7481, 0, '', '', '330 Sydney Rd Brunswick', '', '', 'Savers Brunswick', '330 Sydney Rd Brunswick', 'resource', 'op shop', 9, -37.7701988220215, 144.961761474609, NULL, '', NULL, 0, 0, 'n', NULL, NULL, NULL, '0000-00-00 00:00:00', 0),
(7480, 0, '', '', '529 Riversdale Road Camberwell ', '', '', 'Salvos - Camberwell', '529 Riversdale Road Camberwell ', 'resource', 'op shop', 9, -37.8313865661621, 145.058212280273, NULL, '', NULL, 0, 0, 'n', NULL, NULL, NULL, '0000-00-00 00:00:00', 0),
(7478, 0, '', '', '643 High Street Kew East', '', '', 'Epilepsy Foundation Of Victoria Opportunity Shop', '643 High Street Kew East', 'resource', 'op shop', 9, -37.7986488342285, 145.0517578125, NULL, '', NULL, 0, 0, 'n', NULL, NULL, NULL, '0000-00-00 00:00:00', 0),
(7479, 0, '', '', '307 Whitehorse Road Balwyn', '', '', 'Salvos - Balwyn', '307 Whitehorse Road Balwyn', 'resource', 'op shop', 9, -37.8124694824219, 145.079528808594, NULL, '', NULL, 0, 0, 'n', NULL, NULL, NULL, '0000-00-00 00:00:00', 0),
(7477, 0, '', '', '121 Puckle Street Moonie Ponds', '', '', 'Care Bargain Centre', '121 Puckle Street Moonie Ponds', 'resource', 'op shop', 9, -37.7667808532715, 144.920379638672, NULL, '', NULL, 0, 0, 'n', NULL, NULL, NULL, '0000-00-00 00:00:00', 0),
(7476, 0, '', '', '4302 Keilor Road Niddrie', '', '', 'Salvation Army - Niddrie', '4302 Keilor Road Niddrie', 'resource', 'op shop', 9, -37.7335472106934, 144.882095336914, NULL, '', NULL, 0, 0, 'n', NULL, NULL, NULL, '0000-00-00 00:00:00', 0),
(7472, 0, '', '', '326 Bay St', '', '', 'St Vinnies', '326 Bay St', 'resource', 'op shop', 9, -37.8366737365723, 144.944396972656, NULL, '', NULL, 0, 0, 'n', NULL, NULL, NULL, '0000-00-00 00:00:00', 0),
(7473, 0, '', '', '298 Smith Street', '', '', 'St Marks Anglican Opportunity Shop', '298 Smith Street', 'resource', 'op shop', 9, -37.8002967834473, 144.984283447266, NULL, '', NULL, 0, 0, 'n', NULL, NULL, NULL, '0000-00-00 00:00:00', 0),
(7474, 0, '', '', '302 Racecourse Road', '', '', 'Parish Bargain Shop', '302 Racecourse Road', 'resource', 'op shop', 9, -37.7880325317383, 144.930572509766, NULL, '', NULL, 0, 0, 'n', NULL, NULL, NULL, '0000-00-00 00:00:00', 0),
(7475, 0, '', '', '150A Cumberland Road Pascoe Vale', '', '', 'Trinos Op Shop', '150A Cumberland Road Pascoe Vale', 'resource', 'op shop', 9, -37.7283248901367, 144.939193725586, NULL, '', NULL, 0, 0, 'n', NULL, NULL, NULL, '0000-00-00 00:00:00', 0),
(7471, 0, '', '', '121- 123 Johnston St', '', '', 'St Vinnies', '121- 123 Johnston St', 'resource', 'op shop', 9, -37.7995910644531, 144.98876953125, NULL, '', NULL, 0, 0, 'n', NULL, NULL, NULL, '0000-00-00 00:00:00', 0),
(7470, 0, '', '', '120 Swan Street', '', '', 'Been around Before Store', '120 Swan Street', 'resource', 'op shop', 9, -37.8252372741699, 144.993927001953, NULL, '', NULL, 0, 0, 'n', NULL, NULL, NULL, '0000-00-00 00:00:00', 0),
(7469, 0, '', '', '183 Clarendon Street', '', '', 'South Melbourne Salvos Store', '183 Clarendon Street', 'resource', 'op shop', 9, -37.8299331665039, 144.959426879883, NULL, '', NULL, 0, 0, 'n', NULL, NULL, NULL, '0000-00-00 00:00:00', 0),
(7468, 0, '', '', '42 Victoria Street', '', '', 'Richmond Salvos Store', '42 Victoria Street', 'resource', 'op shop', 9, -37.8099479675293, 144.993118286133, NULL, '', NULL, 0, 0, 'n', NULL, NULL, NULL, '0000-00-00 00:00:00', 0),
(7463, 0, '', '', '81 Victoria Crescent', '', '', 'Abbotsord Salvos Store', '81 Victoria Crescent.\n\nThis is a great op shop, very large range of furniture, and a good range of clothes and nic nacs.', 'resource', 'op shop', 9, -37.8059997558594, 144.998001098633, '', '', '', 0, 0, 'n', '9999-01-01 00:00:00', '9999-01-01 00:00:00', '', '0000-00-00 00:00:00', 0),
(7464, 0, '', '', '747 Nicholson Street', '', '', 'Carlton Salvos Store', '747 Nicholson Street', 'resource', 'op shop', 9, -37.7818374633789, 144.9775390625, NULL, '', NULL, 0, 0, 'n', NULL, NULL, NULL, '0000-00-00 00:00:00', 0),
(7465, 0, '', '', '216 - 218 Smith Street', '', '', 'Collingwood Salvos Store', '216 - 218 Smith Street', 'resource', 'op shop', 9, -37.8025360107422, 144.98388671875, NULL, '', NULL, 0, 0, 'n', NULL, NULL, NULL, '0000-00-00 00:00:00', 0),
(7467, 0, '', '', '69 Bourke Street', '', '', 'Melbourne CBD Salvos Store', '69 Bourke Street', 'resource', 'op shop', 9, -37.8120880126953, 144.97135925293, NULL, '', NULL, 0, 0, 'n', NULL, NULL, NULL, '0000-00-00 00:00:00', 0),
(7466, 0, '', '', '1264 Racecourse Road', '', '', 'Flemington Salvos Store', '1264 Racecourse Road', 'resource', 'op shop', 9, -37.7877502441406, 144.930969238281, NULL, '', NULL, 0, 0, 'n', NULL, NULL, NULL, '0000-00-00 00:00:00', 0),
(7626, 0, '', '', 'undefined', '', '', 'FOE Food Co-op', 'The food co-op is an ethical trader providing affordable, low packaged (bulk) food, fruit and vegetables, health and eco-cleaning products. Our particular emphasis is to provide natural, organic produce that is grown and prepared locally - preferably by small companies and producers.', 'food', 'food co-op', 7, -37.799927, 144.98439, 'http://www.melbourne.foe.org.au/?q=co_op/home', '', '', 0, 0, 'n', '9999-01-01 00:00:00', '9999-01-01 00:00:00', '', '0000-00-00 00:00:00', 0),
(7624, 0, '', '', '', '', '', 'title', 'description', 'food', 'veggie patch', 4, 0, 0, NULL, '', NULL, 0, 0, 'n', NULL, NULL, NULL, '0000-00-00 00:00:00', 0),
(7631, 0, '', '', '', '', '', 'title', 'description', 'community', 'note', 3, 0, 0, NULL, '', NULL, 0, 0, 'n', NULL, NULL, NULL, '0000-00-00 00:00:00', 0),
(7629, 0, '', '', '', '', '', 'title', 'description', 'community', 'event', 2, 0, 0, NULL, '', NULL, 0, 0, 'n', NULL, NULL, NULL, '0000-00-00 00:00:00', 0),
(7612, 1, '', '', '', '', '', 'St Kilda Community Gardens', 'Raliway Place, Balaclava', 'food', 'community garden', 6, -37.871788024902, 144.99327087402, '', '', '', 0, 0, 'n', '9999-01-01 00:00:00', '9999-01-01 00:00:00', '', '2010-09-23 20:01:49', 0),
(7611, 1, '', '', '', '', '', 'King Street Communtiy Garden', 'King St, Prahran', 'food', 'community garden', 6, -37.850002288818, 144.99540710449, '', '', '', 0, 0, 'n', '9999-01-01 00:00:00', '9999-01-01 00:00:00', '', '2010-09-23 20:02:29', 0),
(7610, 1, '', 'http://home.vicnet.net.au/~hcgdns/contact.html', '', '', '', 'Hawthorn Community Garden Inc.', 'The Hawthorn Community Gardens were established over 25 years ago. Members grow vegetables using organic techniques on two sites in Hawthorn. This being one of them', 'food', 'community garden', 6, -37.83065032959, 145.05142211914, 'http://home.vicnet.net.au/~hcgdns/', '', '', 0, 0, 'n', '9999-01-01 00:00:00', '9999-01-01 00:00:00', '', '2010-09-23 20:02:58', 0),
(8364, 0, '', '', '', 'Rockbank, Victoria, 3335', '(03) 9747 1318', 'Ace Organic Produce Pty Ltd', '', '', '', 14, -37.7318, 144.652627, '', '', '', 0, 0, 'n', '9999-01-01 00:00:00', '9999-01-01 00:00:00', NULL, '2010-09-23 22:34:32', 0),
(8365, 0, '', '', '', 'Albany Drive, Mulgrave, Victoria, 3170', '', 'Albany Rise Primary School', '', '', '', 6, -37.929404, 145.1727855, '', '', '', 0, 0, 'n', '9999-01-01 00:00:00', '9999-01-01 00:00:00', NULL, '2010-09-23 22:36:07', 0),
(8366, 0, '', '', '', '150 Harris Gully Rd, Warrandyte', '03 9844 3464', 'Aumann Family Orchard', 'The Orchard was established in the early 1900\\''s and is currently farmed and managed by the third generation of Aumanns - Bill, Richard, and Barry, and their wives Marj, Robyn and Michele. ', '', '', 14, -37.7647223, 145.1993431, 'http://www.aumann.com.au/', '', '', 0, 0, 'n', '9999-01-01 00:00:00', '9999-01-01 00:00:00', NULL, '2010-09-23 22:43:08', 0),
(7608, 1, '', '', '', '', '', 'Richmond Housing Community Garden', 'Corner Lennox and Highett St, Richmond', 'food', 'community garden', 6, -37.81477, 144.99559, '', '', '', 0, 0, 'n', '9999-01-01 00:00:00', '9999-01-01 00:00:00', '', '2010-09-23 20:04:36', 0),
(7607, 1, '', '', '', '', '', 'Public Housing Community Garden', 'Gronn Place, Brunswick', 'food', 'community garden', 6, -37.756721496582, 144.93936157227, '', '', '', 0, 0, 'n', '9999-01-01 00:00:00', '9999-01-01 00:00:00', '', '2010-09-23 20:09:55', 0),
(7606, 1, 'sprout@mindaustralia.org.au', '', '', '', '', 'Sprout', 'Sprout is a community garden that has been developed by those with mental health challenges, drug and alcohol issues and at risk of homelessness.  Sprout provides opportunities for personal, interpersonal and vocational skills development through a range of horticulture and enterprise activities that are valued by the wider community.', 'food', 'community garden', 6, -37.756698608398, 144.99800109863, 'http://www.mindaustralia.org.au/Sprout.htm', '', '', 0, 0, 'n', '9999-01-01 00:00:00', '9999-01-01 00:00:00', '', '2010-09-23 20:10:35', 0),
(7605, 1, '', '', '', '', '', 'Northcote Community Garden', '42 Hartington St, Northcote', 'food', 'community garden', 6, -37.77112197876, 144.99443054199, '', '', '', 0, 0, 'n', '9999-01-01 00:00:00', '9999-01-01 00:00:00', '', '2010-09-23 20:09:39', 0),
(7604, 1, '', '', '', '', '', 'Fairfield Community Garden', 'Fairfield Railway Station, Fairfield', 'food', 'community garden', 6, -37.776973724365, 145.01843261719, '', '', '', 0, 0, 'n', '9999-01-01 00:00:00', '9999-01-01 00:00:00', '', '2010-09-23 20:09:15', 0),
(7603, 1, '', '', '', '', '', 'Holmes St Community Garden', 'Holmes St, Northcote', 'food', 'community garden', 6, -37.782943725586, 145.00605773926, '', '', '', 0, 0, 'n', '9999-01-01 00:00:00', '9999-01-01 00:00:00', '', '2010-09-23 20:08:30', 0),
(7602, 1, '', '', '', '', '', 'Rushall Garden Community Garden', 'Rushall Crescent, North Fitzroy. 3068', 'food', 'community garden', 6, -37.784248352051, 144.99131774902, '', '', '', 0, 0, 'n', '9999-01-01 00:00:00', '9999-01-01 00:00:00', '', '2010-09-23 20:08:07', 0),
(7601, 1, '', '', '', '', '', 'Crown St Communtiy Garden', 'Crown St, Flemington', 'food', 'community garden', 6, -37.785446166992, 144.92297363281, '', '', '', 0, 0, 'n', '9999-01-01 00:00:00', '9999-01-01 00:00:00', '', '2010-09-23 20:07:32', 0),
(7600, 1, '', '', 'Alfred St, North Melbourne', '', '', 'Public Housing Community Gardens', 'Alfred St, North Melbourne', 'food', 'community garden', 6, -37.7908210754395, 144.939819335938, '', '', '', 0, 0, 'n', '9999-01-01 00:00:00', '9999-01-01 00:00:00', '', '0000-00-00 00:00:00', 0),
(7599, 1, '', '', '', '', '', 'Public Housing Community Gardens', 'Buncle St, North Melbourne', 'food', 'community garden', 6, -37.792465209961, 144.94085693359, '', '', '', 0, 0, 'n', '9999-01-01 00:00:00', '9999-01-01 00:00:00', '', '2010-09-23 20:06:59', 0),
(7598, 1, '', '', '', '', '', 'North Melbourne Community Gardens', 'Mark Street, North Melbourne', 'food', 'community garden', 6, -37.793685913086, 144.93930053711, '', '', '', 0, 0, 'n', '9999-01-01 00:00:00', '9999-01-01 00:00:00', '', '2010-09-23 20:06:35', 0),
(7597, 1, '', '', '', '', '', 'Mater St Community Garden', 'Mater St, Collingwood', 'food', 'community garden', 6, -37.7956199646, 144.98719787598, '', '', '', 0, 0, 'n', '9999-01-01 00:00:00', '9999-01-01 00:00:00', '', '2010-09-23 20:06:06', 0),
(7595, 1, '', '', '', '', '', 'Emerald St Community Garden', 'Emerald St, Collingwood', 'food', 'community garden', 6, -37.801391601562, 144.98789978027, '', '', '', 0, 0, 'n', '9999-01-01 00:00:00', '9999-01-01 00:00:00', '', '2010-09-23 20:05:16', 0),
(7596, 1, '', '', '', '', '', 'Public Housing Community Gardens', 'Dight Street, Collingwood', 'food', 'community garden', 6, -37.801551818848, 144.98861694336, '', '', '', 0, 0, 'n', '9999-01-01 00:00:00', '9999-01-01 00:00:00', '', '2010-09-23 20:04:56', 0),
(7594, 1, '', '', '', '', '', 'Public Housing Community Gardens', '229 Hoddle St, Collingwood', 'food', 'community garden', 6, -37.801094055176, 144.9919128418, '', '', '', 0, 0, 'n', '9999-01-01 00:00:00', '9999-01-01 00:00:00', '', '2010-09-23 20:05:40', 0),
(7641, 1, '', 'http://www.wilderness.org.au/contact-info', '', '', '', 'Wilderness Society', 'The Wilderness Society is a community-based environmental protection organisation. We work to safeguard our sources of clean water and air, to tackle devastating climate change, to create a safe future for life on Earth, and to give a better world to our children. The majority of our work is in Australia, with a strong focus on natural environments and the role they play in keeping our world safe.', 'community', 'community space', 1, -37.7986030578613, 144.978576660156, 'http://www.wilderness.org.au/', '', '', 0, 0, 'n', '9999-01-01 00:00:00', '9999-01-01 00:00:00', '', '0000-00-00 00:00:00', 0),
(7648, 0, '', '', '', '', '', '(DEMO ONLY) Fun Engaging Community Event', 'This is an example of a comunity event listing, as it has a date range set, it will be automatically removed once expired, and will appear in the community calendar when the calendar is set to this area.', 'community', 'event', 2, -37.7879457230152, 144.982624053955, '', '', '', 0, 1, 'n', '0000-00-00 00:00:00', '0000-00-00 00:00:00', '', '0000-00-00 00:00:00', 0),
(7663, 0, '', '', '', '', '', 'title', 'description', 'food', 'veggie patch', 4, -37.7739034518621, 144.982967376709, NULL, '', NULL, 0, 0, 'n', NULL, NULL, NULL, '0000-00-00 00:00:00', 0),
(7665, 1, '', '', 'undefined', '', '', 'Cycle Science', 'Cycle Science Bike store spokes', 'resource', 'bike facility', 10, -37.81741, 145.188851, 'http://www.cyclescience.com.au', '', '', 0, 0, 'n', '9999-01-01 00:00:00', '9999-01-01 00:00:00', 'bike store dummy', '0000-00-00 00:00:00', 0),
(7668, 0, '', '', 'undefined', '', '', 'dummy', 'Dummy event 2', 'community', 'event', 2, -37.8247685669482, 145.192565917969, '', '', '', 0, 1, 'n', '0000-00-00 00:00:00', '0000-00-00 00:00:00', 'dummy event', '0000-00-00 00:00:00', 0),
(7669, 0, '', '', 'undefined', '', '', 'dummy3', 'dummy3', 'community', 'event', 2, -37.8259888992777, 145.190763473511, '', '', '', 0, 1, 'n', '2009-10-27 12:14:26', '2009-10-27 12:14:26', 'dummy3', '0000-00-00 00:00:00', 0),
(7670, 0, '', '', 'undefined', '', '', 'dummy4', 'description dummy4', 'community', 'event', 2, -37.8276159776596, 145.21110534668, '', '', '', 0, 1, 'n', '2009-10-01 12:19:19', '2009-10-02 12:19:19', 'dummy4', '0000-00-00 00:00:00', 0),
(7671, 0, '', '', 'undefined', '', '', 'dummy5', 'descriptiondummy5', 'community', 'event', 2, -37.8349373864099, 145.196771621704, '', '', '', 0, 1, 'n', '2009-10-10 12:32:08', '2009-10-11 12:32:08', 'dummy5', '0000-00-00 00:00:00', 0),
(7672, 0, '', '', 'undefined', '', '', 'dummy6', 'descriptiondummy6', 'community', 'event', 2, -37.8247685669482, 145.200805664062, '', '', '', 0, 1, 'n', '2009-09-27 12:46:33', '2009-09-27 12:46:33', 'dummy6', '0000-00-00 00:00:00', 0),
(7673, 0, '', '', '', '', '', 'title', 'description', 'community', 'community space', 1, -37.8010019627365, 144.98206615448, NULL, '', NULL, 0, 0, 'n', NULL, NULL, NULL, '0000-00-00 00:00:00', 0),
(7674, 0, '', '', '', '', '', 'title', 'description', 'community', 'community space', 1, -37.798696, 144.978653, NULL, '', NULL, 0, 0, 'n', NULL, NULL, NULL, '0000-00-00 00:00:00', 0),
(7680, 0, '', '', '', '', '', 'title', 'description', 'food', 'veggie patch', 4, -37.815207, 145.007998, NULL, '', NULL, 0, 0, 'n', NULL, NULL, NULL, '0000-00-00 00:00:00', 0),
(7681, 0, '', '', '', '', '', 'title', 'description', 'community', 'community space', 1, -37.7992047472105, 145.016098022461, NULL, '', NULL, 0, 0, 'n', NULL, NULL, NULL, '0000-00-00 00:00:00', 0),
(7682, 0, '', '', '', '', '', 'title', 'description', 'food', 'veggie patch', 4, -37.8002898637021, 145.041160583496, NULL, '', NULL, 0, 0, 'n', NULL, NULL, NULL, '0000-00-00 00:00:00', 0),
(7684, 0, '', '', '', '', '', 'title', 'description', 'food', 'veggie patch', 4, -37.8056473927126, 144.996185302734, NULL, '', NULL, 0, 0, 'n', NULL, NULL, NULL, '0000-00-00 00:00:00', 0),
(7685, 0, '', '', '', '', '', 'title', 'description', 'food', 'veggie patch', 4, -37.783672270721, 144.993782043457, NULL, '', NULL, 0, 0, 'n', NULL, NULL, NULL, '0000-00-00 00:00:00', 0),
(7686, 0, '', '', '', '', '', 'title', 'description', 'food', 'food co-op', 7, -37.7830617573638, 144.978075027466, NULL, '', NULL, 0, 0, 'n', NULL, NULL, NULL, '0000-00-00 00:00:00', 0),
(7687, 0, '', '', '', '', '', 'title', 'description', 'food', 'food co-op', 7, -37.8002220443884, 144.979104995728, NULL, '', NULL, 0, 0, 'n', NULL, NULL, NULL, '0000-00-00 00:00:00', 0),
(7689, 0, '', '', '', '', '', 'Read Food patch test', 'descriptionasdfkjdslkfj lkj ', 'food', 'veggie patch', 4, -37.7950675943507, 145.012578964233, '', '', '', 0, 0, 'n', '9999-01-01 00:00:00', '9999-01-01 00:00:00', 'Beans, compost', '0000-00-00 00:00:00', 0),
(7690, 0, '', '', '', '', '', 'nametest', 'descriptiontest', 'community', 'event', 2, -37.7988190183673, 144.980199337006, '', '', '', 0, 0, 'n', '9999-01-01 00:00:00', '9999-01-01 00:00:00', 'cats', '0000-00-00 00:00:00', 0),
(7691, 0, '', '', '', '', '', 'Real Food Picnic', 'Join the Real Food group for a picnic at Caddy\\''s Place.  A great chance to relax before the silly season &amp; catch up with food folk.  We\\''ll be inviting people from a few different food networks along, so bring your friends &amp; some food / drink to share.  We\\''ll also see if the small garden we planted over a year ago is still growing food', 'community', 'event', 2, -37.7763288172859, 144.993052482605, 'http://melbourne.foe.org.au', '', '', 0, 1, 'n', '2009-11-07 14:11:48', '2009-11-17 14:11:48', 'real food, picnic', '0000-00-00 00:00:00', 0),
(7693, 1, '', '', '', '', '', 'St Kilda Eco Center', 'Organic fruits and veggies sell. Pick up a box every Saturday morning for $25 only.', 'food', 'food co-op', 7, -37.869922, 144.981964, '', '', '', 0, 0, 'n', '9999-01-01 00:00:00', '9999-01-01 00:00:00', '', '0000-00-00 00:00:00', 0),
(7694, 0, '', '', '', '', '', 'Footscray Community Arts Centre', 'Arts space, community education, music venue, cafe, gallery.', 'community', 'community space', 1, -37.8030407321252, 144.907597303391, 'http://www.footscrayarts.com', '', '', 0, 0, 'n', '9999-01-01 00:00:00', '9999-01-01 00:00:00', '', '0000-00-00 00:00:00', 0),
(7695, 0, '', '', '', '', '', 'Empty lot', 'Grass, rubbish.', 'food', 'empty lot', 5, -37.7989249880304, 144.90318775177, '', '', '', 0, 0, 'n', '9999-01-01 00:00:00', '9999-01-01 00:00:00', '', '0000-00-00 00:00:00', 0),
(7697, 1, '', 'http://www.yourrestaurants.com.au/guide/?action=ve', 'Best to give them a call (03) 9415 9001', '', '', 'Las Vegan Bakery', 'Not really a food co-op. It\\''s just a tset listing, but the place is real.  We\\''re a vegan cafe.  Burgers, chips, wraps, calzones, salads, rice, muffins.\nCome get your fix from us!\nOrganic and cruelty-free food for everyone!', 'food', 'food co-op', 7, -37.807548, 144.982977, 'http://www.yourrestaurants.com.au/guide/?action=venue&amp;venue_url=las_vegan_nirvana_cafe', '', '', 0, 0, 'n', '9999-01-01 00:00:00', '9999-01-01 00:00:00', 'vegan bakery', '0000-00-00 00:00:00', 0),
(7698, 0, '', '', '', '', '', 'Test site', 'Test site', 'food', 'community garden', 6, -37.808699, 145.004511, '', '', '', 0, 0, 'n', '9999-01-01 00:00:00', '9999-01-01 00:00:00', '', '0000-00-00 00:00:00', 0),
(7699, 0, '', '', '', '', '', 'title', 'description', 'community', 'community space', 1, -37.7866569300944, 144.994554519653, NULL, '', NULL, 0, 0, 'n', NULL, NULL, NULL, '0000-00-00 00:00:00', 0),
(7701, 0, '', '', '', '', '', 'Lukas\\'' Test Farm', 'as on his farm he had some .... apples ...', 'food', 'farm', 14, -37.805173, 144.974384, '', '', '', 0, 0, 'n', '9999-01-01 00:00:00', '9999-01-01 00:00:00', '', '0000-00-00 00:00:00', 0),
(7718, 0, '', '', '', '', '', 'title', 'description', 'food', 'veggie patch', 4, -37.8063543540136, 145.063498020172, NULL, '', NULL, 0, 0, 'n', NULL, NULL, NULL, '0000-00-00 00:00:00', 0),
(7712, 0, '', '', '', '', '', 'Veg out', '', 'food', 'community garden', 6, -37.8683829114241, 144.977860450745, '', '', '', 0, 0, 'n', '9999-01-01 00:00:00', '9999-01-01 00:00:00', '', '0000-00-00 00:00:00', 0),
(7713, 0, '', '', '', '', '', 'Organic Farmers market', 'Every 1st Saturday of the month. A wide range of organic products. Music, food stands, fun!', 'food', 'farmers market', 15, -37.8691451705196, 144.978075027466, '', '', '', 0, 0, 'n', '9999-01-01 00:00:00', '9999-01-01 00:00:00', '', '0000-00-00 00:00:00', 0),
(7714, 1, 'longhaven@iinet.net.au', '', '', '', '', 'LongHaven orchard', 'Mainly apples (some pears).  Used to be BIG grower in family partnership (supplying supermarkets and canneries).  Now smaller, independent.  Travels to melborne a bit for markets Feb - june.  Donates some a to salvo and handover centre accomadation crisis centre in the city.  Involved in School program to promote Aussie Apples.  Make hampers with local gourmet products.  Also does preserves, jams.  Sells jams and spreads to Melbourne Food Depot.  Sells some at friends farm gate.  Family orchid is still BIG and they sell to ALDI. Address: 86 McPherson Rd Mundoona 3635. 10,001 - 10 hectares.\n\n', 'food', 'farm', 14, -36.157113, 145.33179, '', '', '', 0, 0, 'n', '9999-01-01 00:00:00', '9999-01-01 00:00:00', '', '0000-00-00 00:00:00', 0),
(7715, 1, 'melanie@plunkettorchards.com.au', 'http://www.plunkettorchards.com.au', 'Melanie McAuliffe', '', '', 'Plunkett Orchards', 'Orchards, Fruit Growing, Picking and Packing. over 10 hectares, 255 McIsaac Rd Ardmona 3629', 'food', 'farm', 14, -36.378536, 145.295366, 'http://www.plunkettorchards.com.au', '', '', 0, 0, 'n', '9999-01-01 00:00:00', '9999-01-01 00:00:00', '', '0000-00-00 00:00:00', 0),
(7716, 1, 'hardingsorchard@bigpond.com', '', 'Marie Harding (03)59427326', '', '', 'Harding\\''s Orchard', 'Producer\nWork with other growers on a volunteer basis with presentations with Aussi Apple going into Primary school promoting the healthy benefits of eating apples\n485 Toomuc Valley Road, Pakenham, 3810 Approx 12 hectares\nsells to farmers markets and urban markets', 'food', 'farm', 14, -38.02594, 145.462337, '', '', '', 0, 0, 'n', '9999-01-01 00:00:00', '9999-01-01 00:00:00', '', '0000-00-00 00:00:00', 0),
(7717, 0, '', '', '', '', '', 'title', 'description', 'community', 'event', 2, -37.8210396486882, 145.205354690552, NULL, '', NULL, 0, 0, 'n', NULL, NULL, NULL, '0000-00-00 00:00:00', 0),
(7719, 0, '', '', '', '', '', 'title', 'description', 'food', 'food tree', 13, -37.8040876458877, 144.961166381836, NULL, '', NULL, 0, 0, 'n', NULL, NULL, NULL, '0000-00-00 00:00:00', 0),
(7720, 0, '', '', '', '', '', 'title', 'description', 'community', 'note', 3, -37.8030704019503, 144.959535598755, NULL, '', NULL, 0, 0, 'n', NULL, NULL, NULL, '0000-00-00 00:00:00', 0),
(7721, 0, '', '', '', '', '', 'title', 'description', 'community', 'note', 3, -37.7965393619579, 144.961423873901, NULL, '', NULL, 0, 0, 'n', NULL, NULL, NULL, '0000-00-00 00:00:00', 0),
(7722, 0, '', '', '', '', '', 'title', 'description', 'community', 'note', 3, -37.7988452986509, 144.961423873901, NULL, '', NULL, 0, 0, 'n', NULL, NULL, NULL, '0000-00-00 00:00:00', 0),
(7723, 0, '', '', '', '', '', 'title', 'description', 'community', 'note', 3, -37.7950472469178, 144.96262550354, NULL, '', NULL, 0, 0, 'n', NULL, NULL, NULL, '0000-00-00 00:00:00', 0),
(7736, 1, '', '', 'Ph 03 9877 3030', '', '', 'Angelo\\''s Organic ', 'Angelo\\''s Organic Fruit &amp; Veg.  Great access to Blackburn train station.  Filling an organic food void in the outer east.', 'food', 'food - other', 17, -37.820655, 145.151247, '', '', '', 0, 0, 'n', '9999-01-01 00:00:00', '9999-01-01 00:00:00', '', '0000-00-00 00:00:00', 0),
(7739, 0, '', '', '', '', '', 'kumquat tree', '', 'food', 'food tree', 13, -37.7727, 144.995744, '', '', '', 0, 0, 'n', '9999-01-01 00:00:00', '9999-01-01 00:00:00', '', '0000-00-00 00:00:00', 0),
(7744, 1, '', 'http://www.permablitz.net/contact-us', '', '', '', 'Permablitz Garden Party #9', '', 'food', 'community garden', 6, -37.902639, 145.061874, '', '', '', 0, 0, 'n', '9999-01-01 00:00:00', '9999-01-01 00:00:00', '', '2010-09-23 20:01:04', 0),
(7745, 1, '', 'http://www.permablitz.net/contact-us', '', '', '', 'Permablitz Reunion', '', 'food', 'community garden', 6, -37.93574, 145.155288, '', '', '', 0, 0, 'n', '9999-01-01 00:00:00', '9999-01-01 00:00:00', '', '2010-09-23 20:00:37', 0),
(7746, 1, '', 'http://www.permablitz.net/contact-us', '', '', '', 'Permablitz #12', '', 'food', 'community garden', 6, -37.777983, 145.002156, '', '', '', 0, 0, 'n', '9999-01-01 00:00:00', '9999-01-01 00:00:00', '', '2010-09-23 20:09:03', 0),
(7747, 1, '', 'http://www.permablitz.net/contact-us', '', '', '', 'Permablitz #17', '', 'food', 'community garden', 6, -37.738709, 145.038451, '', '', '', 0, 0, 'n', '9999-01-01 00:00:00', '9999-01-01 00:00:00', '', '2010-09-23 20:11:14', 0),
(7748, 0, '', '', '', '', '', 'Permablitz #23', 'Added by Victorian Eco Innovation Lab as part of the VEIL Food Map.  To contact Permablitz click the \\''Contact\\'' link.', 'food', 'community garden', 6, -37.826625, 145.030063, '', '', '', 0, 0, 'n', '9999-01-01 00:00:00', '9999-01-01 00:00:00', '', '2010-09-23 20:03:19', 0);
INSERT INTO `marker` (`marker_id`, `alt_contact_on`, `alt_contact_email`, `alt_contact_url`, `alt_contact_text`, `address`, `phone`, `title`, `description`, `type`, `subtype`, `subtype_id`, `lat`, `lng`, `www`, `wiki`, `rss`, `kml_on`, `datetime_on`, `is_demo`, `start_datetime`, `end_datetime`, `tags`, `last_updated`, `deleted`) VALUES
(7749, 1, '', 'http://www.permablitz.net/', '', '', '', 'Permablitz #25', 'Added by Victorian Eco Innovation Lab as part of the VEIL Food Map project.  Use the \\''Contact\\'' link to visit the Permablitz website', 'food', 'community garden', 6, -37.794492, 144.923748, 'http://www.ecoinnovationlab.com', '', '', 0, 0, 'n', '9999-01-01 00:00:00', '9999-01-01 00:00:00', '', '2010-02-18 02:36:43', 0),
(7751, 0, '', '', '', '', '', 'name', 'description', 'community', 'note', 3, -37.7879457230152, 144.947090148926, '', '', '', 0, 0, 'n', '9999-01-01 00:00:00', '9999-01-01 00:00:00', '', '2010-02-25 06:33:06', 0),
(7752, 0, '', '', '', '', '', 'Local Community Sharehood', 'Community Sharing in Progress!  The Sharehood is all about sharing resources within your neighbourhood and helps you to meet and make friends with people in your local area, visit the site to find out more...', 'community', 'sharehood', 12, -37.772086, 144.995646, 'http://www.thesharehood.org/', '', NULL, 0, 0, 'n', NULL, NULL, NULL, '0000-00-00 00:00:00', 0),
(7753, 0, '', '', '', '', '', 'Local Community Sharehood', 'Community Sharing in Progress!  The Sharehood is all about sharing resources within your neighbourhood and helps you to meet and make friends with people in your local area, visit the site to find out more...', 'community', 'sharehood', 12, -37.799157, 144.976851, 'http://www.thesharehood.org/', '', NULL, 0, 0, 'n', NULL, NULL, NULL, '0000-00-00 00:00:00', 0),
(7754, 0, '', '', '', '', '', 'Local Community Sharehood', 'Community Sharing in Progress!  The Sharehood is all about sharing resources within your neighbourhood and helps you to meet and make friends with people in your local area, visit the site to find out more...', 'community', 'sharehood', 12, -37.758244, 144.994572, 'http://www.thesharehood.org/', '', NULL, 0, 0, 'n', NULL, NULL, NULL, '0000-00-00 00:00:00', 0),
(7755, 0, '', '', '', '', '', 'Local Community Sharehood', 'Community Sharing in Progress!  The Sharehood is all about sharing resources within your neighbourhood and helps you to meet and make friends with people in your local area, visit the site to find out more...', 'community', 'sharehood', 12, -37.797292, 144.995146, 'http://www.thesharehood.org/', '', NULL, 0, 0, 'n', NULL, NULL, NULL, '0000-00-00 00:00:00', 0),
(7756, 0, '', '', '', '', '', 'Local Community Sharehood', 'Community Sharing in Progress!  The Sharehood is all about sharing resources within your neighbourhood and helps you to meet and make friends with people in your local area, visit the site to find out more...', 'community', 'sharehood', 12, -37.739427, 144.990576, 'http://www.thesharehood.org/', '', NULL, 0, 0, 'n', NULL, NULL, NULL, '0000-00-00 00:00:00', 0),
(7757, 0, '', '', '', '', '', 'Local Community Sharehood', 'Community Sharing in Progress!  The Sharehood is all about sharing resources within your neighbourhood and helps you to meet and make friends with people in your local area, visit the site to find out more...', 'community', 'sharehood', 12, -37.8221167, 144.9776033, 'http://www.thesharehood.org/', '', NULL, 0, 0, 'n', NULL, NULL, NULL, '0000-00-00 00:00:00', 0),
(7758, 0, '', '', '', '', '', 'Local Community Sharehood', 'Community Sharing in Progress!  The Sharehood is all about sharing resources within your neighbourhood and helps you to meet and make friends with people in your local area, visit the site to find out more...', 'community', 'sharehood', 12, -33.893041, 151.135051, 'http://www.thesharehood.org/', '', NULL, 0, 0, 'n', NULL, NULL, NULL, '0000-00-00 00:00:00', 0),
(7759, 0, '', '', '', '', '', 'Local Community Sharehood', 'Community Sharing in Progress!  The Sharehood is all about sharing resources within your neighbourhood and helps you to meet and make friends with people in your local area, visit the site to find out more...', 'community', 'sharehood', 12, -37.759896, 144.970604, 'http://www.thesharehood.org/', '', NULL, 0, 0, 'n', NULL, NULL, NULL, '0000-00-00 00:00:00', 0),
(7760, 0, '', '', '', '', '', 'Local Community Sharehood', 'Community Sharing in Progress!  The Sharehood is all about sharing resources within your neighbourhood and helps you to meet and make friends with people in your local area, visit the site to find out more...', 'community', 'sharehood', 12, -37.718157, 145.086323, 'http://www.thesharehood.org/', '', NULL, 0, 0, 'n', NULL, NULL, NULL, '0000-00-00 00:00:00', 0),
(7761, 0, '', '', '', '', '', 'Local Community Sharehood', 'Community Sharing in Progress!  The Sharehood is all about sharing resources within your neighbourhood and helps you to meet and make friends with people in your local area, visit the site to find out more...', 'community', 'sharehood', 12, -37.746817, 145.663164, 'http://www.thesharehood.org/', '', NULL, 0, 0, 'n', NULL, NULL, NULL, '0000-00-00 00:00:00', 0),
(7762, 0, '', '', '', '', '', 'Local Community Sharehood', 'Community Sharing in Progress!  The Sharehood is all about sharing resources within your neighbourhood and helps you to meet and make friends with people in your local area, visit the site to find out more...', 'community', 'sharehood', 12, -37.790524, 145.296706, 'http://www.thesharehood.org/', '', NULL, 0, 0, 'n', NULL, NULL, NULL, '0000-00-00 00:00:00', 0),
(7763, 0, '', '', '', '', '', 'Local Community Sharehood', 'Community Sharing in Progress!  The Sharehood is all about sharing resources within your neighbourhood and helps you to meet and make friends with people in your local area, visit the site to find out more...', 'community', 'sharehood', 12, -37.768818, 144.94192, 'http://www.thesharehood.org/', '', NULL, 0, 0, 'n', NULL, NULL, NULL, '0000-00-00 00:00:00', 0),
(7764, 0, '', '', '', '', '', 'Local Community Sharehood', 'Community Sharing in Progress!  The Sharehood is all about sharing resources within your neighbourhood and helps you to meet and make friends with people in your local area, visit the site to find out more...', 'community', 'sharehood', 12, -37.78387, 144.981692, 'http://www.thesharehood.org/', '', NULL, 0, 0, 'n', NULL, NULL, NULL, '0000-00-00 00:00:00', 0),
(7765, 0, '', '', '', '', '', 'Local Community Sharehood', 'Community Sharing in Progress!  The Sharehood is all about sharing resources within your neighbourhood and helps you to meet and make friends with people in your local area, visit the site to find out more...', 'community', 'sharehood', 12, -37.410603, 144.2145455, 'http://www.thesharehood.org/', '', NULL, 0, 0, 'n', NULL, NULL, NULL, '0000-00-00 00:00:00', 0),
(7766, 0, '', '', '', '', '', 'Local Community Sharehood', 'Community Sharing in Progress!  The Sharehood is all about sharing resources within your neighbourhood and helps you to meet and make friends with people in your local area, visit the site to find out more...', 'community', 'sharehood', 12, -37.805666, 144.876342, 'http://www.thesharehood.org/', '', NULL, 0, 0, 'n', NULL, NULL, NULL, '0000-00-00 00:00:00', 0),
(7767, 0, '', '', '', '', '', 'Local Community Sharehood', 'Community Sharing in Progress!  The Sharehood is all about sharing resources within your neighbourhood and helps you to meet and make friends with people in your local area, visit the site to find out more...', 'community', 'sharehood', 12, -37.762155, 145.060284, 'http://www.thesharehood.org/', '', NULL, 0, 0, 'n', NULL, NULL, NULL, '0000-00-00 00:00:00', 0),
(7768, 0, '', '', '', '', '', 'Local Community Sharehood', 'Community Sharing in Progress!  The Sharehood is all about sharing resources within your neighbourhood and helps you to meet and make friends with people in your local area, visit the site to find out more...', 'community', 'sharehood', 12, 43.6875619, -79.4236318, 'http://www.thesharehood.org/', '', NULL, 0, 0, 'n', NULL, NULL, NULL, '0000-00-00 00:00:00', 0),
(7769, 0, '', '', '', '', '', 'Local Community Sharehood', 'Community Sharing in Progress!  The Sharehood is all about sharing resources within your neighbourhood and helps you to meet and make friends with people in your local area, visit the site to find out more...', 'community', 'sharehood', 12, 43.6755237, -79.4449385, 'http://www.thesharehood.org/', '', NULL, 0, 0, 'n', NULL, NULL, NULL, '0000-00-00 00:00:00', 0),
(7770, 0, '', '', '', '', '', 'Local Community Sharehood', 'Community Sharing in Progress!  The Sharehood is all about sharing resources within your neighbourhood and helps you to meet and make friends with people in your local area, visit the site to find out more...', 'community', 'sharehood', 12, -37.7501054, 144.9521564, 'http://www.thesharehood.org/', '', NULL, 0, 0, 'n', NULL, NULL, NULL, '0000-00-00 00:00:00', 0),
(7771, 0, '', '', '', '', '', 'Local Community Sharehood', 'Community Sharing in Progress!  The Sharehood is all about sharing resources within your neighbourhood and helps you to meet and make friends with people in your local area, visit the site to find out more...', 'community', 'sharehood', 12, -38.2971855, 145.1833494, 'http://www.thesharehood.org/', '', NULL, 0, 0, 'n', NULL, NULL, NULL, '0000-00-00 00:00:00', 0),
(7772, 0, '', '', '', '', '', 'Local Community Sharehood', 'Community Sharing in Progress!  The Sharehood is all about sharing resources within your neighbourhood and helps you to meet and make friends with people in your local area, visit the site to find out more...', 'community', 'sharehood', 12, -89.00074, -9e-05, 'http://www.thesharehood.org/', '', NULL, 0, 0, 'n', NULL, NULL, NULL, '0000-00-00 00:00:00', 0),
(7773, 0, '', '', '', '', '', 'Local Community Sharehood', 'Community Sharing in Progress!  The Sharehood is all about sharing resources within your neighbourhood and helps you to meet and make friends with people in your local area, visit the site to find out more...', 'community', 'sharehood', 12, 40.7635687, -73.1107539, 'http://www.thesharehood.org/', '', NULL, 0, 0, 'n', NULL, NULL, NULL, '0000-00-00 00:00:00', 0),
(7774, 0, '', '', '', '', '', 'Local Community Sharehood', 'Community Sharing in Progress!  The Sharehood is all about sharing resources within your neighbourhood and helps you to meet and make friends with people in your local area, visit the site to find out more...', 'community', 'sharehood', 12, -34.77735, 138.700074, 'http://www.thesharehood.org/', '', NULL, 0, 0, 'n', NULL, NULL, NULL, '0000-00-00 00:00:00', 0),
(7775, 0, '', '', '', '', '', 'Local Community Sharehood', 'Community Sharing in Progress!  The Sharehood is all about sharing resources within your neighbourhood and helps you to meet and make friends with people in your local area, visit the site to find out more...', 'community', 'sharehood', 12, 34.048212, -118.349891, 'http://www.thesharehood.org/', '', NULL, 0, 0, 'n', NULL, NULL, NULL, '0000-00-00 00:00:00', 0),
(7776, 0, '', '', '', '', '', 'Local Community Sharehood', 'Community Sharing in Progress!  The Sharehood is all about sharing resources within your neighbourhood and helps you to meet and make friends with people in your local area, visit the site to find out more...', 'community', 'sharehood', 12, 34.163572, -118.371955, 'http://www.thesharehood.org/', '', NULL, 0, 0, 'n', NULL, NULL, NULL, '0000-00-00 00:00:00', 0),
(7777, 0, '', '', '', '', '', 'Local Community Sharehood', 'Community Sharing in Progress!  The Sharehood is all about sharing resources within your neighbourhood and helps you to meet and make friends with people in your local area, visit the site to find out more...', 'community', 'sharehood', 12, 45.5038931, -122.6245736, 'http://www.thesharehood.org/', '', NULL, 0, 0, 'n', NULL, NULL, NULL, '0000-00-00 00:00:00', 0),
(7778, 0, '', '', '', '', '', 'Local Community Sharehood', 'Community Sharing in Progress!  The Sharehood is all about sharing resources within your neighbourhood and helps you to meet and make friends with people in your local area, visit the site to find out more...', 'community', 'sharehood', 12, -37.881913, 145.002539, 'http://www.thesharehood.org/', '', NULL, 0, 0, 'n', NULL, NULL, NULL, '0000-00-00 00:00:00', 0),
(7779, 0, '', '', '', '', '', 'Local Community Sharehood', 'Community Sharing in Progress!  The Sharehood is all about sharing resources within your neighbourhood and helps you to meet and make friends with people in your local area, visit the site to find out more...', 'community', 'sharehood', 12, 36.975529, -121.959475, 'http://www.thesharehood.org/', '', NULL, 0, 0, 'n', NULL, NULL, NULL, '0000-00-00 00:00:00', 0),
(7780, 0, '', '', '', '', '', 'Local Community Sharehood', 'Community Sharing in Progress!  The Sharehood is all about sharing resources within your neighbourhood and helps you to meet and make friends with people in your local area, visit the site to find out more...', 'community', 'sharehood', 12, 39.9441338, -75.1580746, 'http://www.thesharehood.org/', '', NULL, 0, 0, 'n', NULL, NULL, NULL, '0000-00-00 00:00:00', 0),
(7781, 0, '', '', '', '', '', 'Local Community Sharehood', 'Community Sharing in Progress!  The Sharehood is all about sharing resources within your neighbourhood and helps you to meet and make friends with people in your local area, visit the site to find out more...', 'community', 'sharehood', 12, 40.7498081, -73.9921381, 'http://www.thesharehood.org/', '', NULL, 0, 0, 'n', NULL, NULL, NULL, '0000-00-00 00:00:00', 0),
(7782, 0, '', '', '', '', '', 'Local Community Sharehood', 'Community Sharing in Progress!  The Sharehood is all about sharing resources within your neighbourhood and helps you to meet and make friends with people in your local area, visit the site to find out more...', 'community', 'sharehood', 12, 44.965101, -93.266058, 'http://www.thesharehood.org/', '', NULL, 0, 0, 'n', NULL, NULL, NULL, '0000-00-00 00:00:00', 0),
(7783, 0, '', '', '', '', '', 'Local Community Sharehood', 'Community Sharing in Progress!  The Sharehood is all about sharing resources within your neighbourhood and helps you to meet and make friends with people in your local area, visit the site to find out more...', 'community', 'sharehood', 12, 43.0304769, -76.0960305, 'http://www.thesharehood.org/', '', NULL, 0, 0, 'n', NULL, NULL, NULL, '0000-00-00 00:00:00', 0),
(7784, 0, '', '', '', '', '', 'Local Community Sharehood', 'Community Sharing in Progress!  The Sharehood is all about sharing resources within your neighbourhood and helps you to meet and make friends with people in your local area, visit the site to find out more...', 'community', 'sharehood', 12, -27.455368, 153.028357, 'http://www.thesharehood.org/', '', NULL, 0, 0, 'n', NULL, NULL, NULL, '0000-00-00 00:00:00', 0),
(7785, 0, '', '', '', '', '', 'Local Community Sharehood', 'Community Sharing in Progress!  The Sharehood is all about sharing resources within your neighbourhood and helps you to meet and make friends with people in your local area, visit the site to find out more...', 'community', 'sharehood', 12, 44.7475541, -93.2691984, 'http://www.thesharehood.org/', '', NULL, 0, 0, 'n', NULL, NULL, NULL, '0000-00-00 00:00:00', 0),
(7786, 0, '', '', '', '', '', 'Local Community Sharehood', 'Community Sharing in Progress!  The Sharehood is all about sharing resources within your neighbourhood and helps you to meet and make friends with people in your local area, visit the site to find out more...', 'community', 'sharehood', 12, 37.205182, -93.30611, 'http://www.thesharehood.org/', '', NULL, 0, 0, 'n', NULL, NULL, NULL, '0000-00-00 00:00:00', 0),
(7787, 0, '', '', '', '', '', 'Local Community Sharehood', 'Community Sharing in Progress!  The Sharehood is all about sharing resources within your neighbourhood and helps you to meet and make friends with people in your local area, visit the site to find out more...', 'community', 'sharehood', 12, 42.280733, -87.967045, 'http://www.thesharehood.org/', '', NULL, 0, 0, 'n', NULL, NULL, NULL, '0000-00-00 00:00:00', 0),
(7788, 0, '', '', '', '', '', 'Local Community Sharehood', 'Community Sharing in Progress!  The Sharehood is all about sharing resources within your neighbourhood and helps you to meet and make friends with people in your local area, visit the site to find out more...', 'community', 'sharehood', 12, 41.815498, -71.433212, 'http://www.thesharehood.org/', '', NULL, 0, 0, 'n', NULL, NULL, NULL, '0000-00-00 00:00:00', 0),
(7789, 0, '', '', '', '', '', 'Local Community Sharehood', 'Community Sharing in Progress!  The Sharehood is all about sharing resources within your neighbourhood and helps you to meet and make friends with people in your local area, visit the site to find out more...', 'community', 'sharehood', 12, 45.5481277, -73.5814387, 'http://www.thesharehood.org/', '', NULL, 0, 0, 'n', NULL, NULL, NULL, '0000-00-00 00:00:00', 0),
(7790, 0, '', '', '', '', '', 'Local Community Sharehood', 'Community Sharing in Progress!  The Sharehood is all about sharing resources within your neighbourhood and helps you to meet and make friends with people in your local area, visit the site to find out more...', 'community', 'sharehood', 12, 42.563467, -71.459887, 'http://www.thesharehood.org/', '', NULL, 0, 0, 'n', NULL, NULL, NULL, '0000-00-00 00:00:00', 0),
(7791, 0, '', '', '', '', '', 'Local Community Sharehood', 'Community Sharing in Progress!  The Sharehood is all about sharing resources within your neighbourhood and helps you to meet and make friends with people in your local area, visit the site to find out more...', 'community', 'sharehood', 12, 38.912738, -77.010382, 'http://www.thesharehood.org/', '', NULL, 0, 0, 'n', NULL, NULL, NULL, '0000-00-00 00:00:00', 0),
(7792, 0, '', '', '', '', '', 'Local Community Sharehood', 'Community Sharing in Progress!  The Sharehood is all about sharing resources within your neighbourhood and helps you to meet and make friends with people in your local area, visit the site to find out more...', 'community', 'sharehood', 12, -37.8181277, 145.0896796, 'http://www.thesharehood.org/', '', NULL, 0, 0, 'n', NULL, NULL, NULL, '0000-00-00 00:00:00', 0),
(7793, 0, '', '', '', '', '', 'Local Community Sharehood', 'Community Sharing in Progress!  The Sharehood is all about sharing resources within your neighbourhood and helps you to meet and make friends with people in your local area, visit the site to find out more...', 'community', 'sharehood', 12, 40.6807444, -73.9634111, 'http://www.thesharehood.org/', '', NULL, 0, 0, 'n', NULL, NULL, NULL, '0000-00-00 00:00:00', 0),
(7794, 0, '', '', '', '', '', 'Local Community Sharehood', 'Community Sharing in Progress!  The Sharehood is all about sharing resources within your neighbourhood and helps you to meet and make friends with people in your local area, visit the site to find out more...', 'community', 'sharehood', 12, 48.7396907, -122.4849819, 'http://www.thesharehood.org/', '', NULL, 0, 0, 'n', NULL, NULL, NULL, '0000-00-00 00:00:00', 0),
(7795, 0, '', '', '', '', '', 'Local Community Sharehood', 'Community Sharing in Progress!  The Sharehood is all about sharing resources within your neighbourhood and helps you to meet and make friends with people in your local area, visit the site to find out more...', 'community', 'sharehood', 12, 45.661481, -122.636961, 'http://www.thesharehood.org/', '', NULL, 0, 0, 'n', NULL, NULL, NULL, '0000-00-00 00:00:00', 0),
(7796, 0, '', '', '', '', '', 'Local Community Sharehood', 'Community Sharing in Progress!  The Sharehood is all about sharing resources within your neighbourhood and helps you to meet and make friends with people in your local area, visit the site to find out more...', 'community', 'sharehood', 12, 43.222903, -78.383277, 'http://www.thesharehood.org/', '', NULL, 0, 0, 'n', NULL, NULL, NULL, '0000-00-00 00:00:00', 0),
(7797, 0, '', '', '', '', '', 'Local Community Sharehood', 'Community Sharing in Progress!  The Sharehood is all about sharing resources within your neighbourhood and helps you to meet and make friends with people in your local area, visit the site to find out more...', 'community', 'sharehood', 12, 44.9287215, -123.0147686, 'http://www.thesharehood.org/', '', NULL, 0, 0, 'n', NULL, NULL, NULL, '0000-00-00 00:00:00', 0),
(7798, 0, '', '', '', '', '', 'Local Community Sharehood', 'Community Sharing in Progress!  The Sharehood is all about sharing resources within your neighbourhood and helps you to meet and make friends with people in your local area, visit the site to find out more...', 'community', 'sharehood', 12, 40.725804, -73.976793, 'http://www.thesharehood.org/', '', NULL, 0, 0, 'n', NULL, NULL, NULL, '0000-00-00 00:00:00', 0),
(7799, 0, '', '', '', '', '', 'Local Community Sharehood', 'Community Sharing in Progress!  The Sharehood is all about sharing resources within your neighbourhood and helps you to meet and make friends with people in your local area, visit the site to find out more...', 'community', 'sharehood', 12, 52.571218, -1.40878, 'http://www.thesharehood.org/', '', NULL, 0, 0, 'n', NULL, NULL, NULL, '0000-00-00 00:00:00', 0),
(7800, 0, '', '', '', '', '', 'Local Community Sharehood', 'Community Sharing in Progress!  The Sharehood is all about sharing resources within your neighbourhood and helps you to meet and make friends with people in your local area, visit the site to find out more...', 'community', 'sharehood', 12, 42.3408598, -88.285724, 'http://www.thesharehood.org/', '', NULL, 0, 0, 'n', NULL, NULL, NULL, '0000-00-00 00:00:00', 0),
(7801, 0, '', '', '', '', '', 'Local Community Sharehood', 'Community Sharing in Progress!  The Sharehood is all about sharing resources within your neighbourhood and helps you to meet and make friends with people in your local area, visit the site to find out more...', 'community', 'sharehood', 12, 39.364029, -76.679112, 'http://www.thesharehood.org/', '', NULL, 0, 0, 'n', NULL, NULL, NULL, '0000-00-00 00:00:00', 0),
(7802, 0, '', '', '', '', '', 'Local Community Sharehood', 'Community Sharing in Progress!  The Sharehood is all about sharing resources within your neighbourhood and helps you to meet and make friends with people in your local area, visit the site to find out more...', 'community', 'sharehood', 12, 45.4057583, -75.7060033, 'http://www.thesharehood.org/', '', NULL, 0, 0, 'n', NULL, NULL, NULL, '0000-00-00 00:00:00', 0),
(7803, 0, '', '', '', '', '', 'Local Community Sharehood', 'Community Sharing in Progress!  The Sharehood is all about sharing resources within your neighbourhood and helps you to meet and make friends with people in your local area, visit the site to find out more...', 'community', 'sharehood', 12, 42.287988, -83.785038, 'http://www.thesharehood.org/', '', NULL, 0, 0, 'n', NULL, NULL, NULL, '0000-00-00 00:00:00', 0),
(7804, 0, '', '', '', '', '', 'Local Community Sharehood', 'Community Sharing in Progress!  The Sharehood is all about sharing resources within your neighbourhood and helps you to meet and make friends with people in your local area, visit the site to find out more...', 'community', 'sharehood', 12, -28.825191, 153.327903, 'http://www.thesharehood.org/', '', NULL, 0, 0, 'n', NULL, NULL, NULL, '0000-00-00 00:00:00', 0),
(7805, 0, '', '', '', '', '', 'Local Community Sharehood', 'Community Sharing in Progress!  The Sharehood is all about sharing resources within your neighbourhood and helps you to meet and make friends with people in your local area, visit the site to find out more...', 'community', 'sharehood', 12, -32.902413, 151.671797, 'http://www.thesharehood.org/', '', NULL, 0, 0, 'n', NULL, NULL, NULL, '0000-00-00 00:00:00', 0),
(7806, 0, '', '', '', '', '', 'Local Community Sharehood', 'Community Sharing in Progress!  The Sharehood is all about sharing resources within your neighbourhood and helps you to meet and make friends with people in your local area, visit the site to find out more...', 'community', 'sharehood', 12, 34.0922498, -118.3851861, 'http://www.thesharehood.org/', '', NULL, 0, 0, 'n', NULL, NULL, NULL, '0000-00-00 00:00:00', 0),
(7807, 0, '', '', '', '', '', 'Local Community Sharehood', 'Community Sharing in Progress!  The Sharehood is all about sharing resources within your neighbourhood and helps you to meet and make friends with people in your local area, visit the site to find out more...', 'community', 'sharehood', 12, 40.7117597, -73.9531734, 'http://www.thesharehood.org/', '', NULL, 0, 0, 'n', NULL, NULL, NULL, '0000-00-00 00:00:00', 0),
(7808, 0, '', '', '', '', '', 'Local Community Sharehood', 'Community Sharing in Progress!  The Sharehood is all about sharing resources within your neighbourhood and helps you to meet and make friends with people in your local area, visit the site to find out more...', 'community', 'sharehood', 12, 43.6740931, -79.3746139, 'http://www.thesharehood.org/', '', NULL, 0, 0, 'n', NULL, NULL, NULL, '0000-00-00 00:00:00', 0),
(7809, 0, '', '', '', '', '', 'Local Community Sharehood', 'Community Sharing in Progress!  The Sharehood is all about sharing resources within your neighbourhood and helps you to meet and make friends with people in your local area, visit the site to find out more...', 'community', 'sharehood', 12, -37.905427, 145.328442, 'http://www.thesharehood.org/', '', NULL, 0, 0, 'n', NULL, NULL, NULL, '0000-00-00 00:00:00', 0),
(7810, 0, '', '', '', '', '', 'Local Community Sharehood', 'Community Sharing in Progress!  The Sharehood is all about sharing resources within your neighbourhood and helps you to meet and make friends with people in your local area, visit the site to find out more...', 'community', 'sharehood', 12, 53.5347451, -113.5794991, 'http://www.thesharehood.org/', '', NULL, 0, 0, 'n', NULL, NULL, NULL, '0000-00-00 00:00:00', 0),
(7811, 0, '', '', '', '', '', 'Local Community Sharehood', 'Community Sharing in Progress!  The Sharehood is all about sharing resources within your neighbourhood and helps you to meet and make friends with people in your local area, visit the site to find out more...', 'community', 'sharehood', 12, 42.2585733, -83.7344261, 'http://www.thesharehood.org/', '', NULL, 0, 0, 'n', NULL, NULL, NULL, '0000-00-00 00:00:00', 0),
(7812, 0, '', '', '', '', '', 'Local Community Sharehood', 'Community Sharing in Progress!  The Sharehood is all about sharing resources within your neighbourhood and helps you to meet and make friends with people in your local area, visit the site to find out more...', 'community', 'sharehood', 12, -37.798992, 145.046575, 'http://www.thesharehood.org/', '', NULL, 0, 0, 'n', NULL, NULL, NULL, '0000-00-00 00:00:00', 0),
(7813, 0, '', '', '', '', '', 'Local Community Sharehood', 'Community Sharing in Progress!  The Sharehood is all about sharing resources within your neighbourhood and helps you to meet and make friends with people in your local area, visit the site to find out more...', 'community', 'sharehood', 12, -37.776682, 145.056736, 'http://www.thesharehood.org/', '', NULL, 0, 0, 'n', NULL, NULL, NULL, '0000-00-00 00:00:00', 0),
(7814, 0, '', '', '', '', '', 'Local Community Sharehood', 'Community Sharing in Progress!  The Sharehood is all about sharing resources within your neighbourhood and helps you to meet and make friends with people in your local area, visit the site to find out more...', 'community', 'sharehood', 12, -37.751501, 145.033075, 'http://www.thesharehood.org/', '', NULL, 0, 0, 'n', NULL, NULL, NULL, '0000-00-00 00:00:00', 0),
(7815, 0, '', '', '', '', '', 'Local Community Sharehood', 'Community Sharing in Progress!  The Sharehood is all about sharing resources within your neighbourhood and helps you to meet and make friends with people in your local area, visit the site to find out more...', 'community', 'sharehood', 12, 51.577033, -0.127938, 'http://www.thesharehood.org/', '', NULL, 0, 0, 'n', NULL, NULL, NULL, '0000-00-00 00:00:00', 0),
(7816, 0, '', '', '', '', '', 'Local Community Sharehood', 'Community Sharing in Progress!  The Sharehood is all about sharing resources within your neighbourhood and helps you to meet and make friends with people in your local area, visit the site to find out more...', 'community', 'sharehood', 12, -37.765257, 145.035202, 'http://www.thesharehood.org/', '', NULL, 0, 0, 'n', NULL, NULL, NULL, '0000-00-00 00:00:00', 0),
(7817, 0, '', '', '', '', '', 'Local Community Sharehood', 'Community Sharing in Progress!  The Sharehood is all about sharing resources within your neighbourhood and helps you to meet and make friends with people in your local area, visit the site to find out more...', 'community', 'sharehood', 12, -37.194203, 143.752629, 'http://www.thesharehood.org/', '', NULL, 0, 0, 'n', NULL, NULL, NULL, '0000-00-00 00:00:00', 0),
(7818, 0, '', '', '', '', '', 'Local Community Sharehood', 'Community Sharing in Progress!  The Sharehood is all about sharing resources within your neighbourhood and helps you to meet and make friends with people in your local area, visit the site to find out more...', 'community', 'sharehood', 12, -37.860723, 144.979799, 'http://www.thesharehood.org/', '', NULL, 0, 0, 'n', NULL, NULL, NULL, '0000-00-00 00:00:00', 0),
(7819, 0, '', '', '', '', '', 'Local Community Sharehood', 'Community Sharing in Progress!  The Sharehood is all about sharing resources within your neighbourhood and helps you to meet and make friends with people in your local area, visit the site to find out more...', 'community', 'sharehood', 12, -34.865549, 138.612118, 'http://www.thesharehood.org/', '', NULL, 0, 0, 'n', NULL, NULL, NULL, '0000-00-00 00:00:00', 0),
(7820, 0, '', '', '', '', '', 'Local Community Sharehood', 'Community Sharing in Progress!  The Sharehood is all about sharing resources within your neighbourhood and helps you to meet and make friends with people in your local area, visit the site to find out more...', 'community', 'sharehood', 12, 44.457384, -73.215311, 'http://www.thesharehood.org/', '', NULL, 0, 0, 'n', NULL, NULL, NULL, '0000-00-00 00:00:00', 0),
(7821, 0, '', '', '', '', '', 'Local Community Sharehood', 'Community Sharing in Progress!  The Sharehood is all about sharing resources within your neighbourhood and helps you to meet and make friends with people in your local area, visit the site to find out more...', 'community', 'sharehood', 12, 47.506404, -122.385276, 'http://www.thesharehood.org/', '', NULL, 0, 0, 'n', NULL, NULL, NULL, '0000-00-00 00:00:00', 0),
(7822, 0, '', '', '', '', '', 'Local Community Sharehood', 'Community Sharing in Progress!  The Sharehood is all about sharing resources within your neighbourhood and helps you to meet and make friends with people in your local area, visit the site to find out more...', 'community', 'sharehood', 12, 30.260741, -97.739063, 'http://www.thesharehood.org/', '', NULL, 0, 0, 'n', NULL, NULL, NULL, '0000-00-00 00:00:00', 0),
(7823, 0, '', '', '', '', '', 'Local Community Sharehood', 'Community Sharing in Progress!  The Sharehood is all about sharing resources within your neighbourhood and helps you to meet and make friends with people in your local area, visit the site to find out more...', 'community', 'sharehood', 12, -33.849593, 151.214946, 'http://www.thesharehood.org/', '', NULL, 0, 0, 'n', NULL, NULL, NULL, '0000-00-00 00:00:00', 0),
(7824, 0, '', '', '', '', '', 'Local Community Sharehood', 'Community Sharing in Progress!  The Sharehood is all about sharing resources within your neighbourhood and helps you to meet and make friends with people in your local area, visit the site to find out more...', 'community', 'sharehood', 12, 39.645198, -106.599425, 'http://www.thesharehood.org/', '', NULL, 0, 0, 'n', NULL, NULL, NULL, '0000-00-00 00:00:00', 0),
(7825, 0, '', '', '', '', '', 'Local Community Sharehood', 'Community Sharing in Progress!  The Sharehood is all about sharing resources within your neighbourhood and helps you to meet and make friends with people in your local area, visit the site to find out more...', 'community', 'sharehood', 12, 52.9525131, -122.5215783, 'http://www.thesharehood.org/', '', NULL, 0, 0, 'n', NULL, NULL, NULL, '0000-00-00 00:00:00', 0),
(7826, 0, '', '', '', '', '', 'Local Community Sharehood', 'Community Sharing in Progress!  The Sharehood is all about sharing resources within your neighbourhood and helps you to meet and make friends with people in your local area, visit the site to find out more...', 'community', 'sharehood', 12, 43.7008876, -79.374866, 'http://www.thesharehood.org/', '', NULL, 0, 0, 'n', NULL, NULL, NULL, '0000-00-00 00:00:00', 0),
(7827, 0, '', '', '', '', '', 'Local Community Sharehood', 'Community Sharing in Progress!  The Sharehood is all about sharing resources within your neighbourhood and helps you to meet and make friends with people in your local area, visit the site to find out more...', 'community', 'sharehood', 12, 35.0642013, -106.6041318, 'http://www.thesharehood.org/', '', NULL, 0, 0, 'n', NULL, NULL, NULL, '0000-00-00 00:00:00', 0),
(7828, 0, '', '', '', '', '', 'Local Community Sharehood', 'Community Sharing in Progress!  The Sharehood is all about sharing resources within your neighbourhood and helps you to meet and make friends with people in your local area, visit the site to find out more...', 'community', 'sharehood', 12, -32.996642, 151.579179, 'http://www.thesharehood.org/', '', NULL, 0, 0, 'n', NULL, NULL, NULL, '0000-00-00 00:00:00', 0),
(7829, 0, '', '', '', '', '', 'Local Community Sharehood', 'Community Sharing in Progress!  The Sharehood is all about sharing resources within your neighbourhood and helps you to meet and make friends with people in your local area, visit the site to find out more...', 'community', 'sharehood', 12, -27.566514, 152.869945, 'http://www.thesharehood.org/', '', NULL, 0, 0, 'n', NULL, NULL, NULL, '0000-00-00 00:00:00', 0),
(7830, 0, '', '', '', '', '', 'Local Community Sharehood', 'Community Sharing in Progress!  The Sharehood is all about sharing resources within your neighbourhood and helps you to meet and make friends with people in your local area, visit the site to find out more...', 'community', 'sharehood', 12, 41.229313, -96.159635, 'http://www.thesharehood.org/', '', NULL, 0, 0, 'n', NULL, NULL, NULL, '0000-00-00 00:00:00', 0),
(7831, 0, '', '', '', '', '', 'Local Community Sharehood', 'Community Sharing in Progress!  The Sharehood is all about sharing resources within your neighbourhood and helps you to meet and make friends with people in your local area, visit the site to find out more...', 'community', 'sharehood', 12, -32.923369, 151.757451, 'http://www.thesharehood.org/', '', NULL, 0, 0, 'n', NULL, NULL, NULL, '0000-00-00 00:00:00', 0),
(7832, 0, '', '', '', '', '', 'Local Community Sharehood', 'Community Sharing in Progress!  The Sharehood is all about sharing resources within your neighbourhood and helps you to meet and make friends with people in your local area, visit the site to find out more...', 'community', 'sharehood', 12, 42.4718235, -83.1370782, 'http://www.thesharehood.org/', '', NULL, 0, 0, 'n', NULL, NULL, NULL, '0000-00-00 00:00:00', 0),
(7833, 0, '', '', '', '', '', 'Local Community Sharehood', 'Community Sharing in Progress!  The Sharehood is all about sharing resources within your neighbourhood and helps you to meet and make friends with people in your local area, visit the site to find out more...', 'community', 'sharehood', 12, 43.570372, -116.183218, 'http://www.thesharehood.org/', '', NULL, 0, 0, 'n', NULL, NULL, NULL, '0000-00-00 00:00:00', 0),
(7834, 0, '', '', '', '', '', 'Local Community Sharehood', 'Community Sharing in Progress!  The Sharehood is all about sharing resources within your neighbourhood and helps you to meet and make friends with people in your local area, visit the site to find out more...', 'community', 'sharehood', 12, 33.514358, -112.08002, 'http://www.thesharehood.org/', '', NULL, 0, 0, 'n', NULL, NULL, NULL, '0000-00-00 00:00:00', 0),
(7835, 0, '', '', '', '', '', 'Local Community Sharehood', 'Community Sharing in Progress!  The Sharehood is all about sharing resources within your neighbourhood and helps you to meet and make friends with people in your local area, visit the site to find out more...', 'community', 'sharehood', 12, -37.017972, 145.148154, 'http://www.thesharehood.org/', '', NULL, 0, 0, 'n', NULL, NULL, NULL, '0000-00-00 00:00:00', 0),
(7836, 0, '', '', '', '', '', 'Local Community Sharehood', 'Community Sharing in Progress!  The Sharehood is all about sharing resources within your neighbourhood and helps you to meet and make friends with people in your local area, visit the site to find out more...', 'community', 'sharehood', 12, 40.7004907, -73.9298634, 'http://www.thesharehood.org/', '', NULL, 0, 0, 'n', NULL, NULL, NULL, '0000-00-00 00:00:00', 0),
(7837, 0, '', '', '', '', '', 'Local Community Sharehood', 'Community Sharing in Progress!  The Sharehood is all about sharing resources within your neighbourhood and helps you to meet and make friends with people in your local area, visit the site to find out more...', 'community', 'sharehood', 12, 33.4173246, -111.927953, 'http://www.thesharehood.org/', '', NULL, 0, 0, 'n', NULL, NULL, NULL, '0000-00-00 00:00:00', 0),
(7838, 0, '', '', '', '', '', 'Local Community Sharehood', 'Community Sharing in Progress!  The Sharehood is all about sharing resources within your neighbourhood and helps you to meet and make friends with people in your local area, visit the site to find out more...', 'community', 'sharehood', 12, 43.5150312, -80.2324136, 'http://www.thesharehood.org/', '', NULL, 0, 0, 'n', NULL, NULL, NULL, '0000-00-00 00:00:00', 0),
(7839, 0, '', '', '', '', '', 'Local Community Sharehood', 'Community Sharing in Progress!  The Sharehood is all about sharing resources within your neighbourhood and helps you to meet and make friends with people in your local area, visit the site to find out more...', 'community', 'sharehood', 12, -33.920645, 151.120149, 'http://www.thesharehood.org/', '', NULL, 0, 0, 'n', NULL, NULL, NULL, '0000-00-00 00:00:00', 0),
(7840, 0, '', '', '', '', '', 'Local Community Sharehood', 'Community Sharing in Progress!  The Sharehood is all about sharing resources within your neighbourhood and helps you to meet and make friends with people in your local area, visit the site to find out more...', 'community', 'sharehood', 12, -37.847077, 145.120507, 'http://www.thesharehood.org/', '', NULL, 0, 0, 'n', NULL, NULL, NULL, '0000-00-00 00:00:00', 0),
(7841, 0, '', '', '', '', '', 'Local Community Sharehood', 'Community Sharing in Progress!  The Sharehood is all about sharing resources within your neighbourhood and helps you to meet and make friends with people in your local area, visit the site to find out more...', 'community', 'sharehood', 12, -37.780156, 145.013313, 'http://www.thesharehood.org/', '', NULL, 0, 0, 'n', NULL, NULL, NULL, '0000-00-00 00:00:00', 0),
(7842, 0, '', '', '', '', '', 'Local Community Sharehood', 'Community Sharing in Progress!  The Sharehood is all about sharing resources within your neighbourhood and helps you to meet and make friends with people in your local area, visit the site to find out more...', 'community', 'sharehood', 12, 55.1769644, -118.802871, 'http://www.thesharehood.org/', '', NULL, 0, 0, 'n', NULL, NULL, NULL, '0000-00-00 00:00:00', 0),
(7843, 0, '', '', '', '', '', 'Local Community Sharehood', 'Community Sharing in Progress!  The Sharehood is all about sharing resources within your neighbourhood and helps you to meet and make friends with people in your local area, visit the site to find out more...', 'community', 'sharehood', 12, -37.875467, 144.987484, 'http://www.thesharehood.org/', '', NULL, 0, 0, 'n', NULL, NULL, NULL, '0000-00-00 00:00:00', 0),
(7844, 0, '', '', '', '', '', 'Local Community Sharehood', 'Community Sharing in Progress!  The Sharehood is all about sharing resources within your neighbourhood and helps you to meet and make friends with people in your local area, visit the site to find out more...', 'community', 'sharehood', 12, -37.865097, 144.900406, 'http://www.thesharehood.org/', '', NULL, 0, 0, 'n', NULL, NULL, NULL, '0000-00-00 00:00:00', 0),
(7845, 0, '', '', '', '', '', 'Local Community Sharehood', 'Community Sharing in Progress!  The Sharehood is all about sharing resources within your neighbourhood and helps you to meet and make friends with people in your local area, visit the site to find out more...', 'community', 'sharehood', 12, -37.812925, 144.994296, 'http://www.thesharehood.org/', '', NULL, 0, 0, 'n', NULL, NULL, NULL, '0000-00-00 00:00:00', 0),
(7846, 0, '', '', '', '', '', 'Local Community Sharehood', 'Community Sharing in Progress!  The Sharehood is all about sharing resources within your neighbourhood and helps you to meet and make friends with people in your local area, visit the site to find out more...', 'community', 'sharehood', 12, -37.816403, 145.060288, 'http://www.thesharehood.org/', '', NULL, 0, 0, 'n', NULL, NULL, NULL, '0000-00-00 00:00:00', 0),
(7847, 0, '', '', '', '', '', 'Local Community Sharehood', 'Community Sharing in Progress!  The Sharehood is all about sharing resources within your neighbourhood and helps you to meet and make friends with people in your local area, visit the site to find out more...', 'community', 'sharehood', 12, -42.896942, 147.307308, 'http://www.thesharehood.org/', '', NULL, 0, 0, 'n', NULL, NULL, NULL, '0000-00-00 00:00:00', 0),
(7848, 0, '', '', '', '', '', 'Local Community Sharehood', 'Community Sharing in Progress!  The Sharehood is all about sharing resources within your neighbourhood and helps you to meet and make friends with people in your local area, visit the site to find out more...', 'community', 'sharehood', 12, -42.902878, 147.269304, 'http://www.thesharehood.org/', '', NULL, 0, 0, 'n', NULL, NULL, NULL, '0000-00-00 00:00:00', 0),
(7849, 0, '', '', '', '', '', 'Local Community Sharehood', 'Community Sharing in Progress!  The Sharehood is all about sharing resources within your neighbourhood and helps you to meet and make friends with people in your local area, visit the site to find out more...', 'community', 'sharehood', 12, 49.4939527, 8.4580785, 'http://www.thesharehood.org/', '', NULL, 0, 0, 'n', NULL, NULL, NULL, '0000-00-00 00:00:00', 0),
(7850, 0, '', '', '', '', '', 'Local Community Sharehood', 'Community Sharing in Progress!  The Sharehood is all about sharing resources within your neighbourhood and helps you to meet and make friends with people in your local area, visit the site to find out more...', 'community', 'sharehood', 12, -42.898177, 147.288852, 'http://www.thesharehood.org/', '', NULL, 0, 0, 'n', NULL, NULL, NULL, '0000-00-00 00:00:00', 0),
(7851, 0, '', '', '', '', '', 'Local Community Sharehood', 'Community Sharing in Progress!  The Sharehood is all about sharing resources within your neighbourhood and helps you to meet and make friends with people in your local area, visit the site to find out more...', 'community', 'sharehood', 12, 41.9928117, -87.6595992, 'http://www.thesharehood.org/', '', NULL, 0, 0, 'n', NULL, NULL, NULL, '0000-00-00 00:00:00', 0),
(7852, 0, '', '', '', '', '', 'Local Community Sharehood', 'Community Sharing in Progress!  The Sharehood is all about sharing resources within your neighbourhood and helps you to meet and make friends with people in your local area, visit the site to find out more...', 'community', 'sharehood', 12, 49.845872, -97.179408, 'http://www.thesharehood.org/', '', NULL, 0, 0, 'n', NULL, NULL, NULL, '0000-00-00 00:00:00', 0),
(7853, 0, '', '', '', '', '', 'Local Community Sharehood', 'Community Sharing in Progress!  The Sharehood is all about sharing resources within your neighbourhood and helps you to meet and make friends with people in your local area, visit the site to find out more...', 'community', 'sharehood', 12, -30.73555, 121.46274, 'http://www.thesharehood.org/', '', NULL, 0, 0, 'n', NULL, NULL, NULL, '0000-00-00 00:00:00', 0),
(7854, 0, '', '', '', '', '', 'Local Community Sharehood', 'Community Sharing in Progress!  The Sharehood is all about sharing resources within your neighbourhood and helps you to meet and make friends with people in your local area, visit the site to find out more...', 'community', 'sharehood', 12, -38.235303, 145.03863, 'http://www.thesharehood.org/', '', NULL, 0, 0, 'n', NULL, NULL, NULL, '0000-00-00 00:00:00', 0),
(7855, 0, '', '', '', '', '', 'Local Community Sharehood', 'Community Sharing in Progress!  The Sharehood is all about sharing resources within your neighbourhood and helps you to meet and make friends with people in your local area, visit the site to find out more...', 'community', 'sharehood', 12, -37.778595, 144.924541, 'http://www.thesharehood.org/', '', NULL, 0, 0, 'n', NULL, NULL, NULL, '0000-00-00 00:00:00', 0),
(7856, 0, '', '', '', '', '', 'Local Community Sharehood', 'Community Sharing in Progress!  The Sharehood is all about sharing resources within your neighbourhood and helps you to meet and make friends with people in your local area, visit the site to find out more...', 'community', 'sharehood', 12, -28.834532, 153.442408, 'http://www.thesharehood.org/', '', NULL, 0, 0, 'n', NULL, NULL, NULL, '0000-00-00 00:00:00', 0),
(7857, 0, '', '', '', '', '', 'Local Community Sharehood', 'Community Sharing in Progress!  The Sharehood is all about sharing resources within your neighbourhood and helps you to meet and make friends with people in your local area, visit the site to find out more...', 'community', 'sharehood', 12, -42.874256, 147.30407, 'http://www.thesharehood.org/', '', NULL, 0, 0, 'n', NULL, NULL, NULL, '0000-00-00 00:00:00', 0),
(7858, 0, '', '', '', '', '', 'Local Community Sharehood', 'Community Sharing in Progress!  The Sharehood is all about sharing resources within your neighbourhood and helps you to meet and make friends with people in your local area, visit the site to find out more...', 'community', 'sharehood', 12, -34.925968, 138.515838, 'http://www.thesharehood.org/', '', NULL, 0, 0, 'n', NULL, NULL, NULL, '0000-00-00 00:00:00', 0),
(7859, 0, '', '', '', '', '', 'Local Community Sharehood', 'Community Sharing in Progress!  The Sharehood is all about sharing resources within your neighbourhood and helps you to meet and make friends with people in your local area, visit the site to find out more...', 'community', 'sharehood', 12, 42.2515706, -83.6522389, 'http://www.thesharehood.org/', '', NULL, 0, 0, 'n', NULL, NULL, NULL, '0000-00-00 00:00:00', 0),
(7860, 0, '', '', '', '', '', 'Local Community Sharehood', 'Community Sharing in Progress!  The Sharehood is all about sharing resources within your neighbourhood and helps you to meet and make friends with people in your local area, visit the site to find out more...', 'community', 'sharehood', 12, -33.899891, 151.167344, 'http://www.thesharehood.org/', '', NULL, 0, 0, 'n', NULL, NULL, NULL, '0000-00-00 00:00:00', 0),
(7861, 0, '', '', '', '', '', 'Local Community Sharehood', 'Community Sharing in Progress!  The Sharehood is all about sharing resources within your neighbourhood and helps you to meet and make friends with people in your local area, visit the site to find out more...', 'community', 'sharehood', 12, -31.93531, 115.86524, 'http://www.thesharehood.org/', '', NULL, 0, 0, 'n', NULL, NULL, NULL, '0000-00-00 00:00:00', 0),
(7862, 0, '', '', '', '', '', 'Local Community Sharehood', 'Community Sharing in Progress!  The Sharehood is all about sharing resources within your neighbourhood and helps you to meet and make friends with people in your local area, visit the site to find out more...', 'community', 'sharehood', 12, -42.909885, 147.324902, 'http://www.thesharehood.org/', '', NULL, 0, 0, 'n', NULL, NULL, NULL, '0000-00-00 00:00:00', 0),
(7863, 0, '', '', '', '', '', 'Local Community Sharehood', 'Community Sharing in Progress!  The Sharehood is all about sharing resources within your neighbourhood and helps you to meet and make friends with people in your local area, visit the site to find out more...', 'community', 'sharehood', 12, -31.79132, 115.7844, 'http://www.thesharehood.org/', '', NULL, 0, 0, 'n', NULL, NULL, NULL, '0000-00-00 00:00:00', 0),
(7864, 0, '', '', '', '', '', 'Local Community Sharehood', 'Community Sharing in Progress!  The Sharehood is all about sharing resources within your neighbourhood and helps you to meet and make friends with people in your local area, visit the site to find out more...', 'community', 'sharehood', 12, -33.70897, 150.32961, 'http://www.thesharehood.org/', '', NULL, 0, 0, 'n', NULL, NULL, NULL, '0000-00-00 00:00:00', 0),
(7865, 0, '', '', '', '', '', 'Local Community Sharehood', 'Community Sharing in Progress!  The Sharehood is all about sharing resources within your neighbourhood and helps you to meet and make friends with people in your local area, visit the site to find out more...', 'community', 'sharehood', 12, -31.99205, 115.90183, 'http://www.thesharehood.org/', '', NULL, 0, 0, 'n', NULL, NULL, NULL, '0000-00-00 00:00:00', 0),
(7866, 0, '', '', '', '', '', 'Local Community Sharehood', 'Community Sharing in Progress!  The Sharehood is all about sharing resources within your neighbourhood and helps you to meet and make friends with people in your local area, visit the site to find out more...', 'community', 'sharehood', 12, 42.9746714, -81.2509547, 'http://www.thesharehood.org/', '', NULL, 0, 0, 'n', NULL, NULL, NULL, '0000-00-00 00:00:00', 0),
(7867, 0, '', '', '', '', '', 'Local Community Sharehood', 'Community Sharing in Progress!  The Sharehood is all about sharing resources within your neighbourhood and helps you to meet and make friends with people in your local area, visit the site to find out more...', 'community', 'sharehood', 12, -37.828265, 145.173214, 'http://www.thesharehood.org/', '', NULL, 0, 0, 'n', NULL, NULL, NULL, '0000-00-00 00:00:00', 0);
INSERT INTO `marker` (`marker_id`, `alt_contact_on`, `alt_contact_email`, `alt_contact_url`, `alt_contact_text`, `address`, `phone`, `title`, `description`, `type`, `subtype`, `subtype_id`, `lat`, `lng`, `www`, `wiki`, `rss`, `kml_on`, `datetime_on`, `is_demo`, `start_datetime`, `end_datetime`, `tags`, `last_updated`, `deleted`) VALUES
(7868, 0, '', '', '', '', '', 'Local Community Sharehood', 'Community Sharing in Progress!  The Sharehood is all about sharing resources within your neighbourhood and helps you to meet and make friends with people in your local area, visit the site to find out more...', 'community', 'sharehood', 12, 25.7844436, -80.1319637, 'http://www.thesharehood.org/', '', NULL, 0, 0, 'n', NULL, NULL, NULL, '0000-00-00 00:00:00', 0),
(7869, 0, '', '', '', '', '', 'Local Community Sharehood', 'Community Sharing in Progress!  The Sharehood is all about sharing resources within your neighbourhood and helps you to meet and make friends with people in your local area, visit the site to find out more...', 'community', 'sharehood', 12, 33.739277, -84.425516, 'http://www.thesharehood.org/', '', NULL, 0, 0, 'n', NULL, NULL, NULL, '0000-00-00 00:00:00', 0),
(7870, 0, '', '', '', '', '', 'Local Community Sharehood', 'Community Sharing in Progress!  The Sharehood is all about sharing resources within your neighbourhood and helps you to meet and make friends with people in your local area, visit the site to find out more...', 'community', 'sharehood', 12, 41.4676837, -75.6200107, 'http://www.thesharehood.org/', '', NULL, 0, 0, 'n', NULL, NULL, NULL, '0000-00-00 00:00:00', 0),
(7871, 0, '', '', '', '', '', 'Local Community Sharehood', 'Community Sharing in Progress!  The Sharehood is all about sharing resources within your neighbourhood and helps you to meet and make friends with people in your local area, visit the site to find out more...', 'community', 'sharehood', 12, 30.080999, -94.11872, 'http://www.thesharehood.org/', '', NULL, 0, 0, 'n', NULL, NULL, NULL, '0000-00-00 00:00:00', 0),
(7872, 0, '', '', '', '', '', 'Local Community Sharehood', 'Community Sharing in Progress!  The Sharehood is all about sharing resources within your neighbourhood and helps you to meet and make friends with people in your local area, visit the site to find out more...', 'community', 'sharehood', 12, -37.876232, 145.141212, 'http://www.thesharehood.org/', '', NULL, 0, 0, 'n', NULL, NULL, NULL, '0000-00-00 00:00:00', 0),
(7873, 0, '', '', '', '', '', 'Local Community Sharehood', 'Community Sharing in Progress!  The Sharehood is all about sharing resources within your neighbourhood and helps you to meet and make friends with people in your local area, visit the site to find out more...', 'community', 'sharehood', 12, -32.049091, 115.902362, 'http://www.thesharehood.org/', '', NULL, 0, 0, 'n', NULL, NULL, NULL, '0000-00-00 00:00:00', 0),
(7874, 0, '', '', '', '', '', 'Local Community Sharehood', 'Community Sharing in Progress!  The Sharehood is all about sharing resources within your neighbourhood and helps you to meet and make friends with people in your local area, visit the site to find out more...', 'community', 'sharehood', 12, 33.9645292, -84.5455187, 'http://www.thesharehood.org/', '', NULL, 0, 0, 'n', NULL, NULL, NULL, '0000-00-00 00:00:00', 0),
(7875, 0, '', '', '', '', '', 'Local Community Sharehood', 'Community Sharing in Progress!  The Sharehood is all about sharing resources within your neighbourhood and helps you to meet and make friends with people in your local area, visit the site to find out more...', 'community', 'sharehood', 12, -37.725279, 144.984317, 'http://www.thesharehood.org/', '', NULL, 0, 0, 'n', NULL, NULL, NULL, '0000-00-00 00:00:00', 0),
(7876, 0, '', '', '', '', '', 'Local Community Sharehood', 'Community Sharing in Progress!  The Sharehood is all about sharing resources within your neighbourhood and helps you to meet and make friends with people in your local area, visit the site to find out more...', 'community', 'sharehood', 12, -33.887583, 151.177818, 'http://www.thesharehood.org/', '', NULL, 0, 0, 'n', NULL, NULL, NULL, '0000-00-00 00:00:00', 0),
(7877, 0, '', '', '', '', '', 'Local Community Sharehood', 'Community Sharing in Progress!  The Sharehood is all about sharing resources within your neighbourhood and helps you to meet and make friends with people in your local area, visit the site to find out more...', 'community', 'sharehood', 12, 51.3648555, -0.4549194, 'http://www.thesharehood.org/', '', NULL, 0, 0, 'n', NULL, NULL, NULL, '0000-00-00 00:00:00', 0),
(7878, 0, '', '', '', '', '', 'Local Community Sharehood', 'Community Sharing in Progress!  The Sharehood is all about sharing resources within your neighbourhood and helps you to meet and make friends with people in your local area, visit the site to find out more...', 'community', 'sharehood', 12, -37.909201, 145.109013, 'http://www.thesharehood.org/', '', NULL, 0, 0, 'n', NULL, NULL, NULL, '0000-00-00 00:00:00', 0),
(7879, 0, '', '', '', '', '', 'Local Community Sharehood', 'Community Sharing in Progress!  The Sharehood is all about sharing resources within your neighbourhood and helps you to meet and make friends with people in your local area, visit the site to find out more...', 'community', 'sharehood', 12, 49.2547804, -122.9076677, 'http://www.thesharehood.org/', '', NULL, 0, 0, 'n', NULL, NULL, NULL, '0000-00-00 00:00:00', 0),
(7880, 0, '', '', '', '', '', 'Local Community Sharehood', 'Community Sharing in Progress!  The Sharehood is all about sharing resources within your neighbourhood and helps you to meet and make friends with people in your local area, visit the site to find out more...', 'community', 'sharehood', 12, -33.903195, 151.184876, 'http://www.thesharehood.org/', '', NULL, 0, 0, 'n', NULL, NULL, NULL, '0000-00-00 00:00:00', 0),
(7881, 0, '', '', '', '', '', 'Local Community Sharehood', 'Community Sharing in Progress!  The Sharehood is all about sharing resources within your neighbourhood and helps you to meet and make friends with people in your local area, visit the site to find out more...', 'community', 'sharehood', 12, -37.774272, 144.965361, 'http://www.thesharehood.org/', '', NULL, 0, 0, 'n', NULL, NULL, NULL, '0000-00-00 00:00:00', 0),
(7882, 0, '', '', '', '', '', 'Local Community Sharehood', 'Community Sharing in Progress!  The Sharehood is all about sharing resources within your neighbourhood and helps you to meet and make friends with people in your local area, visit the site to find out more...', 'community', 'sharehood', 12, 40.563782, -111.8721455, 'http://www.thesharehood.org/', '', NULL, 0, 0, 'n', NULL, NULL, NULL, '0000-00-00 00:00:00', 0),
(7883, 0, '', '', '', '', '', 'Local Community Sharehood', 'Community Sharing in Progress!  The Sharehood is all about sharing resources within your neighbourhood and helps you to meet and make friends with people in your local area, visit the site to find out more...', 'community', 'sharehood', 12, -33.418049, 151.446649, 'http://www.thesharehood.org/', '', NULL, 0, 0, 'n', NULL, NULL, NULL, '0000-00-00 00:00:00', 0),
(7884, 0, '', '', '', '', '', 'Local Community Sharehood', 'Community Sharing in Progress!  The Sharehood is all about sharing resources within your neighbourhood and helps you to meet and make friends with people in your local area, visit the site to find out more...', 'community', 'sharehood', 12, -37.86122, 144.679603, 'http://www.thesharehood.org/', '', NULL, 0, 0, 'n', NULL, NULL, NULL, '0000-00-00 00:00:00', 0),
(7885, 0, '', '', '', '', '', 'Local Community Sharehood', 'Community Sharing in Progress!  The Sharehood is all about sharing resources within your neighbourhood and helps you to meet and make friends with people in your local area, visit the site to find out more...', 'community', 'sharehood', 12, -38.320235, 144.316885, 'http://www.thesharehood.org/', '', NULL, 0, 0, 'n', NULL, NULL, NULL, '0000-00-00 00:00:00', 0),
(7886, 0, '', '', '', '', '', 'Local Community Sharehood', 'Community Sharing in Progress!  The Sharehood is all about sharing resources within your neighbourhood and helps you to meet and make friends with people in your local area, visit the site to find out more...', 'community', 'sharehood', 12, -34.919303, 138.564728, 'http://www.thesharehood.org/', '', NULL, 0, 0, 'n', NULL, NULL, NULL, '0000-00-00 00:00:00', 0),
(7887, 0, '', '', '', '', '', 'Local Community Sharehood', 'Community Sharing in Progress!  The Sharehood is all about sharing resources within your neighbourhood and helps you to meet and make friends with people in your local area, visit the site to find out more...', 'community', 'sharehood', 12, -37.711699, 144.975566, 'http://www.thesharehood.org/', '', NULL, 0, 0, 'n', NULL, NULL, NULL, '0000-00-00 00:00:00', 0),
(7888, 0, '', '', '', '', '', 'Local Community Sharehood', 'Community Sharing in Progress!  The Sharehood is all about sharing resources within your neighbourhood and helps you to meet and make friends with people in your local area, visit the site to find out more...', 'community', 'sharehood', 12, -35.249425, 149.133371, 'http://www.thesharehood.org/', '', NULL, 0, 0, 'n', NULL, NULL, NULL, '0000-00-00 00:00:00', 0),
(7889, 0, '', '', '', '', '', 'Local Community Sharehood', 'Community Sharing in Progress!  The Sharehood is all about sharing resources within your neighbourhood and helps you to meet and make friends with people in your local area, visit the site to find out more...', 'community', 'sharehood', 12, -33.877324, 151.245836, 'http://www.thesharehood.org/', '', NULL, 0, 0, 'n', NULL, NULL, NULL, '0000-00-00 00:00:00', 0),
(7890, 0, '', '', '', '', '', 'Dancing Dog Cafe/Theatre', 'Good food, theatre space with regular shows, art gallery, yoga and more at this comfy little cafe.', 'community', 'community space', 1, -37.802282028262, 144.897506833076, '', '', '', 0, 0, 'n', '9999-01-01 00:00:00', '9999-01-01 00:00:00', '', '2010-03-01 00:34:11', 0),
(7894, 0, '', '', '', '', '', 'Community Garden', 'Added as part of the VEIL Food Map\nwww.ecoinnovationlab.com/veil-food-map', 'food', 'community garden', 6, -37.801966, 144.992033, 'http://www.ecoinnovationlab.com', '', '', 0, 0, 'n', '9999-01-01 00:00:00', '9999-01-01 00:00:00', '', '2010-03-04 00:57:45', 0),
(7895, 0, '', '', '', '', '', 'Community Garden', 'Added as part of VEIL Food Map www.ecoinnovationlab.com/veil-food-map', 'food', 'community garden', 6, -37.801337, 144.992369, 'http://www.ecoinnovationlab.com', '', '', 0, 0, 'n', '9999-01-01 00:00:00', '9999-01-01 00:00:00', '', '2010-03-30 19:32:17', 0),
(7896, 1, '', 'http://mc2.vicnet.net.au/home/gardenyc/web/index.h', '', '', '', 'Yarraville Community Gardens', 'The Yarraville Community Group is a group of people living in and around the inner suburb of Yarraville. We have come together with the vision of creating a community garden within our suburb.\nAdded as part of the VEIL Food Map\nwww.ecoinnovationlab.com/veil-food-map', 'food', 'community garden', 6, -37.818056, 144.886161, '', '', '', 0, 0, 'n', '9999-01-01 00:00:00', '9999-01-01 00:00:00', '', '2011-01-15 16:24:01', 0),
(7898, 0, '', '', '', '', '', 'name', 'description', 'food', 'farm', 14, -37.766101, 144.92692, '', '', '', 0, 0, 'n', '9999-01-01 00:00:00', '9999-01-01 00:00:00', '', '2010-03-18 21:22:01', 0),
(7900, 0, NULL, NULL, '', 'Grant Street  Alexandra  3714', '5772 0349\r\n', 'Alexandra Library', '', '', '', 22, -37.18961447, 145.7081915, 'http://www.libraries.vic.gov.au', '', NULL, 0, 0, 'n', NULL, NULL, NULL, '0000-00-00 00:00:00', 0),
(7901, 0, NULL, NULL, '', '123 Queen Street  Altona  3018', '9932 1330\r\n', 'Altona Library', '', '', '', 22, -37.869153, 144.8290721, 'http://www.libraries.vic.gov.au', '', NULL, 0, 0, 'n', NULL, NULL, NULL, '0000-00-00 00:00:00', 0),
(7902, 0, NULL, NULL, '', '2 Newham Way  Altona Meadows  3025', '9932 3020\r\n', 'Altona Meadows Library', '', '', '', 22, -37.87386228, 144.7726799, 'http://www.libraries.vic.gov.au', '', NULL, 0, 0, 'n', NULL, NULL, NULL, '0000-00-00 00:00:00', 0),
(7903, 0, NULL, NULL, '', 'Barkly Street  Ararat  3377', '5352 1722\r\n', 'Ararat Library', '', '', '', 22, -37.2891, 142.91094, 'http://www.libraries.vic.gov.au', '', NULL, 0, 0, 'n', NULL, NULL, NULL, '0000-00-00 00:00:00', 0),
(7904, 0, NULL, NULL, '', '165 Union Road  Ascot Vale  3032', '8325 1990\r\n', 'Ascot Vale Library', '', '', '', 22, -37.77402158, 144.9155657, 'http://www.libraries.vic.gov.au', '', NULL, 0, 0, 'n', NULL, NULL, NULL, '0000-00-00 00:00:00', 0),
(7905, 0, NULL, NULL, '', '154 High Street  Ashburton  3147', '9278 4633\r\n', 'Ashburton Library', '', '', '', 22, -37.86323577, 145.0768989, 'http://www.libraries.vic.gov.au', '', NULL, 0, 0, 'n', NULL, NULL, NULL, '0000-00-00 00:00:00', 0),
(7906, 0, NULL, NULL, '', '122 Main St  Avoca  3467', '5465 3204\r\n', 'Avoca Library', '', '', '', 22, -37.10880966, 143.3583156, 'http://www.libraries.vic.gov.au', '', NULL, 0, 0, 'n', NULL, NULL, NULL, '0000-00-00 00:00:00', 0),
(7907, 0, NULL, NULL, '', 'Main Street  Bacchus Marsh  3340', '5367 2533\r\n', 'Bacchus Marsh Library', '', '', '', 22, -37.67568108, 144.4364085, 'http://www.libraries.vic.gov.au', '', NULL, 0, 0, 'n', NULL, NULL, NULL, '0000-00-00 00:00:00', 0),
(7908, 0, NULL, NULL, '', '22 Service Street  Bairnsdale  3875', '5152 4225\r\n', 'Bairnsdale Library', '', '', '', 22, -37.82551789, 147.6288324, 'http://www.libraries.vic.gov.au', '', NULL, 0, 0, 'n', NULL, NULL, NULL, '0000-00-00 00:00:00', 0),
(7909, 0, NULL, NULL, '', '178 Doveton Street N  Ballarat  3350', '5331 1211\r\n', 'Ballarat Library', '', '', '', 22, -37.56919583, 143.8534284, 'http://www.libraries.vic.gov.au', '', NULL, 0, 0, 'n', NULL, NULL, NULL, '0000-00-00 00:00:00', 0),
(7910, 0, NULL, NULL, '', '336 Whitehorse Road  Balwyn  3103', '9278 4644\r\n', 'Balwyn Library', '', '', '', 22, -37.81352265, 145.085528, 'http://www.libraries.vic.gov.au', '', NULL, 0, 0, 'n', NULL, NULL, NULL, '0000-00-00 00:00:00', 0),
(7911, 0, NULL, NULL, '', '25 Noorong Street  Barham  2732', '5453 2642\r\n', 'Barham Library', '', '', '', 22, -35.95630071, 144.9910538, 'http://www.libraries.vic.gov.au', '', NULL, 0, 0, 'n', NULL, NULL, NULL, '0000-00-00 00:00:00', 0),
(7912, 0, NULL, NULL, '', 'Golf Links Road  Barwon Heads  3227', '5254 2143\r\n', 'Barwon Heads Library', '', '', '', 22, -38.28137, 144.487042, 'http://www.libraries.vic.gov.au', '', NULL, 0, 0, 'n', NULL, NULL, NULL, '0000-00-00 00:00:00', 0),
(7913, 0, NULL, NULL, '', '72 Neill St  Beaufort  3373', '5349 2808\r\n', 'Beaufort Library', '', '', '', 22, -37.42949937, 143.382116, 'http://www.libraries.vic.gov.au', '', NULL, 0, 0, 'n', NULL, NULL, NULL, '0000-00-00 00:00:00', 0),
(7914, 0, NULL, NULL, '', '96 Reserve Road  Beaumaris  3193', '9599 4368\r\n', 'Beaumaris Library', '', '', '', 22, -37.98180541, 145.0337148, 'http://www.libraries.vic.gov.au', '', NULL, 0, 0, 'n', NULL, NULL, NULL, '0000-00-00 00:00:00', 0),
(7915, 0, NULL, NULL, '', 'Corner Albert Rd &amp; Harper Ave  Beechworth  3747', '5728 3092\r\n', 'Beechworth Library', '', '', '', 22, -36.36184, 146.68917, 'http://www.libraries.vic.gov.au', '', NULL, 0, 0, 'n', NULL, NULL, NULL, '0000-00-00 00:00:00', 0),
(7916, 0, NULL, NULL, '', 'Reynolds Lane  Belgrave  3160', '9754 7266\r\n', 'Belgrave Library', '', '', '', 22, -37.90894, 145.35256, 'http://www.libraries.vic.gov.au', '', NULL, 0, 0, 'n', NULL, NULL, NULL, '0000-00-00 00:00:00', 0),
(7917, 0, NULL, NULL, '', '163 High Street  Belmont  3216', '5243 2655\r\n', 'Belmont Library', '', '', '', 22, -38.17452655, 144.3435636, 'http://www.libraries.vic.gov.au', '', NULL, 0, 0, 'n', NULL, NULL, NULL, '0000-00-00 00:00:00', 0),
(7918, 0, NULL, NULL, '', 'Nunn Street  Benalla  3672', '5762 2069\r\n', 'Benalla Library', '', '', '', 22, -36.550896, 145.982883, 'http://www.libraries.vic.gov.au', '', NULL, 0, 0, 'n', NULL, NULL, NULL, '0000-00-00 00:00:00', 0),
(7919, 0, NULL, NULL, '', '259 Hargreaves Street  Bendigo  3550', '5449 2700\r\n', 'Bendigo Library', '', '', '', 22, -36.75910695, 144.2818943, 'http://www.libraries.vic.gov.au', '', NULL, 0, 0, 'n', NULL, NULL, NULL, '0000-00-00 00:00:00', 0),
(7920, 0, NULL, NULL, '', '161 Jasper Road  Bentleigh  3204', '9557 8278\r\n', 'Bentleigh Library', '', '', '', 22, -37.91958552, 145.041327, 'http://www.libraries.vic.gov.au', '', NULL, 0, 0, 'n', NULL, NULL, NULL, '0000-00-00 00:00:00', 0),
(7921, 0, NULL, NULL, '', 'Community Education Complex  Campbell Street  Birchip  3483', '03 5492 2230\r\n', 'Birchip Library', '', '', '', 22, -35.9933638, 142.9255684, 'http://www.libraries.vic.gov.au', '', NULL, 0, 0, 'n', NULL, NULL, NULL, '0000-00-00 00:00:00', 0),
(7922, 0, NULL, NULL, '', 'Cnr Blackburn &amp; Central Roads  Blackburn  3130', '9878 6851\r\n', 'Blackburn Library', '', '', '', 22, -37.82169492, 145.1522567, 'http://www.libraries.vic.gov.au', '', NULL, 0, 0, 'n', NULL, NULL, NULL, '0000-00-00 00:00:00', 0),
(7923, 0, NULL, NULL, '', 'Park Crescent  Boronia  3155', '9762 4099\r\n', 'Boronia Library', '', '', '', 22, -37.86382, 145.28449, 'http://www.libraries.vic.gov.au', '', NULL, 0, 0, 'n', NULL, NULL, NULL, '0000-00-00 00:00:00', 0),
(7924, 0, NULL, NULL, '', '1040 Whitehorse Road  Box Hill  3128', '9890 1002\r\n', 'Box Hill Library', '', '', '', 22, -37.81834525, 145.1267976, 'http://www.libraries.vic.gov.au', '', NULL, 0, 0, 'n', NULL, NULL, NULL, '0000-00-00 00:00:00', 0),
(7925, 0, NULL, NULL, '', 'Ireland Street  Bright  3741', '5755 1540\r\n', 'Bright Library', '', '', '', 22, -36.72934833, 146.9611615, 'http://www.libraries.vic.gov.au', '', NULL, 0, 0, 'n', NULL, NULL, NULL, '0000-00-00 00:00:00', 0),
(7926, 0, NULL, NULL, '', '14 Wilson Street  Brighton  3186', '9591 5900\r\n', 'Brighton Library', '', '', '', 22, -37.91087399, 144.997607, 'http://www.libraries.vic.gov.au', '', NULL, 0, 0, 'n', NULL, NULL, NULL, '0000-00-00 00:00:00', 0),
(7927, 0, NULL, NULL, '', '10/29 Powlett Street  Broadford  3658', '5784 3357\r\n', 'Broadford Library', '', '', '', 22, -37.20350566, 145.0471688, 'http://www.libraries.vic.gov.au', '', NULL, 0, 0, 'n', NULL, NULL, NULL, '0000-00-00 00:00:00', 0),
(7928, 0, NULL, NULL, '', 'Corner of Sydney Road and Dawson Street  Brunswick  3056', '9389 8600\r\n', 'Brunswick Library', '', '', '', 22, -37.77191, 144.961131, 'http://www.libraries.vic.gov.au', '', NULL, 0, 0, 'n', NULL, NULL, NULL, '0000-00-00 00:00:00', 0),
(7929, 0, NULL, NULL, '', 'Bulleen Plaza  Manningham Road  Bulleen  3105', '9852 2288\r\n', 'Bulleen Library', '', '', '', 22, -37.76587, 145.09179, 'http://www.libraries.vic.gov.au', '', NULL, 0, 0, 'n', NULL, NULL, NULL, '0000-00-00 00:00:00', 0),
(7930, 0, NULL, NULL, '', '25 Inglesby Road  Camberwell  3124', '9278 4655\r\n', 'Camberwell Library', '', '', '', 22, -37.83498667, 145.0589637, 'http://www.libraries.vic.gov.au', '', NULL, 0, 0, 'n', NULL, NULL, NULL, '0000-00-00 00:00:00', 0),
(7931, 0, NULL, NULL, '', '220 Melville Road  Campbell Turnbull Library  3055', '9384 9200\r\n', 'Campbell Turnbull Library Library', '', '', '', 22, -37.75444878, 144.9458868, 'http://www.libraries.vic.gov.au', '', NULL, 0, 0, 'n', NULL, NULL, NULL, '0000-00-00 00:00:00', 0),
(7932, 0, NULL, NULL, '', '212 Manifold Street  Camperdown  3260', '5593 2356\r\n', 'Camperdown Library', '', '', '', 22, -38.23135423, 143.1458382, 'http://www.libraries.vic.gov.au', '', NULL, 0, 0, 'n', NULL, NULL, NULL, '0000-00-00 00:00:00', 0),
(7933, 0, NULL, NULL, '', '667 Rathdowne Street  Carlton  3054', '1300 695 427\r\n', 'Carlton Library', '', '', '', 22, -37.78951849, 144.9715862, 'http://www.libraries.vic.gov.au', '', NULL, 0, 0, 'n', NULL, NULL, NULL, '0000-00-00 00:00:00', 0),
(7934, 0, NULL, NULL, '', '7 Shepparson Avenue  Carnegie  3163', '9563 0971\r\n', 'Carnegie Library', '', '', '', 22, -37.88744034, 145.0582785, 'http://www.libraries.vic.gov.au', '', NULL, 0, 0, 'n', NULL, NULL, NULL, '0000-00-00 00:00:00', 0),
(7935, 0, NULL, NULL, '', '203 Lyrebird Drive  Carrum Downs  3201', '9782 0418\r\n', 'Carrum Downs Library', '', '', '', 22, -38.10867319, 145.179497, 'http://www.libraries.vic.gov.au', '', NULL, 0, 0, 'n', NULL, NULL, NULL, '0000-00-00 00:00:00', 0),
(7936, 0, NULL, NULL, '', '67 Henty Street  Casterton  3311', '03-5581 1102\r\n', 'Casterton Library', '', '', '', 22, -37.5847154, 141.4054372, 'http://www.libraries.vic.gov.au', '', NULL, 0, 0, 'n', NULL, NULL, NULL, '0000-00-00 00:00:00', 0),
(7937, 0, NULL, NULL, '', 'Barker Street  Castlemaine  3450', '5472 1458\r\n', 'Castlemaine Library', '', '', '', 22, -37.063598, 144.217299, 'http://www.libraries.vic.gov.au', '', NULL, 0, 0, 'n', NULL, NULL, NULL, '0000-00-00 00:00:00', 0),
(7938, 0, NULL, NULL, '', 'Cnr Glen Eira &amp; Hawthorn Roads  Caulfield  3162', '9532 9466\r\n', 'Caulfield Library', '', '', '', 22, -37.8800209, 145.02291, 'http://www.libraries.vic.gov.au', '', NULL, 0, 0, 'n', NULL, NULL, NULL, '0000-00-00 00:00:00', 0),
(7939, 0, NULL, NULL, '', '1 Chelsea Road  Chelsea  3196', '1300 135 668\r\n', 'Chelsea Library', '', '', '', 22, -38.05060886, 145.1161004, 'http://www.libraries.vic.gov.au', '', NULL, 0, 0, 'n', NULL, NULL, NULL, '0000-00-00 00:00:00', 0),
(7940, 0, NULL, NULL, '', '12 Stanley Avenue  Cheltenham  3192', '1300 135 668\r\n', 'Cheltenham Library', '', '', '', 22, -37.96766324, 145.0565558, 'http://www.libraries.vic.gov.au', '', NULL, 0, 0, 'n', NULL, NULL, NULL, '0000-00-00 00:00:00', 0),
(7941, 0, NULL, NULL, '', 'Conness Street  Chiltern  3683', '5726 1874\r\n', 'Chiltern Library', '', '', '', 22, -36.151392, 146.612262, 'http://www.libraries.vic.gov.au', '', NULL, 0, 0, 'n', NULL, NULL, NULL, '0000-00-00 00:00:00', 0),
(7942, 0, NULL, NULL, '', '51 Russell Street  Chilwell  3220', '5221 5129\r\n', 'Chilwell Library', '', '', '', 22, -38.15708783, 144.3467352, 'http://www.libraries.vic.gov.au', '', NULL, 0, 0, 'n', NULL, NULL, NULL, '0000-00-00 00:00:00', 0),
(7943, 0, NULL, NULL, '', 'McDonald Way  Churchill  3842', '03 5122 2723\r\n', 'Churchill Library', '', '', '', 22, -38.31054, 146.42507, 'http://www.libraries.vic.gov.au', '', NULL, 0, 0, 'n', NULL, NULL, NULL, '0000-00-00 00:00:00', 0),
(7944, 0, NULL, NULL, '', '222 Park Street  Cinemedia  3205', '9929 7040 or 1800 80', 'Cinemedia Library', '', '', '', 22, -37.83478331, 144.962147, 'http://www.libraries.vic.gov.au', '', NULL, 0, 0, 'n', NULL, NULL, NULL, '0000-00-00 00:00:00', 0),
(7945, 0, NULL, NULL, '', '253 Flinders Lane  Melbourne  City Library  3000', '9658 9500\r\n', 'City Library Library', '', '', '', 22, -37.81694088, 144.9658414, 'http://www.libraries.vic.gov.au', '', NULL, 0, 0, 'n', NULL, NULL, NULL, '0000-00-00 00:00:00', 0),
(7946, 0, NULL, NULL, '', '58 Viney Street  Clarinda  3169', '1300 135 668\r\n', 'Clarinda Library', '', '', '', 22, -37.94047325, 145.1021123, 'http://www.libraries.vic.gov.au', '', NULL, 0, 0, 'n', NULL, NULL, NULL, '0000-00-00 00:00:00', 0),
(7947, 0, NULL, NULL, '', 'Cooke Street  Clayton  3168', '9544 0668\r\n', 'Clayton Library', '', '', '', 22, -37.92678, 145.11851, 'http://www.libraries.vic.gov.au', '', NULL, 0, 0, 'n', NULL, NULL, NULL, '0000-00-00 00:00:00', 0),
(7948, 0, NULL, NULL, '', 'Fraser Street  Clunes  3370', '5345 3359\r\n', 'Clunes Library', '', '', '', 22, -37.29333, 143.78688, 'http://www.libraries.vic.gov.au', '', NULL, 0, 0, 'n', NULL, NULL, NULL, '0000-00-00 00:00:00', 0),
(7949, 0, NULL, NULL, '', '55 Victoria Street  Cobden  3266', '5595 1228\r\n', 'Cobden Library', '', '', '', 22, -38.32700989, 143.0772248, 'http://www.libraries.vic.gov.au', '', NULL, 0, 0, 'n', NULL, NULL, NULL, '0000-00-00 00:00:00', 0),
(7950, 0, NULL, NULL, '', 'Warkil Street  Cobram Secondary College Community  3644', '5872 2213\r\n', 'Cobram Secondary College Community Library', '', '', '', 22, -35.91348, 145.65402, 'http://www.libraries.vic.gov.au', '', NULL, 0, 0, 'n', NULL, NULL, NULL, '0000-00-00 00:00:00', 0),
(7951, 0, NULL, NULL, '', 'Cnr Victoria &amp; Louisa Streets  Coburg  3058', '9353 4000\r\n', 'Coburg Library', '', '', '', 22, -37.74325, 144.96533, 'http://www.libraries.vic.gov.au', '', NULL, 0, 0, 'n', NULL, NULL, NULL, '0000-00-00 00:00:00', 0),
(7952, 0, NULL, NULL, '', 'King Edward Street  Cohuna  3568', '5456 2124\r\n', 'Cohuna Library', '', '', '', 22, -35.80517, 144.21718, 'http://www.libraries.vic.gov.au', '', NULL, 0, 0, 'n', NULL, NULL, NULL, '0000-00-00 00:00:00', 0),
(7953, 0, NULL, NULL, '', '105 Gellibrand Street  Colac  3250', '5231 4613\r\n', 'Colac Library', '', '', '', 22, -38.34310049, 143.585279, 'http://www.libraries.vic.gov.au', '', NULL, 0, 0, 'n', NULL, NULL, NULL, '0000-00-00 00:00:00', 0),
(7954, 0, NULL, NULL, '', 'Colbinabbin  Colbinabbin  3559', '5482 1997\r\n', 'Colbinabbin Library', '', '', '', 22, -36.59587551, 144.7739969, 'http://www.libraries.vic.gov.au', '', NULL, 0, 0, 'n', NULL, NULL, NULL, '0000-00-00 00:00:00', 0),
(7955, 0, NULL, NULL, '', '11 Stanton Street  Abbotsford  Collingwood  3067', '1300 695 427\r\n', 'Collingwood Library', '', '', '', 22, -37.80443139, 144.9930806, 'http://www.libraries.vic.gov.au', '', NULL, 0, 0, 'n', NULL, NULL, NULL, '0000-00-00 00:00:00', 0),
(7956, 0, NULL, NULL, '', 'Cox Road  Corio  3214', '5275 2388\r\n', 'Corio Library', '', '', '', 22, -38.0842, 144.35571, 'http://www.libraries.vic.gov.au', '', NULL, 0, 0, 'n', NULL, NULL, NULL, '0000-00-00 00:00:00', 0),
(7957, 0, NULL, NULL, '', '157 Sangar Street  Corowa  2646', '02 6033 4570\r\n', 'Corowa Library', '', '', '', 22, -36.41108013, 145.0712263, 'http://www.libraries.vic.gov.au', '', NULL, 0, 0, 'n', NULL, NULL, NULL, '0000-00-00 00:00:00', 0),
(7958, 0, NULL, NULL, '', 'Hansen Street  Corryong  3707', '02 6076 1639\r\n', 'Corryong Library', '', '', '', 22, -36.19856274, 147.8973148, 'http://www.libraries.vic.gov.au', '', NULL, 0, 0, 'n', NULL, NULL, NULL, '0000-00-00 00:00:00', 0),
(7959, 0, NULL, NULL, '', '59 Craigieburn Road  Craigieburn  3064', '9308 2511\r\n', 'Craigieburn Library', '', '', '', 22, -37.59831531, 144.9339585, 'http://www.libraries.vic.gov.au', '', NULL, 0, 0, 'n', NULL, NULL, NULL, '0000-00-00 00:00:00', 0),
(7960, 0, NULL, NULL, '', '65 Berwick-Cranbourne Road  Cranbourne  3977', '(03) 5996 3611\r\n', 'Cranbourne Library', '', '', '', 22, -38.11468016, 145.2965794, 'http://www.libraries.vic.gov.au', '', NULL, 0, 0, 'n', NULL, NULL, NULL, '0000-00-00 00:00:00', 0),
(7961, 0, NULL, NULL, '', 'Albert Street  Creswick  3363', '5345 2145\r\n', 'Creswick Library', '', '', '', 22, -37.42381, 143.89509, 'http://www.libraries.vic.gov.au', '', NULL, 0, 0, 'n', NULL, NULL, NULL, '0000-00-00 00:00:00', 0),
(7962, 0, NULL, NULL, '', 'Civic Square  Croydon  3136', '9294 5640\r\n', 'Croydon Library', '', '', '', 22, -37.80057, 145.2817, 'http://www.libraries.vic.gov.au', '', NULL, 0, 0, 'n', NULL, NULL, NULL, '0000-00-00 00:00:00', 0),
(7963, 0, NULL, NULL, '', 'Stuart Street  Dandenong  3175', '9238 1489\r\n', 'Dandenong Library', '', '', '', 22, -37.984241, 145.217634, 'http://www.libraries.vic.gov.au', '', NULL, 0, 0, 'n', NULL, NULL, NULL, '0000-00-00 00:00:00', 0),
(7964, 0, NULL, NULL, '', '33 Albert Street  Daylesford  3460', '5348 2800\r\n', 'Daylesford Library', '', '', '', 22, -37.34107171, 144.1416433, 'http://www.libraries.vic.gov.au', '', NULL, 0, 0, 'n', NULL, NULL, NULL, '0000-00-00 00:00:00', 0),
(7965, 0, NULL, NULL, '', 'Cnr Neale &amp; Station Roads  Deer Park  3023', '9360 4499\r\n', 'Deer Park Library', '', '', '', 22, -37.75221, 144.77732, 'http://www.libraries.vic.gov.au', '', NULL, 0, 0, 'n', NULL, NULL, NULL, '0000-00-00 00:00:00', 0),
(7966, 0, NULL, NULL, '', '55 Main Street  Derrinallum  3325', '5597 6658\r\n', 'Derrinallum Library', '', '', '', 22, -37.94886508, 143.2181705, 'http://www.libraries.vic.gov.au', '', NULL, 0, 0, 'n', NULL, NULL, NULL, '0000-00-00 00:00:00', 0),
(7967, 0, NULL, NULL, '', 'Civic Drive  Diamond Valley  3088', '9434 3809\r\n', 'Diamond Valley Library', '', '', '', 22, -37.68833679, 145.1094963, 'http://www.libraries.vic.gov.au', '', NULL, 0, 0, 'n', NULL, NULL, NULL, '0000-00-00 00:00:00', 0),
(7968, 0, NULL, NULL, '', '101 Lloyd Street  Dimboola  3414', '03 5389 1734\r\n', 'Dimboola Library', '', '', '', 22, -36.45533268, 142.0274466, 'http://www.libraries.vic.gov.au', '', NULL, 0, 0, 'n', NULL, NULL, NULL, '0000-00-00 00:00:00', 0),
(7969, 0, NULL, NULL, '', '31C Marcus Road  Dingley  3172', '1300 135 668\r\n', 'Dingley Library', '', '', '', 22, -37.9819023, 145.1344779, 'http://www.libraries.vic.gov.au', '', NULL, 0, 0, 'n', NULL, NULL, NULL, '0000-00-00 00:00:00', 0),
(7970, 0, NULL, NULL, '', 'Autumn Place  Doveton  3177', '(03) 9792 9497\r\n', 'Doveton Library', '', '', '', 22, -37.994749, 145.238459, 'http://www.libraries.vic.gov.au', '', NULL, 0, 0, 'n', NULL, NULL, NULL, '0000-00-00 00:00:00', 0),
(7971, 0, NULL, NULL, '', '136 Princes Way  Drouin  3818', '5625 1564\r\n', 'Drouin Library', '', '', '', 22, -38.13390014, 145.8536155, 'http://www.libraries.vic.gov.au', '', NULL, 0, 0, 'n', NULL, NULL, NULL, '0000-00-00 00:00:00', 0),
(7972, 0, NULL, NULL, '', '18-20 Hancock St  Drysdale  3222', '5251 3855\r\n', 'Drysdale Library', '', '', '', 22, -38.17199889, 144.5702025, 'http://www.libraries.vic.gov.au', '', NULL, 0, 0, 'n', NULL, NULL, NULL, '0000-00-00 00:00:00', 0),
(7973, 0, NULL, NULL, '', 'Cnr Buckley Street &amp; Milleara Road  East Keilor  3033', '8325 1940\r\n', 'East Keilor Library', '', '', '', 22, -37.749505, 144.860684, 'http://www.libraries.vic.gov.au', '', NULL, 0, 0, 'n', NULL, NULL, NULL, '0000-00-00 00:00:00', 0),
(7974, 0, NULL, NULL, '', '122 George St  East Melbourne  3002', '9658 9600\r\n', 'East Melbourne Library', '', '', '', 22, -37.81537953, 144.9865314, 'http://www.libraries.vic.gov.au', '', NULL, 0, 0, 'n', NULL, NULL, NULL, '0000-00-00 00:00:00', 0),
(7975, 0, NULL, NULL, '', '524-528 High Street  Echuca  3564', '5482 1997\r\n', 'Echuca Library', '', '', '', 22, -36.1242318, 144.7473632, 'http://www.libraries.vic.gov.au', '', NULL, 0, 0, 'n', NULL, NULL, NULL, '0000-00-00 00:00:00', 0),
(7976, 0, NULL, NULL, '', '59 Elizabeth Street  Edenhope  3318', '03 5585 1302\r\n', 'Edenhope Library', '', '', '', 22, -37.03623346, 141.2967963, 'http://www.libraries.vic.gov.au', '', NULL, 0, 0, 'n', NULL, NULL, NULL, '0000-00-00 00:00:00', 0),
(7977, 0, NULL, NULL, '', '4 Staniland Grove  Elsternwick  3185', '9532 9321\r\n', 'Elsternwick Library', '', '', '', 22, -37.88414449, 145.0044487, 'http://www.libraries.vic.gov.au', '', NULL, 0, 0, 'n', NULL, NULL, NULL, '0000-00-00 00:00:00', 0),
(7978, 0, NULL, NULL, '', 'Panther Place  Eltham  3095', '9439 9266\r\n', 'Eltham Library', '', '', '', 22, -37.716198, 145.14616, 'http://www.libraries.vic.gov.au', '', NULL, 0, 0, 'n', NULL, NULL, NULL, '0000-00-00 00:00:00', 0),
(7979, 0, NULL, NULL, '', '400B Belgrave-Gembrook Road  Emerald  3782', '5968 3925\r\n', 'Emerald Library', '', '', '', 22, -37.92952552, 145.4450282, 'http://www.libraries.vic.gov.au', '', NULL, 0, 0, 'n', NULL, NULL, NULL, '0000-00-00 00:00:00', 0),
(7980, 0, NULL, NULL, '', '195 Bank Street  Emerald Hill  3205', '9209 6611\r\n', 'Emerald Hill Library', '', '', '', 22, -37.83469798, 144.9603427, 'http://www.libraries.vic.gov.au', '', NULL, 0, 0, 'n', NULL, NULL, NULL, '0000-00-00 00:00:00', 0),
(7981, 0, NULL, NULL, '', 'Raymond McMahon Blvd  Endeavour Hills  3802', '(03) 9700 7177\r\n', 'Endeavour Hills Library', '', '', '', 22, -37.978239, 145.259917, 'http://www.libraries.vic.gov.au', '', NULL, 0, 0, 'n', NULL, NULL, NULL, '0000-00-00 00:00:00', 0),
(7982, 0, NULL, NULL, '', '62 Binney Street  Euroa Public Library  3666', '5795 3064\r\n', 'Euroa Public Library Library', '', '', '', 22, -36.75048725, 145.5700778, 'http://www.libraries.vic.gov.au', '', NULL, 0, 0, 'n', NULL, NULL, NULL, '0000-00-00 00:00:00', 0),
(7983, 0, NULL, NULL, '', '121 Station Street  Fairfield  3078', '1300 655 355\r\n', 'Fairfield Library', '', '', '', 22, -37.77758758, 145.0193193, 'http://www.libraries.vic.gov.au', '', NULL, 0, 0, 'n', NULL, NULL, NULL, '0000-00-00 00:00:00', 0),
(7984, 0, NULL, NULL, '', 'Jukes Road  Fawkner  3060', '9355 4200\r\n', 'Fawkner Library', '', '', '', 22, -37.702514, 144.970017, 'http://www.libraries.vic.gov.au', '', NULL, 0, 0, 'n', NULL, NULL, NULL, '0000-00-00 00:00:00', 0),
(7985, 0, NULL, NULL, '', '1010 Burwood Highway  Ferntree Gully  3156', '9294 8140\r\n', 'Ferntree Gully Library', '', '', '', 22, -37.89044262, 145.2912164, 'http://www.libraries.vic.gov.au', '', NULL, 0, 0, 'n', NULL, NULL, NULL, '0000-00-00 00:00:00', 0),
(7986, 0, NULL, NULL, '', '128 Moor Street  Fitzroy  3065', '1300 695 427\r\n', 'Fitzroy Library', '', '', '', 22, -37.80171709, 144.9790185, 'http://www.libraries.vic.gov.au', '', NULL, 0, 0, 'n', NULL, NULL, NULL, '0000-00-00 00:00:00', 0),
(7987, 0, NULL, NULL, '', '313 Racecourse Road  Flemington  3031', '8325 1975\r\n', 'Flemington Library', '', '', '', 22, -37.78846916, 144.930478, 'http://www.libraries.vic.gov.au', '', NULL, 0, 0, 'n', NULL, NULL, NULL, '0000-00-00 00:00:00', 0),
(7988, 0, NULL, NULL, '', '56 Paisley Street  Footscray  3011', '9688 0290\r\n', 'Footscray Library', '', '', '', 22, -37.80026175, 144.8956908, 'http://www.libraries.vic.gov.au', '', NULL, 0, 0, 'n', NULL, NULL, NULL, '0000-00-00 00:00:00', 0),
(7989, 0, NULL, NULL, '', '539 Barkly Street  Footscray West  3012', '9688 0292\r\n', 'Footscray West Library', '', '', '', 22, -37.79763975, 144.8781393, 'http://www.libraries.vic.gov.au', '', NULL, 0, 0, 'n', NULL, NULL, NULL, '0000-00-00 00:00:00', 0),
(7990, 0, NULL, NULL, '', 'Main Street  Foster  3960', '5682 1735\r\n', 'Foster Library', '', '', '', 22, -38.65215, 146.200795, 'http://www.libraries.vic.gov.au', '', NULL, 0, 0, 'n', NULL, NULL, NULL, '0000-00-00 00:00:00', 0),
(7991, 0, NULL, NULL, '', '60 Playne Street  Frankston  3199', '9784 1020\r\n', 'Frankston Library', '', '', '', 22, -38.14573441, 145.1236738, 'http://www.libraries.vic.gov.au', '', NULL, 0, 0, 'n', NULL, NULL, NULL, '0000-00-00 00:00:00', 0),
(7992, 0, NULL, NULL, '', '49 Little Malop Street  Geelong  3220', '5222 1212\r\n', 'Geelong Library', '', '', '', 22, -38.14706932, 144.3565893, 'http://www.libraries.vic.gov.au', '', NULL, 0, 0, 'n', NULL, NULL, NULL, '0000-00-00 00:00:00', 0),
(7993, 0, NULL, NULL, '', '153B Pakington Street  Geelong West  3218', '5229 1939\r\n', 'Geelong West Library', '', '', '', 22, -38.14101024, 144.3480403, 'http://www.libraries.vic.gov.au', '', NULL, 0, 0, 'n', NULL, NULL, NULL, '0000-00-00 00:00:00', 0),
(7994, 0, NULL, NULL, '', 'School Road  Girgarre  3624', '5482 1997\r\n', 'Girgarre Library', '', '', '', 22, -36.3981291, 144.9760696, 'http://www.libraries.vic.gov.au', '', NULL, 0, 0, 'n', NULL, NULL, NULL, '0000-00-00 00:00:00', 0),
(7995, 0, NULL, NULL, '', 'Hamilton Street  Gisborne  3437', '5428 3962\r\n', 'Gisborne Library', '', '', '', 22, -37.487565, 144.592535, 'http://www.libraries.vic.gov.au', '', NULL, 0, 0, 'n', NULL, NULL, NULL, '0000-00-00 00:00:00', 0),
(7996, 0, NULL, NULL, '', 'Taylor Drive  Gladstone Park  3043', '9338 8529\r\n', 'Gladstone Park Library', '', '', '', 22, -37.689205, 144.890633, 'http://www.libraries.vic.gov.au', '', NULL, 0, 0, 'n', NULL, NULL, NULL, '0000-00-00 00:00:00', 0),
(7997, 0, NULL, NULL, '', '737 Pascoe Vale Road  Glenroy  3046', '8311 4100\r\n', 'Glenroy Library', '', '', '', 22, -37.70675552, 144.9160004, 'http://www.libraries.vic.gov.au', '', NULL, 0, 0, 'n', NULL, NULL, NULL, '0000-00-00 00:00:00', 0),
(7998, 0, NULL, NULL, '', '112 Kingsway  Glen Waverley  3150', '9560 1655\r\n', 'Glen Waverley Library', '', '', '', 22, -37.882133, 145.163557, 'http://www.libraries.vic.gov.au', '', NULL, 0, 0, 'n', NULL, NULL, NULL, '0000-00-00 00:00:00', 0),
(7999, 0, NULL, NULL, '', 'Main Street  Goroke  3412', '03 5585 1302\r\n', 'Goroke Library', '', '', '', 22, -36.71904734, 141.4709697, 'http://www.libraries.vic.gov.au', '', NULL, 0, 0, 'n', NULL, NULL, NULL, '0000-00-00 00:00:00', 0),
(8000, 0, NULL, NULL, '', '45-49 Heyers Road  Grovedale  3216', '5241 5152\r\n', 'Grovedale Library', '', '', '', 22, -38.20821523, 144.3255507, 'http://www.libraries.vic.gov.au', '', NULL, 0, 0, 'n', NULL, NULL, NULL, '0000-00-00 00:00:00', 0),
(8001, 0, NULL, NULL, '', 'School Rd  Gunbower  3566', '5482 1977\r\n', 'Gunbower Library', '', '', '', 22, -35.95442268, 144.3720049, 'http://www.libraries.vic.gov.au', '', NULL, 0, 0, 'n', NULL, NULL, NULL, '0000-00-00 00:00:00', 0),
(8002, 0, NULL, NULL, '', '105 Brown Street  Hamilton  3300', '5573 0470\r\n', 'Hamilton Library', '', '', '', 22, -37.74308475, 142.025514, 'http://www.libraries.vic.gov.au', '', NULL, 0, 0, 'n', NULL, NULL, NULL, '0000-00-00 00:00:00', 0),
(8003, 0, NULL, NULL, '', '1D Service Street  Hampton  3188', '9599 4362\r\n', 'Hampton Library', '', '', '', 22, -37.93881793, 145.0028226, 'http://www.libraries.vic.gov.au', '', NULL, 0, 0, 'n', NULL, NULL, NULL, '0000-00-00 00:00:00', 0),
(8004, 0, NULL, NULL, '', '22-26 Stuart Avenue  Hampton Park  3976', '(03) 9702 9744\r\n', 'Hampton Park Library', '', '', '', 22, -38.03400092, 145.2640263, 'http://www.libraries.vic.gov.au', '', NULL, 0, 0, 'n', NULL, NULL, NULL, '0000-00-00 00:00:00', 0),
(8005, 0, NULL, NULL, '', 'Blair Street  Harrow  3317', '03 5585 1302\r\n', 'Harrow Library', '', '', '', 22, -37.16565141, 141.592322, 'http://www.libraries.vic.gov.au', '', NULL, 0, 0, 'n', NULL, NULL, NULL, '0000-00-00 00:00:00', 0),
(8006, 0, NULL, NULL, '', '7 High Street  Hastings  3915', '5950 1710\r\n', 'Hastings Library', '', '', '', 22, -38.30785043, 145.1943518, 'http://www.libraries.vic.gov.au', '', NULL, 0, 0, 'n', NULL, NULL, NULL, '0000-00-00 00:00:00', 0),
(8007, 0, NULL, NULL, '', '584 Glenferrie Road  Hawthorn  3122', '9278 4666\r\n', 'Hawthorn Library', '', '', '', 22, -37.82482659, 145.0351298, 'http://www.libraries.vic.gov.au', '', NULL, 0, 0, 'n', NULL, NULL, NULL, '0000-00-00 00:00:00', 0),
(8008, 0, NULL, NULL, '', '231 Maroondah Highway  Healesville  3777', '5962 4423\r\n', 'Healesville Library', '', '', '', 22, -37.65357046, 145.5174683, 'http://www.libraries.vic.gov.au', '', NULL, 0, 0, 'n', NULL, NULL, NULL, '0000-00-00 00:00:00', 0),
(8009, 0, NULL, NULL, '', '125 High Street  Heathcote  3523', '5433 3734\r\n', 'Heathcote Library', '', '', '', 22, -36.92344854, 144.7092657, 'http://www.libraries.vic.gov.au', '', NULL, 0, 0, 'n', NULL, NULL, NULL, '0000-00-00 00:00:00', 0),
(8010, 0, NULL, NULL, '', '38 MacFarlane Street  Heyfield  3858', '03 5148 2644\r\n', 'Heyfield Library', '', '', '', 22, -37.98485448, 146.7842225, 'http://www.libraries.vic.gov.au', '', NULL, 0, 0, 'n', NULL, NULL, NULL, '0000-00-00 00:00:00', 0),
(8011, 0, NULL, NULL, '', 'Edgar Street  Heywood  3304', '03-5527 1447\r\n', 'Heywood Library', '', '', '', 22, -38.13318476, 141.6295919, 'http://www.libraries.vic.gov.au', '', NULL, 0, 0, 'n', NULL, NULL, NULL, '0000-00-00 00:00:00', 0),
(8012, 0, NULL, NULL, '', '310 Highett Road  Highett  3190', '1300 135 668\r\n', 'Highett Library', '', '', '', 22, -37.94907561, 145.0433521, 'http://www.libraries.vic.gov.au', '', NULL, 0, 0, 'n', NULL, NULL, NULL, '0000-00-00 00:00:00', 0),
(8013, 0, NULL, NULL, '', '200 Rosamond Road  Highpoint Shopping Centre  3032', '9688 0231\r\n', 'Highpoint Shopping Centre Library', '', '', '', 22, -37.77462663, 144.8912563, 'http://www.libraries.vic.gov.au', '', NULL, 0, 0, 'n', NULL, NULL, NULL, '0000-00-00 00:00:00', 0),
(8014, 0, NULL, NULL, '', 'Roslyn Road  Highton  3216', '5243 4864\r\n', 'Highton Library', '', '', '', 22, -38.17239, 144.32247, 'http://www.libraries.vic.gov.au', '', NULL, 0, 0, 'n', NULL, NULL, NULL, '0000-00-00 00:00:00', 0),
(8015, 0, NULL, NULL, '', 'Bowler Street  Holbrook  2644', '02 6036 2385\r\n', 'Holbrook Library', '', '', '', 22, -37.53127985, 144.2256707, 'http://www.libraries.vic.gov.au', '', NULL, 0, 0, 'n', NULL, NULL, NULL, '0000-00-00 00:00:00', 0),
(8016, 0, NULL, NULL, '', '28 McLachlan St  Horsham  3400', '03 5382 5707\r\n', 'Horsham Library', '', '', '', 22, -36.71289025, 142.2009944, 'http://www.libraries.vic.gov.au', '', NULL, 0, 0, 'n', NULL, NULL, NULL, '0000-00-00 00:00:00', 0),
(8017, 0, NULL, NULL, '', 'Reilly Street  Inverloch  3996', '5674 1169\r\n', 'Inverloch Library', '', '', '', 22, -38.63305, 145.72842, 'http://www.libraries.vic.gov.au', '', NULL, 0, 0, 'n', NULL, NULL, NULL, '0000-00-00 00:00:00', 0),
(8018, 0, NULL, NULL, '', '2128 Fifteenth Street  Irymple  3498', '5018 8360\r\n', 'Irymple Library', '', '', '', 22, -34.23418794, 142.1664366, 'http://www.libraries.vic.gov.au', '', NULL, 0, 0, 'n', NULL, NULL, NULL, '0000-00-00 00:00:00', 0),
(8019, 0, NULL, NULL, '', '255 Upper Heidelberg Road  Ivanhoe  3079', '9497 5780\r\n', 'Ivanhoe Library', '', '', '', 22, -37.76522858, 145.0455321, 'http://www.libraries.vic.gov.au', '', NULL, 0, 0, 'n', NULL, NULL, NULL, '0000-00-00 00:00:00', 0),
(8020, 0, NULL, NULL, '', '267 High Street  Kangaroo Flat  3550', '5447 8344\r\n', 'Kangaroo Flat Library', '', '', '', 22, -36.80950763, 144.2409357, 'http://www.libraries.vic.gov.au', '', NULL, 0, 0, 'n', NULL, NULL, NULL, '0000-00-00 00:00:00', 0),
(8021, 0, NULL, NULL, '', 'Baker Street  Kaniva  3419', '03 5392 2723\r\n', 'Kaniva Library', '', '', '', 22, -36.37986618, 141.2408757, 'http://www.libraries.vic.gov.au', '', NULL, 0, 0, 'n', NULL, NULL, NULL, '0000-00-00 00:00:00', 0),
(8022, 0, NULL, NULL, '', 'Kennedy Street  Keilor  3036', '9336 4191\r\n', 'Keilor Library', '', '', '', 22, -37.719489, 144.833112, 'http://www.libraries.vic.gov.au', '', NULL, 0, 0, 'n', NULL, NULL, NULL, '0000-00-00 00:00:00', 0),
(8023, 0, NULL, NULL, '', 'Murray Valley Hwy and Shadforth Street  Kerang  3579', '5452 1546\r\n', 'Kerang Library', '', '', '', 22, -35.734558, 143.914732, 'http://www.libraries.vic.gov.au', '', NULL, 0, 0, 'n', NULL, NULL, NULL, '0000-00-00 00:00:00', 0),
(8024, 0, NULL, NULL, '', 'Cotham Road and Civic Drive  Kew  3101', '9278 4677\r\n', 'Kew Library', '', '', '', 22, -37.807651, 145.034488, 'http://www.libraries.vic.gov.au', '', NULL, 0, 0, 'n', NULL, NULL, NULL, '0000-00-00 00:00:00', 0),
(8025, 0, NULL, NULL, '', '12 Sydney St  Kilmore  3764', '5782 1322\r\n', 'Kilmore Library', '', '', '', 22, -37.29441653, 144.9518568, 'http://www.libraries.vic.gov.au', '', NULL, 0, 0, 'n', NULL, NULL, NULL, '0000-00-00 00:00:00', 0),
(8026, 0, NULL, NULL, '', '1 Glenburn Road  Kinglake  3763', '5786 1800\r\n', 'Kinglake Library', '', '', '', 22, -37.53027, 145.34096, 'http://www.libraries.vic.gov.au', '', NULL, 0, 0, 'n', NULL, NULL, NULL, '0000-00-00 00:00:00', 0),
(8027, 0, NULL, NULL, '', '425 Burwood Hwy  Knox  3152', '9801 1422\r\n', 'Knox Library', '', '', '', 22, -37.86965555, 145.2383111, 'http://www.libraries.vic.gov.au', '', NULL, 0, 0, 'n', NULL, NULL, NULL, '0000-00-00 00:00:00', 0),
(8028, 0, NULL, NULL, '', 'High Street  Koroit  3282', '5565 8230\r\n', 'Koroit Library', '', '', '', 22, -38.29856, 142.37141, 'http://www.libraries.vic.gov.au', '', NULL, 0, 0, 'n', NULL, NULL, NULL, '0000-00-00 00:00:00', 0),
(8029, 0, NULL, NULL, '', '165 Commercial Street  Korumburra  3950', '5655 1105\r\n', 'Korumburra Library', '', '', '', 22, -38.43023537, 145.8215577, 'http://www.libraries.vic.gov.au', '', NULL, 0, 0, 'n', NULL, NULL, NULL, '0000-00-00 00:00:00', 0),
(8030, 0, NULL, NULL, '', '199-201 Allan Street  Kyabram  3620', '5852 3382\r\n', 'Kyabram Library', '', '', '', 22, -36.31336628, 145.0480582, 'http://www.libraries.vic.gov.au', '', NULL, 0, 0, 'n', NULL, NULL, NULL, '0000-00-00 00:00:00', 0),
(8031, 0, NULL, NULL, '', '81 Mollison Street  Kyneton  3444', '5422 1365\r\n', 'Kyneton Library', '', '', '', 22, -37.18966088, 144.3835871, 'http://www.libraries.vic.gov.au', '', NULL, 0, 0, 'n', NULL, NULL, NULL, '0000-00-00 00:00:00', 0),
(8032, 0, NULL, NULL, '', 'Palmers Road  Lakes Entrance  3909', '5153 9500\r\n', 'Lakes Entrance Library', '', '', '', 22, -37.8798, 147.985614, 'http://www.libraries.vic.gov.au', '', NULL, 0, 0, 'n', NULL, NULL, NULL, '0000-00-00 00:00:00', 0),
(8033, 0, NULL, NULL, '', '2A May Road  Lalor  3075', '9465 2353\r\n', 'Lalor Library', '', '', '', 22, -37.67289571, 145.0177646, 'http://www.libraries.vic.gov.au', '', NULL, 0, 0, 'n', NULL, NULL, NULL, '0000-00-00 00:00:00', 0),
(8034, 0, NULL, NULL, '', 'Cranbourne Road and Southgateway  Langwarrin Shop  3910', '9775 5122\r\n', 'Langwarrin Shop Library', '', '', '', 22, -38.14998, 145.19696, 'http://www.libraries.vic.gov.au', '', NULL, 0, 0, 'n', NULL, NULL, NULL, '0000-00-00 00:00:00', 0),
(8035, 0, NULL, NULL, '', 'Griffith Road  Lavington  2641', '02 6040 1280\r\n', 'Lavington Library', '', '', '', 22, -38.0830179, 145.9226127, 'http://www.libraries.vic.gov.au', '', NULL, 0, 0, 'n', NULL, NULL, NULL, '0000-00-00 00:00:00', 0),
(8036, 0, NULL, NULL, '', 'King Albert Ave  Leitchville  3567', '5456 7031\r\n', 'Leitchville Library', '', '', '', 22, -35.90622, 144.30123, 'http://www.libraries.vic.gov.au', '', NULL, 0, 0, 'n', NULL, NULL, NULL, '0000-00-00 00:00:00', 0),
(8037, 0, NULL, NULL, '', '2 Smith Street  Leongatha  3953', '5662 4829\r\n', 'Leongatha Library', '', '', '', 22, -38.47494679, 145.9452291, 'http://www.libraries.vic.gov.au', '', NULL, 0, 0, 'n', NULL, NULL, NULL, '0000-00-00 00:00:00', 0),
(8038, 0, NULL, NULL, '', 'Anderson Street  Lilydale  3140', '9294 3120\r\n', 'Lilydale Library', '', '', '', 22, -37.760056, 145.353404, 'http://www.libraries.vic.gov.au', '', NULL, 0, 0, 'n', NULL, NULL, NULL, '0000-00-00 00:00:00', 0),
(8039, 0, NULL, NULL, '', '3-5 Lockington Road  Lockington  3563', '0354 862 373\r\n', 'Lockington Library', '', '', '', 22, -36.27069107, 144.5358199, 'http://www.libraries.vic.gov.au', '', NULL, 0, 0, 'n', NULL, NULL, NULL, '0000-00-00 00:00:00', 0),
(8040, 0, NULL, NULL, '', '150 Johnson Street  Maffra  3860', '03 5147 1052\r\n', 'Maffra Library', '', '', '', 22, -37.96768233, 146.9782496, 'http://www.libraries.vic.gov.au', '', NULL, 0, 0, 'n', NULL, NULL, NULL, '0000-00-00 00:00:00', 0),
(8041, 0, NULL, NULL, '', 'Maurice Avenue  Mallacoota  3892', '5153 9500\r\n', 'Mallacoota Library', '', '', '', 22, -37.558025, 149.757839, 'http://www.libraries.vic.gov.au', '', NULL, 0, 0, 'n', NULL, NULL, NULL, '0000-00-00 00:00:00', 0),
(8042, 0, NULL, NULL, '', '1255 High Street  Malvern  3144', '8290 1366\r\n', 'Malvern Library', '', '', '', 22, -37.85677379, 145.0317489, 'http://www.libraries.vic.gov.au', '', NULL, 0, 0, 'n', NULL, NULL, NULL, '0000-00-00 00:00:00', 0),
(8043, 0, NULL, NULL, '', '402 Warrandyte Rd  Manningham e-Library Centre @ Warrandyte  3113', '9844 0241\r\n', 'Manningham e-Library Centre @ Warrandyte Library', '', '', '', 22, -37.74659, 145.206902, 'http://www.libraries.vic.gov.au', '', NULL, 0, 0, 'n', NULL, NULL, NULL, '0000-00-00 00:00:00', 0),
(8044, 0, NULL, NULL, '', '26 High Street  Mansfield  3722', '5775 2176\r\n', 'Mansfield Library', '', '', '', 22, -37.05290126, 146.0914332, 'http://www.libraries.vic.gov.au', '', NULL, 0, 0, 'n', NULL, NULL, NULL, '0000-00-00 00:00:00', 0),
(8045, 0, NULL, NULL, '', 'Cnr Alma and Nolan Streets  Maryborough  3465', '5461 1950\r\n', 'Maryborough Library', '', '', '', 22, -37.0478, 143.73792, 'http://www.libraries.vic.gov.au', '', NULL, 0, 0, 'n', NULL, NULL, NULL, '0000-00-00 00:00:00', 0),
(8046, 0, NULL, NULL, '', '31 McKenzie Street  Melton  3337', '9743 1168\r\n', 'Melton Library', '', '', '', 22, -37.68479291, 144.5823561, 'http://www.libraries.vic.gov.au', '', NULL, 0, 0, 'n', NULL, NULL, NULL, '0000-00-00 00:00:00', 0),
(8047, 0, NULL, NULL, '', 'Main Avenue  Merbein  3505', '5018 8361\r\n', 'Merbein Library', '', '', '', 22, -34.16693, 142.05818, 'http://www.libraries.vic.gov.au', '', NULL, 0, 0, 'n', NULL, NULL, NULL, '0000-00-00 00:00:00', 0),
(8048, 0, NULL, NULL, '', 'Cnr Nimmo and Richardson Streets  Middle Park  3206', '9209 6633\r\n', 'Middle Park Library', '', '', '', 22, -37.849926, 144.96215, 'http://www.libraries.vic.gov.au', '', NULL, 0, 0, 'n', NULL, NULL, NULL, '0000-00-00 00:00:00', 0),
(8049, 0, NULL, NULL, '', 'Deakin Avenue  Mildura  3502', '5018 8350\r\n', 'Mildura Library', '', '', '', 22, -34.190661, 142.156471, 'http://www.libraries.vic.gov.au', '', NULL, 0, 0, 'n', NULL, NULL, NULL, '0000-00-00 00:00:00', 0),
(8050, 0, NULL, NULL, '', '394 Plenty Road  Mill Park  3082', '9437 8189\r\n', 'Mill Park Library', '', '', '', 22, -37.65983185, 145.0745429, 'http://www.libraries.vic.gov.au', '', NULL, 0, 0, 'n', NULL, NULL, NULL, '0000-00-00 00:00:00', 0),
(8051, 0, NULL, NULL, '', 'Ridgway  Mirboo North  3871', '5668 1528\r\n', 'Mirboo North Library', '', '', '', 22, -38.40097, 146.15539, 'http://www.libraries.vic.gov.au', '', NULL, 0, 0, 'n', NULL, NULL, NULL, '0000-00-00 00:00:00', 0),
(8052, 0, NULL, NULL, '', 'Kirk Street  Moe  3825', '5135 8350\r\n', 'Moe Library', '', '', '', 22, -38.174169, 146.263063, 'http://www.libraries.vic.gov.au', '', NULL, 0, 0, 'n', NULL, NULL, NULL, '0000-00-00 00:00:00', 0),
(8053, 0, NULL, NULL, '', 'Cnr Mt Dandenong Tourist &amp; Swansea Roads  Montrose  3765', '9728 4224\r\n', 'Montrose Library', '', '', '', 22, -37.81069, 145.344717, 'http://www.libraries.vic.gov.au', '', NULL, 0, 0, 'n', NULL, NULL, NULL, '0000-00-00 00:00:00', 0),
(8054, 0, NULL, NULL, '', '762-4 Mt Alexander Road  Moonee Ponds  3039', '8325 1950\r\n', 'Moonee Ponds Library', '', '', '', 22, -37.76469952, 144.9250451, 'http://www.libraries.vic.gov.au', '', NULL, 0, 0, 'n', NULL, NULL, NULL, '0000-00-00 00:00:00', 0),
(8055, 0, NULL, NULL, '', 'Shop 5  Taylor St  Moorabbin  3189', '1300 135 668\r\n', 'Moorabbin Library', '', '', '', 22, -37.934082, 145.038011, 'http://www.libraries.vic.gov.au', '', NULL, 0, 0, 'n', NULL, NULL, NULL, '0000-00-00 00:00:00', 0),
(8056, 0, NULL, NULL, '', '7 Station Street  Mooroolbark  3138', '9726 8200\r\n', 'Mooroolbark Library', '', '', '', 22, -37.78625114, 145.3123222, 'http://www.libraries.vic.gov.au', '', NULL, 0, 0, 'n', NULL, NULL, NULL, '0000-00-00 00:00:00', 0),
(8057, 0, NULL, NULL, '', 'Echuca Road  Mooroopna Secondary College Community  3629', '5825 4636\r\n', 'Mooroopna Secondary College Community Library', '', '', '', 22, -36.38056, 145.35009, 'http://www.libraries.vic.gov.au', '', NULL, 0, 0, 'n', NULL, NULL, NULL, '0000-00-00 00:00:00', 0);
INSERT INTO `marker` (`marker_id`, `alt_contact_on`, `alt_contact_email`, `alt_contact_url`, `alt_contact_text`, `address`, `phone`, `title`, `description`, `type`, `subtype`, `subtype_id`, `lat`, `lng`, `www`, `wiki`, `rss`, `kml_on`, `datetime_on`, `is_demo`, `start_datetime`, `end_datetime`, `tags`, `last_updated`, `deleted`) VALUES
(8058, 0, NULL, NULL, '', 'Cnr Queen &amp; Vancouver Streets  Mornington  3931', '5950 1820\r\n', 'Mornington Library', '', '', '', 22, -38.217578, 145.036511, 'http://www.libraries.vic.gov.au', '', NULL, 0, 0, 'n', NULL, NULL, NULL, '0000-00-00 00:00:00', 0),
(8059, 0, NULL, NULL, '', '101 Dunlop Street  Mortlake  3272', '5599 2410\r\n', 'Mortlake Library', '', '', '', 22, -38.0813396, 142.8061551, 'http://www.libraries.vic.gov.au', '', NULL, 0, 0, 'n', NULL, NULL, NULL, '0000-00-00 00:00:00', 0),
(8060, 0, NULL, NULL, '', '63-65 Elgin St  Morwell  3840', '03 5128 5436\r\n', 'Morwell Library', '', '', '', 22, -38.23974113, 146.3989886, 'http://www.libraries.vic.gov.au', '', NULL, 0, 0, 'n', NULL, NULL, NULL, '0000-00-00 00:00:00', 0),
(8061, 0, NULL, NULL, '', 'Wray Crescent  Mount Evelyn  3796', '9736 3851\r\n', 'Mount Evelyn Library', '', '', '', 22, -37.784955, 145.378683, 'http://www.libraries.vic.gov.au', '', NULL, 0, 0, 'n', NULL, NULL, NULL, '0000-00-00 00:00:00', 0),
(8062, 0, NULL, NULL, '', '41 Miller Crescent  Mount Waverley  3149', '9807 1022\r\n', 'Mount Waverley Library', '', '', '', 22, -37.87511471, 145.1245893, 'http://www.libraries.vic.gov.au', '', NULL, 0, 0, 'n', NULL, NULL, NULL, '0000-00-00 00:00:00', 0),
(8063, 0, NULL, NULL, '', 'Lakeside Avenue  Mt Beauty  3699', '5754 4542\r\n', 'Mt Beauty Library', '', '', '', 22, -36.73877, 147.17444, 'http://www.libraries.vic.gov.au', '', NULL, 0, 0, 'n', NULL, NULL, NULL, '0000-00-00 00:00:00', 0),
(8064, 0, NULL, NULL, '', 'Standish Street and Odonnell Avenue  Myrtleford  3737', '5752 2038\r\n', 'Myrtleford Library', '', '', '', 22, -36.55624, 146.72792, 'http://www.libraries.vic.gov.au', '', NULL, 0, 0, 'n', NULL, NULL, NULL, '0000-00-00 00:00:00', 0),
(8065, 0, NULL, NULL, '', 'Overland Drive   Narre Warren  3805', '(03) 9704 7696\r\n', 'Narre Warren Library', '', '', '', 22, -38.01931, 145.30199, 'http://www.libraries.vic.gov.au', '', NULL, 0, 0, 'n', NULL, NULL, NULL, '0000-00-00 00:00:00', 0),
(8066, 0, NULL, NULL, '', 'Bromley Street  Nathalia Community Library  3638', '5866 2738\r\n', 'Nathalia Community Library Library', '', '', '', 22, -36.05746, 145.20882, 'http://www.libraries.vic.gov.au', '', NULL, 0, 0, 'n', NULL, NULL, NULL, '0000-00-00 00:00:00', 0),
(8067, 0, NULL, NULL, '', 'Neerim East Road  Neerim South  3831', '5628 1621\r\n', 'Neerim South Library', '', '', '', 22, -38.00950182, 145.9745687, 'http://www.libraries.vic.gov.au', '', NULL, 0, 0, 'n', NULL, NULL, NULL, '0000-00-00 00:00:00', 0),
(8068, 0, NULL, NULL, '', 'Corner Bellarine Hwy &amp; Wilsons Rd  Newcomb  3219', '5248 1802\r\n', 'Newcomb Library', '', '', '', 22, -38.16941, 144.392174, 'http://www.libraries.vic.gov.au', '', NULL, 0, 0, 'n', NULL, NULL, NULL, '0000-00-00 00:00:00', 0),
(8069, 0, NULL, NULL, '', '13 Mason Street  Newport  3015', '9932 2050\r\n', 'Newport Library', '', '', '', 22, -37.84147961, 144.873683, 'http://www.libraries.vic.gov.au', '', NULL, 0, 0, 'n', NULL, NULL, NULL, '0000-00-00 00:00:00', 0),
(8070, 0, NULL, NULL, '', '329 Shannon Avenue  Newtown  3220', '5229 7716\r\n', 'Newtown Library', '', '', '', 22, -38.1505649, 144.3342938, 'http://www.libraries.vic.gov.au', '', NULL, 0, 0, 'n', NULL, NULL, NULL, '0000-00-00 00:00:00', 0),
(8071, 0, NULL, NULL, '', 'Clarence Street  Nhill  3418', '03 5391 1684\r\n', 'Nhill Library', '', '', '', 22, -36.333738, 141.651762, 'http://www.libraries.vic.gov.au', '', NULL, 0, 0, 'n', NULL, NULL, NULL, '0000-00-00 00:00:00', 0),
(8072, 0, NULL, NULL, '', '483 Keilor Road  Niddrie  3042', '8325 1925\r\n', 'Niddrie Library', '', '', '', 22, -37.73615698, 144.8889294, 'http://www.libraries.vic.gov.au', '', NULL, 0, 0, 'n', NULL, NULL, NULL, '0000-00-00 00:00:00', 0),
(8073, 0, NULL, NULL, '', 'Powelltown Road  Noojee  3833', '5628 9688\r\n', 'Noojee Library', '', '', '', 22, -37.892956, 145.997183, 'http://www.libraries.vic.gov.au', '', NULL, 0, 0, 'n', NULL, NULL, NULL, '0000-00-00 00:00:00', 0),
(8074, 0, NULL, NULL, '', '32-38 Separation Street  Northcote  3070', '1300 655 355\r\n', 'Northcote Library', '', '', '', 22, -37.7697223, 145.0008307, 'http://www.libraries.vic.gov.au', '', NULL, 0, 0, 'n', NULL, NULL, NULL, '0000-00-00 00:00:00', 0),
(8075, 0, NULL, NULL, '', '240 St Georges Road  North Fitzroy  3068', '1300 695 427\r\n', 'North Fitzroy Library', '', '', '', 22, -37.78361713, 144.9838217, 'http://www.libraries.vic.gov.au', '', NULL, 0, 0, 'n', NULL, NULL, NULL, '0000-00-00 00:00:00', 0),
(8076, 0, NULL, NULL, '', '66 Errol Street  North Melbourne  3051', '9658 9700\r\n', 'North Melbourne Library', '', '', '', 22, -37.80355018, 144.9497854, 'http://www.libraries.vic.gov.au', '', NULL, 0, 0, 'n', NULL, NULL, NULL, '0000-00-00 00:00:00', 0),
(8077, 0, NULL, NULL, '', 'Knox Street  Numurkah Public Library  3636', '5862 1151\r\n', 'Numurkah Public Library Library', '', '', '', 22, -36.090186, 145.443408, 'http://www.libraries.vic.gov.au', '', NULL, 0, 0, 'n', NULL, NULL, NULL, '0000-00-00 00:00:00', 0),
(8078, 0, NULL, NULL, '', '379 Whitehorse Road  Nunawading  3131', '9873 5638\r\n', 'Nunawading Library', '', '', '', 22, -37.81771962, 145.1814488, 'http://www.libraries.vic.gov.au', '', NULL, 0, 0, 'n', NULL, NULL, NULL, '0000-00-00 00:00:00', 0),
(8079, 0, NULL, NULL, '', '148 Drummond Street  Oakleigh  3166', '9563 4138\r\n', 'Oakleigh Library', '', '', '', 22, -37.89739163, 145.0902037, 'http://www.libraries.vic.gov.au', '', NULL, 0, 0, 'n', NULL, NULL, NULL, '0000-00-00 00:00:00', 0),
(8080, 0, NULL, NULL, '', 'Cnr Presidents Ave and The Avenue  Ocean Grove  3226', '5255 4218\r\n', 'Ocean Grove Library', '', '', '', 22, -38.26628, 144.52197, 'http://www.libraries.vic.gov.au', '', NULL, 0, 0, 'n', NULL, NULL, NULL, '0000-00-00 00:00:00', 0),
(8081, 0, NULL, NULL, '', 'Day Avenue  Omeo  3898', '5153 9500\r\n', 'Omeo Library', '', '', '', 22, -37.09843, 147.59469, 'http://www.libraries.vic.gov.au', '', NULL, 0, 0, 'n', NULL, NULL, NULL, '0000-00-00 00:00:00', 0),
(8082, 0, NULL, NULL, '', 'Ruskin Street  Orbost  3888', '5153 9500\r\n', 'Orbost Library', '', '', '', 22, -37.707325, 148.456037, 'http://www.libraries.vic.gov.au', '', NULL, 0, 0, 'n', NULL, NULL, NULL, '0000-00-00 00:00:00', 0),
(8083, 0, NULL, NULL, '', 'John Street  Pakenham  3810', '(03) 5941 2036\r\n', 'Pakenham Library', '', '', '', 22, -38.076704, 145.483651, 'http://www.libraries.vic.gov.au', '', NULL, 0, 0, 'n', NULL, NULL, NULL, '0000-00-00 00:00:00', 0),
(8084, 0, NULL, NULL, '', '96 Parkers Road  Parkdale  3195', '1300 135 668\r\n', 'Parkdale Library', '', '', '', 22, -37.99338747, 145.0776833, 'http://www.libraries.vic.gov.au', '', NULL, 0, 0, 'n', NULL, NULL, NULL, '0000-00-00 00:00:00', 0),
(8085, 0, NULL, NULL, '', '55 The Esplanade  Paynesville  3880', '5153 9500\r\n', 'Paynesville Library', '', '', '', 22, -37.91968925, 147.723227, 'http://www.libraries.vic.gov.au', '', NULL, 0, 0, 'n', NULL, NULL, NULL, '0000-00-00 00:00:00', 0),
(8086, 0, NULL, NULL, '', '89 Thompson Avenue  Phillip Island  3922', '5952 2842\r\n', 'Phillip Island Library', '', '', '', 22, -38.45149867, 145.2392475, 'http://www.libraries.vic.gov.au', '', NULL, 0, 0, 'n', NULL, NULL, NULL, '0000-00-00 00:00:00', 0),
(8087, 0, NULL, NULL, '', 'Rob Roy Road  Phoenix Park  3148', '8290 4000\r\n', 'Phoenix Park Library', '', '', '', 22, -37.879869, 145.081617, 'http://www.libraries.vic.gov.au', '', NULL, 0, 0, 'n', NULL, NULL, NULL, '0000-00-00 00:00:00', 0),
(8088, 0, NULL, NULL, '', '18 Ranceby Road  Poowong  3988', '5659 2349\r\n', 'Poowong Library', '', '', '', 22, -38.34311442, 145.7656221, 'http://www.libraries.vic.gov.au', '', NULL, 0, 0, 'n', NULL, NULL, NULL, '0000-00-00 00:00:00', 0),
(8089, 0, NULL, NULL, '', 'Sackville Street  Port Fairy  3284', '5568 2248\r\n', 'Port Fairy Library', '', '', '', 22, -38.386999, 142.236343, 'http://www.libraries.vic.gov.au', '', NULL, 0, 0, 'n', NULL, NULL, NULL, '0000-00-00 00:00:00', 0),
(8090, 0, NULL, NULL, '', 'Bentinck Street  Portland  3305', '5523 1497\r\n', 'Portland Library', '', '', '', 22, -38.351935, 141.606644, 'http://www.libraries.vic.gov.au', '', NULL, 0, 0, 'n', NULL, NULL, NULL, '0000-00-00 00:00:00', 0),
(8091, 0, NULL, NULL, '', '333 Bay Street  Port Melbourne  3207', '9209 6644\r\n', 'Port Melbourne Library', '', '', '', 22, -37.83573218, 144.944679, 'http://www.libraries.vic.gov.au', '', NULL, 0, 0, 'n', NULL, NULL, NULL, '0000-00-00 00:00:00', 0),
(8092, 0, NULL, NULL, '', 'Corner Greville and Chapel Streets  Prahran /Windsor  3181', '8290 3344\r\n', 'Prahran /Windsor Library', '', '', '', 22, -37.849675, 144.993247, 'http://www.libraries.vic.gov.au', '', NULL, 0, 0, 'n', NULL, NULL, NULL, '0000-00-00 00:00:00', 0),
(8093, 0, NULL, NULL, '', '266 Gower Street  Preston  3070', '1300 655 355\r\n', 'Preston Library', '', '', '', 22, -37.74017311, 145.005606, 'http://www.libraries.vic.gov.au', '', NULL, 0, 0, 'n', NULL, NULL, NULL, '0000-00-00 00:00:00', 0),
(8094, 0, NULL, NULL, '', '22 Kelly St  Pyramid Hill - Library Express  3575', '5455 7129\r\n', 'Pyramid Hill - Library Express Library', '', '', '', 22, -36.05440746, 144.1151936, 'http://www.libraries.vic.gov.au', '', NULL, 0, 0, 'n', NULL, NULL, NULL, '0000-00-00 00:00:00', 0),
(8095, 0, NULL, NULL, '', 'Hesse Street  Queenscliff  3225', '5258 2017\r\n', 'Queenscliff Library', '', '', '', 22, -38.26727, 144.66077, 'http://www.libraries.vic.gov.au', '', NULL, 0, 0, 'n', NULL, NULL, NULL, '0000-00-00 00:00:00', 0),
(8096, 0, NULL, NULL, '', 'Jamieson Avenue  Red Cliffs  3496', '5018 8366\r\n', 'Red Cliffs Library', '', '', '', 22, -34.308625, 142.186971, 'http://www.libraries.vic.gov.au', '', NULL, 0, 0, 'n', NULL, NULL, NULL, '0000-00-00 00:00:00', 0),
(8097, 0, NULL, NULL, '', '17-21 Ralph Street  Reservoir  3073', '1300 655 355\r\n', 'Reservoir Library', '', '', '', 22, -37.71510422, 145.0055983, 'http://www.libraries.vic.gov.au', '', NULL, 0, 0, 'n', NULL, NULL, NULL, '0000-00-00 00:00:00', 0),
(8098, 0, NULL, NULL, '', '415 Church Street  Richmond  3121', '1300 695 427\r\n', 'Richmond Library', '', '', '', 22, -37.82519539, 144.9982977, 'http://www.libraries.vic.gov.au', '', NULL, 0, 0, 'n', NULL, NULL, NULL, '0000-00-00 00:00:00', 0),
(8099, 0, NULL, NULL, '', '4 Melbourne Street S  Ringwood  3134', '9870 0177\r\n', 'Ringwood Library', '', '', '', 22, -37.81504283, 145.2285181, 'http://www.libraries.vic.gov.au', '', NULL, 0, 0, 'n', NULL, NULL, NULL, '0000-00-00 00:00:00', 0),
(8100, 0, NULL, NULL, '', '43-45 Mackay Street  Rochester  3561', '5484 4532\r\n', 'Rochester Library', '', '', '', 22, -36.36203506, 144.7014071, 'http://www.libraries.vic.gov.au', '', NULL, 0, 0, 'n', NULL, NULL, NULL, '0000-00-00 00:00:00', 0),
(8101, 0, NULL, NULL, '', 'Turnham Avenue  Rosanna  3084', '9459 6171\r\n', 'Rosanna Library', '', '', '', 22, -37.742988, 145.067225, 'http://www.libraries.vic.gov.au', '', NULL, 0, 0, 'n', NULL, NULL, NULL, '0000-00-00 00:00:00', 0),
(8102, 0, NULL, NULL, '', 'MacDowell Street  Rosebud  3939', '5950 1230\r\n', 'Rosebud Library', '', '', '', 22, -38.357336, 144.904627, 'http://www.libraries.vic.gov.au', '', NULL, 0, 0, 'n', NULL, NULL, NULL, '0000-00-00 00:00:00', 0),
(8103, 0, NULL, NULL, '', '37 Prince Street  Rosedale  3847', '03 5199 2547\r\n', 'Rosedale Library', '', '', '', 22, -38.15159525, 146.7870293, 'http://www.libraries.vic.gov.au', '', NULL, 0, 0, 'n', NULL, NULL, NULL, '0000-00-00 00:00:00', 0),
(8104, 0, NULL, NULL, '', 'Stud Rd  Rowville  3178', '9294 1300\r\n', 'Rowville Library', '', '', '', 22, -37.919743, 145.237253, 'http://www.libraries.vic.gov.au', '', NULL, 0, 0, 'n', NULL, NULL, NULL, '0000-00-00 00:00:00', 0),
(8105, 0, NULL, NULL, '', '33 High Street  Rushworth  3612', '5851 8704\r\n', 'Rushworth Library', '', '', '', 22, -36.58801264, 145.0153664, 'http://www.libraries.vic.gov.au', '', NULL, 0, 0, 'n', NULL, NULL, NULL, '0000-00-00 00:00:00', 0),
(8106, 0, NULL, NULL, '', 'High Street  Rutherglen  3685', '02 6032 8206\r\n', 'Rutherglen Library', '', '', '', 22, -36.055523, 146.458832, 'http://www.libraries.vic.gov.au', '', NULL, 0, 0, 'n', NULL, NULL, NULL, '0000-00-00 00:00:00', 0),
(8107, 0, NULL, NULL, '', '85 High Street  RVIB  3181', '9521 3400 or 1800 33', 'RVIB Library', '', '', '', 22, -37.85112687, 144.9891781, 'http://www.libraries.vic.gov.au', '', NULL, 0, 0, 'n', NULL, NULL, NULL, '0000-00-00 00:00:00', 0),
(8108, 0, NULL, NULL, '', '75 Macalister Street  Sale  3850', '03 5144 2258\r\n', 'Sale Library', '', '', '', 22, -38.10930789, 147.0696895, 'http://www.libraries.vic.gov.au', '', NULL, 0, 0, 'n', NULL, NULL, NULL, '0000-00-00 00:00:00', 0),
(8109, 0, NULL, NULL, '', 'Waltham Street  Sandringham  3191', '9533 1894\r\n', 'Sandringham Library', '', '', '', 22, -37.948849, 145.00256, 'http://www.libraries.vic.gov.au', '', NULL, 0, 0, 'n', NULL, NULL, NULL, '0000-00-00 00:00:00', 0),
(8110, 0, NULL, NULL, '', '120 Nepean Highway  Seaford Shop  3198', '9784 1838\r\n', 'Seaford Shop Library', '', '', '', 22, -38.10282387, 145.1261603, 'http://www.libraries.vic.gov.au', '', NULL, 0, 0, 'n', NULL, NULL, NULL, '0000-00-00 00:00:00', 0),
(8111, 0, NULL, NULL, '', 'Albert Street  Sebastopol  3356', '5335 7985\r\n', 'Sebastopol Library', '', '', '', 22, -37.597203, 143.841524, 'http://www.libraries.vic.gov.au', '', NULL, 0, 0, 'n', NULL, NULL, NULL, '0000-00-00 00:00:00', 0),
(8112, 0, NULL, NULL, '', '125 Anzac Avenue  Seymour  3660', '5792 1861\r\n', 'Seymour Library', '', '', '', 22, -37.03090355, 145.1468516, 'http://www.libraries.vic.gov.au', '', NULL, 0, 0, 'n', NULL, NULL, NULL, '0000-00-00 00:00:00', 0),
(8113, 0, NULL, NULL, '', '41-43 Marungi Street  Shepparton  3632', '5832 1600\r\n', 'Shepparton Library', '', '', '', 22, -36.37701364, 145.3974528, 'http://www.libraries.vic.gov.au', '', NULL, 0, 0, 'n', NULL, NULL, NULL, '0000-00-00 00:00:00', 0),
(8114, 0, NULL, NULL, '', '', '\r\n', 'Doncaster Library', '', '', '', 22, -37.78752639, 145.1240868, 'http://www.libraries.vic.gov.au', '', NULL, 0, 0, 'n', NULL, NULL, NULL, '0000-00-00 00:00:00', 0),
(8115, 0, NULL, NULL, '', '1085 Frankston Flinders Road  Somerville  3912', '5950 1700\r\n', 'Somerville Library', '', '', '', 22, -38.22463319, 145.1771129, 'http://www.libraries.vic.gov.au', '', NULL, 0, 0, 'n', NULL, NULL, NULL, '0000-00-00 00:00:00', 0),
(8116, 0, NULL, NULL, '', '630 Warrigal Road  South Oakleigh  3167', '1300 135 668\r\n', 'South Oakleigh Library', '', '', '', 22, -37.92741087, 145.0819747, 'http://www.libraries.vic.gov.au', '', NULL, 0, 0, 'n', NULL, NULL, NULL, '0000-00-00 00:00:00', 0),
(8117, 0, NULL, NULL, '', '411 Springvale Road  Springvale  3171', '9239 5398\r\n', 'Springvale Library', '', '', '', 22, -37.9473157, 145.1531078, 'http://www.libraries.vic.gov.au', '', NULL, 0, 0, 'n', NULL, NULL, NULL, '0000-00-00 00:00:00', 0),
(8118, 0, NULL, NULL, '', '71A Alfrieda Street  St Albans  3021', '9366 4653\r\n', 'St Albans Library', '', '', '', 22, -37.74179825, 144.8006987, 'http://www.libraries.vic.gov.au', '', NULL, 0, 0, 'n', NULL, NULL, NULL, '0000-00-00 00:00:00', 0),
(8119, 0, NULL, NULL, '', 'Birdwood Ave  Stanhope  3623', '5482 1997\r\n', 'Stanhope Library', '', '', '', 22, -36.445801, 144.984083, 'http://www.libraries.vic.gov.au', '', NULL, 0, 0, 'n', NULL, NULL, NULL, '0000-00-00 00:00:00', 0),
(8120, 0, NULL, NULL, '', 'Napier Street  St Arnaud  3473', '03 5495 2188\r\n', 'St Arnaud Library', '', '', '', 22, -36.61662, 143.25797, 'http://www.libraries.vic.gov.au', '', NULL, 0, 0, 'n', NULL, NULL, NULL, '0000-00-00 00:00:00', 0),
(8121, 0, NULL, NULL, '', '328 Swanston Street  State  3000', '8664 7000\r\n', 'State Library', '', '', '', 22, -37.81005651, 144.9643151, 'http://www.libraries.vic.gov.au', '', NULL, 0, 0, 'n', NULL, NULL, NULL, '0000-00-00 00:00:00', 0),
(8122, 0, NULL, NULL, '', 'Sloane Street  Stawell  3380', '03 5358 1274\r\n', 'Stawell Library', '', '', '', 22, -37.055611, 142.783164, 'http://www.libraries.vic.gov.au', '', NULL, 0, 0, 'n', NULL, NULL, NULL, '0000-00-00 00:00:00', 0),
(8123, 0, NULL, NULL, '', '150 Carlisle Street  St Kilda  3182', '9209 6655\r\n', 'St Kilda Library', '', '', '', 22, -37.86799981, 144.9888216, 'http://www.libraries.vic.gov.au', '', NULL, 0, 0, 'n', NULL, NULL, NULL, '0000-00-00 00:00:00', 0),
(8124, 0, NULL, NULL, '', 'Gillies St  Stockland Shopping Centre  3355', '5339 3505\r\n', 'Stockland Shopping Centre Library', '', '', '', 22, -37.53433, 143.82474, 'http://www.libraries.vic.gov.au', '', NULL, 0, 0, 'n', NULL, NULL, NULL, '0000-00-00 00:00:00', 0),
(8125, 0, NULL, NULL, '', '70 Tyers Street  Stratford  3862', '03 5145 6403\r\n', 'Stratford Library', '', '', '', 22, -37.96558002, 147.0803428, 'http://www.libraries.vic.gov.au', '', NULL, 0, 0, 'n', NULL, NULL, NULL, '0000-00-00 00:00:00', 0),
(8126, 0, NULL, NULL, '', 'Macedon Street  Sunbury  3429', '9744 2991\r\n', 'Sunbury Library', '', '', '', 22, -37.580484, 144.73511, 'http://www.libraries.vic.gov.au', '', NULL, 0, 0, 'n', NULL, NULL, NULL, '0000-00-00 00:00:00', 0),
(8127, 0, NULL, NULL, '', '301 Hampshire Road  Sunshine  3020', '9249 4040\r\n', 'Sunshine Library', '', '', '', 22, -37.78331285, 144.8321406, 'http://www.libraries.vic.gov.au', '', NULL, 0, 0, 'n', NULL, NULL, NULL, '0000-00-00 00:00:00', 0),
(8128, 0, NULL, NULL, '', '53-56 Campbell Street  Swan Hill  3585', '5032 2404\r\n', 'Swan Hill Library', '', '', '', 22, -35.33561807, 143.5588428, 'http://www.libraries.vic.gov.au', '', NULL, 0, 0, 'n', NULL, NULL, NULL, '0000-00-00 00:00:00', 0),
(8129, 0, NULL, NULL, '', 'Towong Street  Tallangatta  3700', '6071 2955\r\n', 'Tallangatta Library', '', '', '', 22, -36.22052285, 147.1717583, 'http://www.libraries.vic.gov.au', '', NULL, 0, 0, 'n', NULL, NULL, NULL, '0000-00-00 00:00:00', 0),
(8130, 0, NULL, NULL, '', 'Casey Street  Tatura Public Library  3616', '5824 1760\r\n', 'Tatura Public Library Library', '', '', '', 22, -36.44141, 145.22798, 'http://www.libraries.vic.gov.au', '', NULL, 0, 0, 'n', NULL, NULL, NULL, '0000-00-00 00:00:00', 0),
(8131, 0, NULL, NULL, '', '135 High Street  Terang  3264', '5592 1397\r\n', 'Terang Library', '', '', '', 22, -38.24130255, 142.9148902, 'http://www.libraries.vic.gov.au', '', NULL, 0, 0, 'n', NULL, NULL, NULL, '0000-00-00 00:00:00', 0),
(8132, 0, NULL, NULL, '', '1093 Pascoe Vale Rd  The Age Library Broadmeadows  3047', '9356 6900\r\n', 'The Age Library Broadmeadows Library', '', '', '', 22, -37.68278647, 144.9186897, 'http://www.libraries.vic.gov.au', '', NULL, 0, 0, 'n', NULL, NULL, NULL, '0000-00-00 00:00:00', 0),
(8133, 0, NULL, NULL, '', 'Cnr Reynolds &amp; Blackburn Roads  The Pines  3109', '9841 0555\r\n', 'The Pines Library', '', '', '', 22, -37.76232, 145.16853, 'http://www.libraries.vic.gov.au', '', NULL, 0, 0, 'n', NULL, NULL, NULL, '0000-00-00 00:00:00', 0),
(8134, 0, NULL, NULL, '', '52 Main Street  Thomastown  3074', '9464 1864\r\n', 'Thomastown Library', '', '', '', 22, -37.67621958, 145.005103, 'http://www.libraries.vic.gov.au', '', NULL, 0, 0, 'n', NULL, NULL, NULL, '0000-00-00 00:00:00', 0),
(8135, 0, NULL, NULL, '', '82 Curdievale Rd  Timboon  3268', '5598 3394\r\n', 'Timboon Library', '', '', '', 22, -38.49062802, 142.9808379, 'http://www.libraries.vic.gov.au', '', NULL, 0, 0, 'n', NULL, NULL, NULL, '0000-00-00 00:00:00', 0),
(8136, 0, NULL, NULL, '', 'Mangan Street  Tongala  3621', '5859 3607\r\n', 'Tongala Library', '', '', '', 22, -36.252272, 144.952943, 'http://www.libraries.vic.gov.au', '', NULL, 0, 0, 'n', NULL, NULL, NULL, '0000-00-00 00:00:00', 0),
(8137, 0, NULL, NULL, '', '340 Toorak Road  Toorak/South Yarra  3141', '8290 8000\r\n', 'Toorak/South Yarra Library', '', '', '', 22, -37.83883483, 144.9904237, 'http://www.libraries.vic.gov.au', '', NULL, 0, 0, 'n', NULL, NULL, NULL, '0000-00-00 00:00:00', 0),
(8138, 0, NULL, NULL, '', 'Beach Road  Torquay  3228', '5261 3049\r\n', 'Torquay Library', '', '', '', 22, -38.32611, 144.31595, 'http://www.libraries.vic.gov.au', '', NULL, 0, 0, 'n', NULL, NULL, NULL, '0000-00-00 00:00:00', 0),
(8139, 0, NULL, NULL, '', '34-38 Kay Street  Traralgon  3844', '03 5176 3630\r\n', 'Traralgon Library', '', '', '', 22, -38.19344745, 146.5354293, 'http://www.libraries.vic.gov.au', '', NULL, 0, 0, 'n', NULL, NULL, NULL, '0000-00-00 00:00:00', 0),
(8140, 0, NULL, NULL, '', '59 Spring Street  Tullamarine  3043', '9338 9407\r\n', 'Tullamarine Library', '', '', '', 22, -37.70224088, 144.8736272, 'http://www.libraries.vic.gov.au', '', NULL, 0, 0, 'n', NULL, NULL, NULL, '0000-00-00 00:00:00', 0),
(8141, 0, NULL, NULL, '', 'Pavey Place  Vermont South  3133', '9887 9646\r\n', 'Vermont South Library', '', '', '', 22, -37.854452, 145.181337, 'http://www.libraries.vic.gov.au', '', NULL, 0, 0, 'n', NULL, NULL, NULL, '0000-00-00 00:00:00', 0),
(8142, 0, NULL, NULL, '', 'Cowslip Street  Violet Town Public Library  3669', '5798 1371\r\n', 'Violet Town Public Library Library', '', '', '', 22, -36.6369, 145.71793, 'http://www.libraries.vic.gov.au', '', NULL, 0, 0, 'n', NULL, NULL, NULL, '0000-00-00 00:00:00', 0),
(8143, 0, NULL, NULL, '', '454 Glenferrie Road  Vision Australia  3144', '9864 9633\r\n', 'Vision Australia Library', '', '', '', 22, -37.84057609, 145.0321125, 'http://www.libraries.vic.gov.au', '', NULL, 0, 0, 'n', NULL, NULL, NULL, '0000-00-00 00:00:00', 0),
(8144, 0, NULL, NULL, '', 'Wellington Square  Wallan  3756', '5783 3555\r\n', 'Wallan Library', '', '', '', 22, -37.41242, 144.97809, 'http://www.libraries.vic.gov.au', '', NULL, 0, 0, 'n', NULL, NULL, NULL, '0000-00-00 00:00:00', 0),
(8145, 0, NULL, NULL, '', '21 Docker Street  Wangaratta  3677', '5721 4211\r\n', 'Wangaratta Library', '', '', '', 22, -36.35453396, 146.319428, 'http://www.libraries.vic.gov.au', '', NULL, 0, 0, 'n', NULL, NULL, NULL, '0000-00-00 00:00:00', 0),
(8146, 0, NULL, NULL, '', 'Lyle Street  Warracknabeal  3393', '03 5398 1270\r\n', 'Warracknabeal Library', '', '', '', 22, -36.25197, 142.39235, 'http://www.libraries.vic.gov.au', '', NULL, 0, 0, 'n', NULL, NULL, NULL, '0000-00-00 00:00:00', 0),
(8147, 0, NULL, NULL, '', '75 Victoria Street  Warragul  3820', '5622 2848\r\n', 'Warragul Library', '', '', '', 22, -38.13171631, 145.8633197, 'http://www.libraries.vic.gov.au', '', NULL, 0, 0, 'n', NULL, NULL, NULL, '0000-00-00 00:00:00', 0),
(8148, 0, NULL, NULL, '', '25 Liebig Street  Warrnambool  3280', '5562 2258\r\n', 'Warrnambool Library', '', '', '', 22, -38.38594076, 142.4817167, 'http://www.libraries.vic.gov.au', '', NULL, 0, 0, 'n', NULL, NULL, NULL, '0000-00-00 00:00:00', 0),
(8149, 0, NULL, NULL, '', '4-6 Ibbottson Street  Watsonia  3087', '9435 2397\r\n', 'Watsonia Library', '', '', '', 22, -37.71041544, 145.0831915, 'http://www.libraries.vic.gov.au', '', NULL, 0, 0, 'n', NULL, NULL, NULL, '0000-00-00 00:00:00', 0),
(8150, 0, NULL, NULL, '', 'Cnr Heaths and Derrimut Roads  Werribee  3030', '9748 9333\r\n', 'Werribee Library', '', '', '', 22, -37.87698, 144.68209, 'http://www.libraries.vic.gov.au', '', NULL, 0, 0, 'n', NULL, NULL, NULL, '0000-00-00 00:00:00', 0),
(8151, 0, NULL, NULL, '', '177 Watton Street  Werribee CBD  3030', '9742 7999\r\n', 'Werribee CBD Library', '', '', '', 22, -37.90369156, 144.6575447, 'http://www.libraries.vic.gov.au', '', NULL, 0, 0, 'n', NULL, NULL, NULL, '0000-00-00 00:00:00', 0),
(8152, 0, NULL, NULL, '', '860 Ferntree Gully Road  Wheelers Hill  3150', '9561 6211\r\n', 'Wheelers Hill Library', '', '', '', 22, -37.90724132, 145.190587, 'http://www.libraries.vic.gov.au', '', NULL, 0, 0, 'n', NULL, NULL, NULL, '0000-00-00 00:00:00', 0),
(8153, 0, NULL, NULL, '', '104 Ferguson Street  Williamstown  3018', '9932 4170\r\n', 'Williamstown Library', '', '', '', 22, -37.85851898, 144.8962876, 'http://www.libraries.vic.gov.au', '', NULL, 0, 0, 'n', NULL, NULL, NULL, '0000-00-00 00:00:00', 0),
(8154, 0, NULL, NULL, '', 'Hovell Street  Wodonga  3689', '02 6022 9117\r\n', 'Wodonga Library', '', '', '', 22, -36.123518, 146.88975, 'http://www.libraries.vic.gov.au', '', NULL, 0, 0, 'n', NULL, NULL, NULL, '0000-00-00 00:00:00', 0),
(8155, 0, NULL, NULL, '', 'Watt Street  Wonthaggi  3995', '5672 1875\r\n', 'Wonthaggi Library', '', '', '', 22, -38.60653, 145.59564, 'http://www.libraries.vic.gov.au', '', NULL, 0, 0, 'n', NULL, NULL, NULL, '0000-00-00 00:00:00', 0),
(8156, 0, NULL, NULL, '', 'Cnr High &amp; Forest Streets  Woodend  3442', '5427 2074\r\n', 'Woodend Library', '', '', '', 22, -37.35479, 144.52909, 'http://www.libraries.vic.gov.au', '', NULL, 0, 0, 'n', NULL, NULL, NULL, '0000-00-00 00:00:00', 0),
(8157, 0, NULL, NULL, '', 'Hoddle Street  Yarra Junction  3797', '5967 1588\r\n', 'Yarra Junction Library', '', '', '', 22, -37.782293, 145.611898, 'http://www.libraries.vic.gov.au', '', NULL, 0, 0, 'n', NULL, NULL, NULL, '0000-00-00 00:00:00', 0),
(8158, 0, NULL, NULL, '', '156 Grant Street  Yarram  3971', '03 5182 5135\r\n', 'Yarram Library', '', '', '', 22, -38.56440851, 146.6745395, 'http://www.libraries.vic.gov.au', '', NULL, 0, 0, 'n', NULL, NULL, NULL, '0000-00-00 00:00:00', 0),
(8159, 0, NULL, NULL, '', '32 Wembley Avenue  Yarraville  3013', '9688 0294\r\n', 'Yarraville Library', '', '', '', 22, -37.82044843, 144.8736464, 'http://www.libraries.vic.gov.au', '', NULL, 0, 0, 'n', NULL, NULL, NULL, '0000-00-00 00:00:00', 0),
(8160, 0, NULL, NULL, '', 'Belmore Street  Yarrawonga Public Library  3730', '5744 1380\r\n', 'Yarrawonga Public Library Library', '', '', '', 22, -36.010829, 146.004739, 'http://www.libraries.vic.gov.au', '', NULL, 0, 0, 'n', NULL, NULL, NULL, '0000-00-00 00:00:00', 0),
(8161, 0, NULL, NULL, '', 'Semi-circle  Yea  3717', '5797 2209\r\n', 'Yea Library', '', '', '', 22, -37.213421, 145.421917, 'http://www.libraries.vic.gov.au', '', NULL, 0, 0, 'n', NULL, NULL, NULL, '0000-00-00 00:00:00', 0),
(8164, 0, '', '', '', '', '', 'Prickly Pears', 'Daziel Lane has a crop of Prickly Pear cacti to feast from in late Summer. They grow wild along the rail siding.  Pick them with gloves when a deep red for the best taste.  \n\nThese used to be a dangerous noxious weed at the turn of the century, It can take over. ', '', '', 13, -37.775328151683, 144.99376058578, '', '', '', 0, 0, 'n', '9999-01-01 00:00:00', '9999-01-01 00:00:00', NULL, '2010-06-11 04:27:15', 0),
(8165, 0, '', '', '', '', '', 'name', 'description', '', '', 22, 42.2406234349862, -83.6155700683594, '', '', '', 0, 0, 'n', '9999-01-01 00:00:00', '9999-01-01 00:00:00', NULL, '2010-05-09 20:57:17', 0),
(8167, 0, '', '', '', '', '', 'Prickly pear ', 'Front of wreckers', '', '', 13, -34.9672099166157, 138.574011325836, '', '', '', 0, 0, 'n', '9999-01-01 00:00:00', '9999-01-01 00:00:00', NULL, '2010-05-12 07:07:40', 0),
(8168, 0, '', '', '', '301 S. Washington St., Ypsilanti, MI 48197', '734 485 9196', 'Library, Classes', 'We have a small reading library to share and host regular events on topics relevant to transition', '', '', 26, 42.2373270622485, -83.6143577098846, '', '', '', 0, 0, 'n', '9999-01-01 00:00:00', '9999-01-01 00:00:00', NULL, '2010-05-12 12:55:09', 0),
(8169, 0, '', '', '', '', '734 485 9196', 'The Gilbert Residence - Slow Money Series - worksh', 'Sustainable Michigan/Transition Michigan will be having a series on understanding Money starting 5/30 - see Transition Michigan Events.', '', '', 2, 42.237891032204, -83.6127376556396, '', '', '', 0, 0, 'n', '9999-01-01 00:00:00', '9999-01-01 00:00:00', NULL, '2010-05-12 12:59:15', 0),
(8170, 0, '', '', '', '171 Sturt Street, Adelaide SA 5000', '8212 3533', 'name', 'South West Community Centre', '', '', 1, -34.933589, 138.592214, '', '', '', 0, 0, 'n', '9999-01-01 00:00:00', '9999-01-01 00:00:00', NULL, '2010-05-12 23:33:25', 0),
(8171, 0, '', '', '', 'Veale Gardens, South Park Lands, Adelaide', '', 'Walyo Yerti', 'Community Garden', '', '', 6, -34.9372234785119, 138.596799373627, '', '', '', 0, 0, 'n', '9999-01-01 00:00:00', '9999-01-01 00:00:00', NULL, '2010-05-12 23:35:51', 0),
(8172, 0, '', '', '', 'Shops 5 &amp; 7 Allan\\''s Walk, Bendigo', '', 'Allan\\''s Walk Artist Run Space Incorporated', '', '', '', 30, -36.755513, 144.284263, 'http://www.allanswalk.com/', '', '', 0, 0, 'n', '9999-01-01 00:00:00', '9999-01-01 00:00:00', NULL, '2010-05-13 22:27:26', 0),
(8173, 0, '', '', '', 'Level 1, 26 Acland Street, St Kilda. 3182', '', 'Aphids Events Inc', 'Cross Platform Cultural Agency', '', '', 30, -37.865033, 144.97667, 'http://www.aphids.net/', '', '', 0, 0, 'n', '9999-01-01 00:00:00', '9999-01-01 00:00:00', NULL, '2010-05-13 22:32:05', 0),
(8174, 0, '', '', '', 'Cnr Barkly &amp; Vincent Streets, Ararat, 3370.', '', 'Ararat Performing Arts Centre', 'Performing Arts Centre', '', '', 30, -37.283714, 142.931552, 'http://www.ararat.vic.gov.au/Page/page.asp?Page_Id=785&amp;h=0', '', '', 0, 0, 'n', '9999-01-01 00:00:00', '9999-01-01 00:00:00', NULL, '2010-05-13 22:35:13', 0),
(8175, 0, '', '', '', 'Town Hall, Vincent Street, Ararat, 3377.', '', 'Ararat Regional Art Gallery', 'Art Gallery', '', '', 30, -37.286656, 142.92984, 'http://www.ararat.vic.gov.au/Page/page.asp?Page_Id=784&amp;h=0', '', '', 0, 0, 'n', '9999-01-01 00:00:00', '9999-01-01 00:00:00', NULL, '2010-05-13 22:37:43', 0),
(8176, 0, '', '', '', '130 Dryburgh St, North Melbourne. 3051', '', 'Arena Theatre Company', 'Theatre', '', '', 30, -37.803578, 144.943651, 'http://www.arenatheatre.com.au/', '', '', 0, 0, 'n', '9999-01-01 00:00:00', '9999-01-01 00:00:00', NULL, '2010-05-13 22:39:14', 0),
(8177, 0, '', '', '', '24 Eastern Road, South Melbourne, 3205', '', 'Arts Access', 'Disability arts organisation', '', '', 30, -37.832025, 144.964711, 'http://artsaccess.com.au/', '', '', 0, 0, 'n', '9999-01-01 00:00:00', '9999-01-01 00:00:00', NULL, '2010-05-13 22:40:50', 0),
(8178, 0, '', '', '', '521 Queensberry Street, North Melbourne, 3151.', '', 'Arts House', 'Arts Centre', '', '', 30, -37.803337, 144.949826, 'http://www.melbourne.vic.gov.au/ArtsHouse/Pages/Default.aspx', '', '', 0, 0, 'n', '9999-01-01 00:00:00', '9999-01-01 00:00:00', NULL, '2010-05-13 22:44:33', 0),
(8179, 0, '', '', '', '14 Berry St, Richmond, 3121.', '', 'Arts Management Advisory Group', 'Arts Management', '', '', 30, -37.8193, 144.997846, 'http://www.amag.org.au/index.htm', '', '', 0, 0, 'n', '9999-01-01 00:00:00', '9999-01-01 00:00:00', NULL, '2010-05-13 22:46:36', 0),
(8180, 0, '', '', '', '24 High Street, Northcote. 3070 ', '', 'Arts Project Australia', 'Studio and Gallery', '', '', 30, -37.782771, 144.996785, 'http://www.artsproject.org.au/contact', '', '', 0, 0, 'n', '9999-01-01 00:00:00', '9999-01-01 00:00:00', NULL, '2010-05-13 22:50:13', 0),
(8181, 0, '', '', '', '24 High Street, Northcote. 3070 ', '', 'Arts Project Australia', 'Studio and Gallery', '', '', 30, -37.782771, 144.996785, 'http://www.artsproject.org.au/contact', '', '', 0, 0, 'n', '9999-01-01 00:00:00', '9999-01-01 00:00:00', NULL, '2010-05-13 22:48:29', 0),
(8182, 0, '', '', '', ' 42 Courtney St	North Melbourne	3051 ', '', 'Astra Chamber Music Society', 'Chamber Music Society', '', '', 30, -37.801778, 144.954082, '', '', '', 0, 0, 'n', '9999-01-01 00:00:00', '9999-01-01 00:00:00', NULL, '2010-05-13 22:55:01', 0),
(8183, 0, '', '', '', 'Ground Floor, Fitzroy Town Hall, 201 Napier Street	Fitzroy	3066 ', '', 'Ausdance', 'Dance Council', '', '', 30, -37.802151, 144.979899, 'http://www.ausdance.org.au/vic/index.html', '', '', 0, 0, 'n', '9999-01-01 00:00:00', '9999-01-01 00:00:00', NULL, '2010-05-13 22:56:35', 0),
(8184, 0, '', '', '', 'Level 1, 117 Sturt Street	Southbank	3006 ', '', 'Auspicious Arts Projects Inc', 'Band', '', '', 30, -37.827082, 144.96654, 'http://aao.com.au/about', '', '', 0, 0, 'n', '9999-01-01 00:00:00', '9999-01-01 00:00:00', NULL, '2010-05-13 22:57:59', 0),
(8185, 0, '', '', '', 'Level 5, 2 Kavanagh Street	Southbank	3006 ', '', 'The Australian Ballet', 'Ballet Company', '', '', 30, -37.821801, 144.967594, 'http://www.australianballet.com.au/main.taf?p=0', '', '', 0, 0, 'n', '9999-01-01 00:00:00', '9999-01-01 00:00:00', NULL, '2010-05-13 22:59:06', 0),
(8186, 0, '', '', '', '111 Sturt Street	Southbank	3006 ', '', 'Australian Centre for Contemporary Art', 'Gallery', '', '', 30, -37.826664, 144.96666, 'http://www.accaonline.org.au/', '', '', 0, 0, 'n', '9999-01-01 00:00:00', '9999-01-01 00:00:00', NULL, '2010-05-13 23:00:44', 0),
(8187, 0, '', '', '', '437 Spencer St	West Melbourne	3003 ', '', 'Australian Independent Record Labels Assn Ltd', 'Music Association', '', '', 30, -37.810406, 144.949859, 'http://www.air.org.au/', '', '', 0, 0, 'n', '9999-01-01 00:00:00', '9999-01-01 00:00:00', NULL, '2010-05-13 23:10:41', 0),
(8188, 0, '', '', '', 'Level 2 142 North Terrace	Adelaide	5000 ', '', 'Australian Network for Art &amp; Technology', '', '', '', 30, -34.922105, 138.5979, 'http://www.anat.org.au/', '', '', 0, 0, 'n', '9999-01-01 00:00:00', '9999-01-01 00:00:00', NULL, '2010-05-13 23:11:47', 0),
(8189, 0, '', '', '', '', '', 'Australian Poetry Centre', 'Literary Association', '', '', 30, -37.8100987, 144.9658715, 'http://www.australianpoetrycentre.org.au/', '', '', 0, 0, 'n', '9999-01-01 00:00:00', '9999-01-01 00:00:00', NULL, '2010-05-13 23:12:57', 0),
(8190, 0, '', '', '', '210 Gertrude Street	Fitzroy	3065 ', '', 'Australian Print Workshop', 'Printmaking Institution', '', '', 30, -37.8062418, 144.9816623, 'http://www.australianprintworkshop.com/default.asp', '', '', 0, 0, 'n', '9999-01-01 00:00:00', '9999-01-01 00:00:00', NULL, '2010-05-13 23:13:46', 0),
(8191, 0, '', '', '', '16Mountain Street	Ultimo, NSW	2007 ', '', 'Australasian Performing Right Association Ltd', 'Music Association', '', '', 30, -33.878416, 151.197272, 'http://www.apra-amcos.com.au/', '', '', 0, 0, 'n', '9999-01-01 00:00:00', '9999-01-01 00:00:00', NULL, '2010-05-13 23:15:19', 0),
(8192, 0, '', '', '', 'PO Box 1257	Geelong	3220 ', '', 'Back to Back Theatre', 'Theatre group', '', '', 30, -38.14729, 144.360735, '', '', '', 0, 0, 'n', '9999-01-01 00:00:00', '9999-01-01 00:00:00', NULL, '2010-05-13 23:16:12', 0),
(8193, 0, '', '', '', '40 Lydiard Street North	Ballarat	3350 ', '', 'Ballarat Fine Art Gallery', 'Gallery', '', '', 30, -37.5595862, 143.8582143, 'http://www.balgal.com', '', '', 0, 0, 'n', '9999-01-01 00:00:00', '9999-01-01 00:00:00', NULL, '2010-05-13 23:16:55', 0),
(8194, 0, '', '', '', '', '', 'Ballarat Gold Museum', 'Museum', '', '', 30, -37.575658, 143.86393, 'http://www.sovereignhill.com.au/', '', '', 0, 0, 'n', '9999-01-01 00:00:00', '9999-01-01 00:00:00', NULL, '2010-05-13 23:17:46', 0),
(8195, 0, '', '', '', '2/170 Southbank Blvd	Southbank	3006 ', '', 'BalletLab', 'Dance Company', '', '', 30, -37.824527, 144.969394, 'http://www.balletlab.com', '', '', 0, 0, 'n', '9999-01-01 00:00:00', '9999-01-01 00:00:00', NULL, '2010-05-13 23:58:53', 0),
(8196, 0, '', '', '', 'Bridge Street	Benalla	3672 ', '', 'Benalla Art Gallery', 'Gallery', '', '', 30, -36.555618, 145.974109, 'http://www.benallaartgallery.com/', '', '', 0, 0, 'n', '9999-01-01 00:00:00', '9999-01-01 00:00:00', NULL, '2010-05-14 00:00:58', 0),
(8197, 0, '', '', '', 'Gallery	42 View St	Bendigo 3550', '', 'Bendigo Art Gallery', 'Gallery', '', '', 30, -36.757601, 144.276474, 'http://www.bendigoartgallery.com.au/', '', '', 0, 0, 'n', '9999-01-01 00:00:00', '9999-01-01 00:00:00', NULL, '2010-05-14 00:01:50', 0),
(8198, 0, '', '', '', 'PO Box 1019 	Collingwood	3066 ', '', 'The Boite', 'Promoter', '', '', 30, -37.8021272, 144.9852795, 'http://boite.com.au', '', '', 0, 0, 'n', '9999-01-01 00:00:00', '9999-01-01 00:00:00', NULL, '2010-05-14 00:02:35', 0),
(8199, 0, '', '', '', 'P.O Box 6027	Preston West	3072 ', '', 'Born in a Taxi ', 'Theatre company', '', '', 30, -37.736855, 145.003005, 'http://www.borninataxi.com.au/', '', '', 0, 0, 'n', '9999-01-01 00:00:00', '9999-01-01 00:00:00', NULL, '2010-05-14 00:03:34', 0),
(8200, 0, '', '', '', '50 View Street	Bendigo	3557 ', '', 'The Capital Theatre ', 'Theatre', '', '', 30, -36.757412, 144.276222, 'http://www.thecapital.com.au', '', '', 0, 0, 'n', '9999-01-01 00:00:00', '9999-01-01 00:00:00', NULL, '2010-05-14 00:04:19', 0),
(8201, 0, '', '', '', '14 Lyttleton Street	Castlemaine	3450 ', '', 'Castlemaine Art Gallery and Historical Museum', 'Gallery &amp; Museum', '', '', 30, -37.0643293, 144.2160233, 'http://www.thecapital.com.au', '', '', 0, 0, 'n', '9999-01-01 00:00:00', '9999-01-01 00:00:00', NULL, '2010-05-14 00:04:58', 0),
(8202, 0, '', '', '', '404 George St	Fitzroy	3065 ', '', 'Centre for Contemporary Photography', 'Gallery, Training &amp; Publisher', '', '', 30, -37.797318, 144.982359, 'http://www.ccp.org.au/', '', '', 0, 0, 'n', '9999-01-01 00:00:00', '9999-01-01 00:00:00', NULL, '2010-05-14 00:05:56', 0),
(8203, 0, '', '', '', '', '', 'Chamber Made Opera', 'Music &amp; Theatre Company', '', '', 30, -37.8017646, 144.9544742, 'http://www.chambermade.org.au/', '', '', 0, 0, 'n', '9999-01-01 00:00:00', '9999-01-01 00:00:00', NULL, '2010-05-14 00:06:42', 0),
(8204, 0, '', '', '', '', '', 'Chamber Music Australia', 'Music Organisation', '', '', 30, -37.8383342, 144.9914778, 'http://www.chambermusicaustralia.com.au/', '', '', 0, 0, 'n', '9999-01-01 00:00:00', '9999-01-01 00:00:00', NULL, '2010-05-14 00:07:41', 0),
(8205, 0, '', '', '', '22 Cohen Place	Melbourne 	3000 ', '', 'Chinese Museum', 'Museum', '', '', 30, -37.810758, 144.969169, 'http://www.chinesemuseum.com.au/', '', '', 0, 0, 'n', '9999-01-01 00:00:00', '9999-01-01 00:00:00', NULL, '2010-05-14 00:09:57', 0),
(8206, 0, '', '', '', '111 Sturt Street	Southbank	3006 ', '', 'Chunky Move', 'Dance Company', '', '', 30, -37.826664, 144.96666, 'http://www.chunkymove.com', '', '', 0, 0, 'n', '9999-01-01 00:00:00', '9999-01-01 00:00:00', NULL, '2010-05-14 00:10:39', 0),
(8207, 0, '', '', '', '40 Bay Street	Port Melbourne	3207 ', '', 'Circus Oz', 'Circus', '', '', 30, -37.842451, 144.939114, 'http://www.circusoz.com', '', '', 0, 0, 'n', '9999-01-01 00:00:00', '9999-01-01 00:00:00', NULL, '2010-05-14 00:11:18', 0),
(8208, 0, '', '', '', '247 Flinders Lane	Melbourne	3000 ', '', 'Community Music Victoria Inc', 'Music Association', '', '', 30, -37.8167748, 144.9660624, 'http://cmv.customer.netspace.net.au/', '', '', 0, 0, 'n', '9999-01-01 00:00:00', '9999-01-01 00:00:00', NULL, '2010-05-14 00:12:04', 0),
(8209, 0, '', '', '', 'PO Box 170	Fitzroy	3065 ', '', 'Complete Works Theatre Company', 'Theatre company', '', '', 30, -37.800359, 144.978128, 'http://www.completeworks.com.au/', '', '', 0, 0, 'n', '9999-01-01 00:00:00', '9999-01-01 00:00:00', NULL, '2010-05-14 00:13:05', 0),
(8210, 0, '', '', '', '', '', 'title', 'description', '', '', 32, -37.799226, 144.981087, NULL, '', NULL, 0, 0, 'n', NULL, NULL, NULL, '0000-00-00 00:00:00', 0),
(8211, 0, '', '', '', 'Upstairs, 3 Rochester St	Fitzroy	3065 ', '', 'Conical Contemporary Art Space Inc', 'Gallery', '', '', 30, -37.799226, 144.981087, 'http://www.conical.org.au/', '', '', 0, 0, 'n', '9999-01-01 00:00:00', '9999-01-01 00:00:00', NULL, '2010-05-14 00:14:34', 0),
(8212, 0, '', '', '', '', '', 'name', 'Hutt Street Library', '', '', 22, -34.9335117841868, 138.612248897552, '', '', '', 0, 0, 'n', '9999-01-01 00:00:00', '9999-01-01 00:00:00', NULL, '2010-05-14 01:23:16', 0),
(8213, 0, '', '', '', '', '', 'St Andrew\\''s Community Garden', '', '', '', 6, -34.9347079883779, 138.615489006042, '', '', '', 0, 0, 'n', '9999-01-01 00:00:00', '9999-01-01 00:00:00', NULL, '2010-05-14 01:25:28', 0),
(8214, 0, '', '', '', '', '', 'name', 'description', '', '', 1, -34.931858179081, 138.608365058899, '', '', '', 0, 0, 'n', '9999-01-01 00:00:00', '9999-01-01 00:00:00', NULL, '2010-05-14 01:26:45', 0),
(8215, 0, '', '', '', '', '', 'Lemon Tree', 'description', '', '', 13, -34.9334062359206, 138.613343238831, '', '', '', 0, 0, 'n', '9999-01-01 00:00:00', '9999-01-01 00:00:00', NULL, '2010-05-14 01:28:28', 0),
(8216, 0, '', '', '', '', '', 'Lilly Pilly Tree', 'description', '', '', 13, -34.9363439452784, 138.61029624939, '', '', '', 0, 0, 'n', '9999-01-01 00:00:00', '9999-01-01 00:00:00', NULL, '2010-05-14 01:28:58', 0),
(8217, 0, '', '', '', '49 Ashburn Grove	Ashburton	3147 ', '', 'Alamein Neighbourhood and Learning Centre', '', '', '', 20, -37.868154, 145.080613, '', '', '', 0, 0, 'n', '9999-01-01 00:00:00', '9999-01-01 00:00:00', NULL, '2010-05-17 18:13:04', 0),
(8218, 0, '', '', '', '', '', 'Alamein Neighbourhood and Learning Centre', '49 Ashburn Grove	Ashburton	3147	VIC\n', '', '', 20, -37.868154, 145.080613, '', '', '', 0, 0, 'n', '9999-01-01 00:00:00', '9999-01-01 00:00:00', NULL, '2010-05-18 15:55:36', 0),
(8219, 0, '', '', '', '', '', 'title', 'description', '', '', 20, -37.6375869, 145.1943749, NULL, '', NULL, 0, 0, 'n', NULL, NULL, NULL, '0000-00-00 00:00:00', 0),
(8220, 0, '', '', '', '', '', 'Allwood Neighbourhood House', '901 Main Road	Hurstbridge	3099  VIC\n', '', '', 20, -37.6375869, 145.1943749, '', '', '', 0, 0, 'n', '9999-01-01 00:00:00', '9999-01-01 00:00:00', NULL, '2010-05-18 15:55:09', 0),
(8221, 0, '', '', '', '', '', 'Amaroo Neighbourhood Centre', '34 Amaroo Street	Chadstone	3148	VIC\n', '', '', 20, -37.879068, 145.099578, '', '', '', 0, 0, 'n', '9999-01-01 00:00:00', '9999-01-01 00:00:00', NULL, '2010-05-18 15:54:19', 0),
(8222, 0, '', '', '', '', '', 'Anglesea and District Community House', '5 McMillan Street	Anglesea	3230	VIC\n', '', '', 20, -38.410048, 144.183917, '', '', '', 0, 0, 'n', '9999-01-01 00:00:00', '9999-01-01 00:00:00', NULL, '2010-05-18 15:53:51', 0),
(8223, 0, '', '', '', '', '', 'Angliss Neighbourhood House', 'd2/11 Vipont Street	Footscray	3011	VIC\n', '', '', 20, -37.797162, 144.906898, '', '', '', 0, 0, 'n', '9999-01-01 00:00:00', '9999-01-01 00:00:00', NULL, '2010-05-18 15:56:29', 0),
(8224, 0, '', '', '', '', '', 'Ararat Neighbourhood House', '56 Campbell Street	Ararat	3377	VIC\n', '', '', 20, -37.27592, 142.941439, '', '', '', 0, 0, 'n', '9999-01-01 00:00:00', '9999-01-01 00:00:00', NULL, '2010-05-18 16:01:32', 0),
(8225, 0, '', '', '', '', '', 'Bairnsdale Neighbourhood House', '27 Dalmahoy Street	Bairnsdale	3875	VIC\n', '', '', 20, -37.829166, 147.629601, '', '', '', 0, 0, 'n', '9999-01-01 00:00:00', '9999-01-01 00:00:00', NULL, '2010-05-18 15:56:04', 0),
(8226, 0, '', '', '', '', '', 'Ballarat East Community House', '	36 Steinfeld Street	Ballarat	3350', '', '', 20, -37.566505, 143.864079, '', '', '', 0, 0, 'n', '9999-01-01 00:00:00', '9999-01-01 00:00:00', NULL, '2010-05-18 16:03:29', 0),
(8227, 0, '', '', '', '', '', 'Ballarat North Community House	', '6 Crompton Street	Ballarat	3350', '', '', 20, -37.549815, 143.854615, '', '', '', 0, 0, 'n', '9999-01-01 00:00:00', '9999-01-01 00:00:00', NULL, '2010-05-18 16:04:07', 0),
(8228, 0, '', '', '', '', '', 'Beaconsfield Neighbourhood House', '	8 O\\''Neill Road 	Beaconsfield	3807', '', '', 20, -38.036381, 145.360341, '', '', '', 0, 0, 'n', '9999-01-01 00:00:00', '9999-01-01 00:00:00', NULL, '2010-05-18 16:04:43', 0),
(8229, 0, '', '', '', '', '', 'title', 'description', '', '', 20, -36.361309, 146.685004, NULL, '', NULL, 0, 0, 'n', NULL, NULL, NULL, '0000-00-00 00:00:00', 0),
(8230, 0, '', '', '', '', '', 'Beechworth Neighbourhood Centre', '30 Ford Street 	Beechworth	3747', '', '', 20, -36.361309, 146.685004, '', '', '', 0, 0, 'n', '9999-01-01 00:00:00', '9999-01-01 00:00:00', NULL, '2010-05-18 16:05:28', 0),
(8231, 0, '', '', '', '', '', 'Bellarine Living &amp; Learning Centre', '20 Worden Court	Whittington	3219', '', '', 20, -38.1783963, 144.3944697, '', '', '', 0, 0, 'n', '9999-01-01 00:00:00', '9999-01-01 00:00:00', NULL, '2010-05-18 16:06:08', 0),
(8232, 0, '', '', '', '', '', 'Benambra Neighbourhood House', '	34 Gibbo Street	Benambra	3900', '', '', 20, -36.9540705, 147.7032398, '', '', '', 0, 0, 'n', '9999-01-01 00:00:00', '9999-01-01 00:00:00', NULL, '2010-05-18 16:06:38', 0),
(8233, 0, '', '', '', '', '', '	Birallee Park Neighbourhood House', '39 Emerald Avenue	Wodonga	3690', '', '', 20, -36.124986, 146.860726, '', '', '', 0, 0, 'n', '9999-01-01 00:00:00', '9999-01-01 00:00:00', NULL, '2010-05-18 16:07:23', 0),
(8234, 0, '', '', '', '', '', 'Bowen Street Family Centre', '	102 Bowen Street	Camberwell	3124', '', '', 20, -37.846038, 145.06189, '', '', '', 0, 0, 'n', '9999-01-01 00:00:00', '9999-01-01 00:00:00', NULL, '2010-05-18 16:08:01', 0),
(8235, 0, '', '', '', '', '', 'Box Hill South Neighbourhood House', '47 Kitchener Street	Box Hill South	3128', '', '', 20, -37.834749, 145.127772, '', '', '', 0, 0, 'n', '9999-01-01 00:00:00', '9999-01-01 00:00:00', NULL, '2010-05-18 16:08:36', 0),
(8236, 0, '', '', '', '', '', '	Brunswick Neighbourhood House', '18 Garden Street	Brunswick	3056', '', '', 20, -37.772979, 144.964685, '', '', '', 0, 0, 'n', '9999-01-01 00:00:00', '9999-01-01 00:00:00', NULL, '2010-05-18 16:09:17', 0),
(8237, 0, '', '', '', '', '', 'Brunswick Neighbourhood House', '	43A DeCarle Street	Brunswick	3056', '', '', 20, -37.7611139, 144.9650092, '', '', '', 0, 0, 'n', '9999-01-01 00:00:00', '9999-01-01 00:00:00', NULL, '2010-05-18 16:09:58', 0),
(8238, 0, '', '', '', '', '', 'title', 'description', '', '', 20, -26.2297326, 28.0471554, NULL, '', NULL, 0, 0, 'n', NULL, NULL, NULL, '0000-00-00 00:00:00', 0),
(8239, 0, '', '', '', '', '', 'Buchan Neighbourhood House	', '6 Centre Road	Buchan	3885', '', '', 20, -37.497243, 148.172933, '', '', '', 0, 0, 'n', '9999-01-01 00:00:00', '9999-01-01 00:00:00', NULL, '2010-05-18 16:11:33', 0),
(8251, 0, '', '', '', '', '', 'title', 'description', '', '', 20, -37.823633, 145.078239, NULL, '', NULL, 0, 0, 'n', NULL, NULL, NULL, '0000-00-00 00:00:00', 0),
(8252, 0, '', '', '', '', '', 'Castlefield Community Centre', '	505 Bluff Road Hampton	3188', '', '', 20, -37.933341, 145.024304, '', '', '', 0, 0, 'n', '9999-01-01 00:00:00', '9999-01-01 00:00:00', NULL, '2010-05-19 05:40:38', 0),
(8253, 0, '', '', '', '', '', 'title', 'description', '', '', 20, -37.064454, 144.218725, NULL, '', NULL, 0, 0, 'n', NULL, NULL, NULL, '0000-00-00 00:00:00', 0),
(8254, 0, '', '', '', '', '', 'Castlemaine Community House	', '27 Lyttleton Street Castlemaine	3450', '', '', 20, -37.064454, 144.218725, '', '', '', 0, 0, 'n', '9999-01-01 00:00:00', '9999-01-01 00:00:00', NULL, '2010-05-19 05:43:17', 0),
(8255, 0, '', '', '', '', '', 'title', 'description', '', '', 20, -37.8152189, 145.2390411, NULL, '', NULL, 0, 0, 'n', NULL, NULL, NULL, '0000-00-00 00:00:00', 0),
(8256, 0, '', '', '', '', '', 'Cheltenham Community Education and Activity Centre', '	8 Chesterville Road Cheltenham	3192', '', '', 20, -37.962345, 145.056468, '', '', '', 0, 0, 'n', '9999-01-01 00:00:00', '9999-01-01 00:00:00', NULL, '2010-05-19 05:45:18', 0),
(8257, 0, '', '', '', '', '', 'Clota Cottage Neighbourhood House', '	31 Clota Avenue	Box Hill	3128', '', '', 20, -37.816335, 145.132437, '', '', '', 0, 0, 'n', '9999-01-01 00:00:00', '9999-01-01 00:00:00', NULL, '2010-05-19 05:47:15', 0),
(8258, 0, '', '', '', '', '', 'Clunes Neighbourhood House', '	69 Service Street	Clunes	3370', '', '', 20, -37.301316, 143.783569, '', '', '', 0, 0, 'n', '9999-01-01 00:00:00', '9999-01-01 00:00:00', NULL, '2010-05-19 05:48:16', 0),
(8259, 0, '', '', '', '', '', 'Cockatoo Neighbourhood House', '	75 Pakenham Road	Cockatoo	3781', '', '', 20, -37.9364367, 145.4913849, '', '', '', 0, 0, 'n', '9999-01-01 00:00:00', '9999-01-01 00:00:00', NULL, '2010-05-19 05:50:32', 0),
(8260, 0, '', '', '', '', '', 'Coonara Community House', '22 Willow Road	Upper Ferntree Gully	3156', '', '', 20, -37.896638, 145.302138, '', '', '', 0, 0, 'n', '9999-01-01 00:00:00', '9999-01-01 00:00:00', NULL, '2010-05-19 05:52:43', 0),
(8261, 0, '', '', '', '', '', '	Cranbourne Community House	', '49 Valepark Crescent	Cranbourne	3977', '', '', 20, -38.10818, 145.270905, '', '', '', 0, 0, 'n', '9999-01-01 00:00:00', '9999-01-01 00:00:00', NULL, '2010-05-19 05:53:28', 0),
(8262, 0, '', '', '', '', '', 'Crib Point Community House', '7 Park Road	Crib Point	3919\n', '', '', 20, -38.362374, 145.204053, '', '', '', 0, 0, 'n', '9999-01-01 00:00:00', '9999-01-01 00:00:00', NULL, '2010-05-19 05:55:29', 0),
(8263, 0, '', '', '', '', '', 'Dallas Neighbourhood House', '182 Widford Street	Broadmeadows	3047', '', '', 20, -37.690583, 144.926114, '', '', '', 0, 0, 'n', '9999-01-01 00:00:00', '9999-01-01 00:00:00', NULL, '2010-05-19 05:58:24', 0),
(8264, 0, '', '', '', '', '', 'title', 'description', '', '', 20, -37.983526, 145.218909, NULL, '', NULL, 0, 0, 'n', NULL, NULL, NULL, '0000-00-00 00:00:00', 0),
(8265, 0, '', '', '', '', '', 'Darley Neighbourhood House &amp; Learning Centre', '33 Jonathan Drive	Bacchus Marsh	3340', '', '', 20, -37.660272, 144.436524, '', '', '', 0, 0, 'n', '9999-01-01 00:00:00', '9999-01-01 00:00:00', NULL, '2010-05-19 06:03:10', 0),
(8266, 0, '', '', '', '', '', '	Daylesford Neighbourhood Centre', '	The Old Court House	Daylesford	3460', '', '', 20, 40.0532846, -75.450765, '', '', '', 0, 0, 'n', '9999-01-01 00:00:00', '9999-01-01 00:00:00', NULL, '2010-05-19 06:04:25', 0),
(8267, 0, '', '', '', '', '', 'Duke Street Community House', '	27 Duke Street	Sunshine	3020', '', '', 20, -37.791197, 144.84496, '', '', '', 0, 0, 'n', '9999-01-01 00:00:00', '9999-01-01 00:00:00', NULL, '2010-05-19 06:05:32', 0),
(8268, 0, '', '', '', '', '', 'Eaglehawk Community House', '	12 Truscott Street	Eaglehawk	3556', '', '', 20, -36.749251, 144.261146, '', '', '', 0, 0, 'n', '9999-01-01 00:00:00', '9999-01-01 00:00:00', NULL, '2010-05-19 06:06:34', 0),
(8269, 0, '', '', '', '', '', 'Echuca Neighbourhood House', '261 High Street	Echuca Village	3625', '', '', 20, -36.136463, 144.749847, '', '', '', 0, 0, 'n', '9999-01-01 00:00:00', '9999-01-01 00:00:00', NULL, '2010-05-19 06:07:16', 0),
(8270, 0, '', '', '', '', '', 'Emerald Community House', '354 - 356 Main Road	Emerald	3782	', '', '', 20, -37.932031, 145.4414526, '', '', '', 0, 0, 'n', '9999-01-01 00:00:00', '9999-01-01 00:00:00', NULL, '2010-05-19 06:09:13', 0),
(8271, 0, '', '', '', '', '', 'Farnham Street Neighbourhood Learning Centre', '	28 Farnham Street	Flemington	3031', '', '', 20, -37.782379, 144.929024, '', '', '', 0, 0, 'n', '9999-01-01 00:00:00', '9999-01-01 00:00:00', NULL, '2010-05-19 06:10:02', 0);
INSERT INTO `marker` (`marker_id`, `alt_contact_on`, `alt_contact_email`, `alt_contact_url`, `alt_contact_text`, `address`, `phone`, `title`, `description`, `type`, `subtype`, `subtype_id`, `lat`, `lng`, `www`, `wiki`, `rss`, `kml_on`, `datetime_on`, `is_demo`, `start_datetime`, `end_datetime`, `tags`, `last_updated`, `deleted`) VALUES
(8272, 0, '', '', '', '', '', 'Finbar Neighbourhood House', '	143 Kent Street	Richmond	3121', '', '', 20, -37.814992, 145.006301, '', '', '', 0, 0, 'n', '9999-01-01 00:00:00', '9999-01-01 00:00:00', NULL, '2010-05-19 06:10:38', 0),
(8273, 0, '', '', '', '', '', 'Flemington Community Centre', '	25 Mt Alexander Road	Flemington	3031', '', '', 20, -37.786504, 144.938593, '', '', '', 0, 0, 'n', '9999-01-01 00:00:00', '9999-01-01 00:00:00', NULL, '2010-05-19 06:11:33', 0),
(8274, 0, '', '', '', '', '', 'Foster Neighbourhood House', 'Corner Station Road &amp; Court Street	Foster	3960', '', '', 20, -38.653718, 146.201781, '', '', '', 0, 0, 'n', '9999-01-01 00:00:00', '9999-01-01 00:00:00', NULL, '2010-05-19 06:12:16', 0),
(8275, 0, '', '', '', '', '', 'Gannawarra Neighbourhood House', '	Burgoyne Street	Kerang	3579', '', '', 20, -35.724602, 143.915955, '', '', '', 0, 0, 'n', '9999-01-01 00:00:00', '9999-01-01 00:00:00', NULL, '2010-05-19 06:14:25', 0),
(8276, 0, '', '', '', '', '', 'Gellibrand Neighbourhood House	', 'Fry\\''s Road	Gellibrand	3237', '', '', 20, -38.525021, 143.540186, '', '', '', 0, 0, 'n', '9999-01-01 00:00:00', '9999-01-01 00:00:00', NULL, '2010-05-19 06:15:59', 0),
(8277, 0, '', '', '', '', '', 'Godfrey Street Community House	', '9 Godfrey Street	Bentleigh	3204', '', '', 20, -37.917516, 145.039903, '', '', '', 0, 0, 'n', '9999-01-01 00:00:00', '9999-01-01 00:00:00', NULL, '2010-05-19 06:16:57', 0),
(8278, 0, '', '', '', '', '', 'Goonawarra Neighbourhood House', '	8 Gullane Drive	Sunbury	3429', '', '', 20, -37.57922, 144.750137, '', '', '', 0, 0, 'n', '9999-01-01 00:00:00', '9999-01-01 00:00:00', NULL, '2010-05-19 06:20:46', 0),
(8279, 0, '', '', '', '', '', 'Gormandale Community House', '	32 - 34 Main Street	Gormandale	3873', '', '', 20, -38.294019, 146.701925, '', '', '', 0, 0, 'n', '9999-01-01 00:00:00', '9999-01-01 00:00:00', NULL, '2010-05-19 06:21:54', 0),
(8280, 0, '', '', '', '', '', 'title', 'description', '', '', 20, -37.699649, 145.113954, NULL, '', NULL, 0, 0, 'n', NULL, NULL, NULL, '0000-00-00 00:00:00', 0),
(8281, 0, '', '', '', '', '', 'Haddon &amp; District Community House	', '396 Sago Hill Road	Haddon	3351', '', '', 20, -37.588033, 143.722745, '', '', '', 0, 0, 'n', '9999-01-01 00:00:00', '9999-01-01 00:00:00', NULL, '2010-05-19 06:25:16', 0),
(8282, 0, '', '', '', '', '', 'Hamilton Community House', '	16 Sedgwick Street	Hamilton	3300', '', '', 20, -37.74201, 142.029836, '', '', '', 0, 0, 'n', '9999-01-01 00:00:00', '9999-01-01 00:00:00', NULL, '2010-05-19 06:26:09', 0),
(8287, 0, '', '', '', '', '', 'My veggie Patch', 'barter veggies with me', '', '', 4, -37.7500865479552, 144.919967651367, '', '', '', 0, 0, 'n', '9999-01-01 00:00:00', '9999-01-01 00:00:00', NULL, '2010-05-19 22:19:50', 0),
(8291, 0, '', '', '', '', '', 'title', 'description', '', '', 6, -37.7705111989314, 144.995219707489, NULL, '', NULL, 0, 0, 'n', NULL, NULL, NULL, '0000-00-00 00:00:00', 0),
(8292, 0, '', '', '', '', '', '', 'our local', '', '', 32, -37.7487292284849, 144.965168237686, '', '', '', 0, 0, 'n', '9999-01-01 00:00:00', '9999-01-01 00:00:00', NULL, '2010-05-24 05:51:01', 0),
(8293, 0, '', '', '', '', '', 'title', 'description', '', '', 1, -42.8949410069341, 147.308968305588, NULL, '', NULL, 0, 0, 'n', NULL, NULL, NULL, '0000-00-00 00:00:00', 0),
(8294, 0, '', '', '', '', '', 'title', 'description', '', '', 7, -37.774208746992, 144.95185375214, '', '', '', 0, 0, 'n', '9999-01-01 00:00:00', '9999-01-01 00:00:00', NULL, '2012-08-30 02:04:07', 0),
(8296, 0, '', '', '', '292 Wellington Street, Collingwood 3066', '03 9486 9866', 'Domestic Violence Resource Centre Victoria', 'Need advice? We have information on abuse and violence in families and relationships, and can refer you to a specialist support service. Need training, information or commentary? We publish helpful pamphlets, newsletters, discussion papers and websites, do professional training in family violence, have a comprehensive library, and comment on policy initiatives and law reform.', '', '', 26, -37.799749, 144.987472, 'http://dvrcv.org.au', '', '', 0, 0, 'n', '9999-01-01 00:00:00', '9999-01-01 00:00:00', NULL, '2010-06-02 19:09:47', 0),
(8297, 0, '', '', '', '', '', 'Lewis Park', 'This is Lewis Park. It has tennis courts, a dog park, a baseball field, and a playground.', '', '', 1, 33.964095666033, -84.5521116256714, '', '', '', 0, 0, 'n', '9999-01-01 00:00:00', '9999-01-01 00:00:00', NULL, '2010-06-06 12:28:41', 0),
(8298, 0, '', '', '', '510 Lawrence St.', '770-794-5630', 'Lawrence Street Recreation Center', 'This is the Lawrence Street Recreation Center. It contains basketball, billiards, table tennis, foosball, as well as table and board games.', '', '', 1, 33.9526871958549, -84.5371341705322, 'http://www.mariettaga.gov/departments/parks_rec/parks/lawrencestreetrecreation.aspx', '', '', 0, 0, 'n', '9999-01-01 00:00:00', '9999-01-01 00:00:00', NULL, '2010-06-06 12:35:37', 0),
(8305, 0, '', '', '', '270 Burnt Store Rd Lardner', '56261303', 'Lardner and District Primary School Garden', 'member of growing together baw baw community garden network', '', '', 6, -38.204595, 145.880031, '', '', '', 0, 0, 'n', '9999-01-01 00:00:00', '9999-01-01 00:00:00', NULL, '2010-06-08 19:04:43', 0),
(8301, 0, '', '', '', 'george st warragul', '0356236032', 'Warragul Community Garden', 'member of growing together baw baw community garden network', '', '', 6, -38.157919, 145.937076, '', '', '', 0, 0, 'n', '9999-01-01 00:00:00', '9999-01-01 00:00:00', NULL, '2010-06-08 22:24:07', 0),
(8303, 0, '', '', '', 'o\\''dowds rd warragul', '56234066', 'Warragul North Primary School Garden', 'member of growing together baw baw community garden network', '', '', 6, -38.148395064954, 145.93929290771, '', '', '', 0, 0, 'n', '9999-01-01 00:00:00', '9999-01-01 00:00:00', NULL, '2010-06-08 18:58:32', 0),
(8355, 0, '', '', '', 'Western Point Rd Drouin South', '56276286', 'Drouin South Primary School', 'member of Growing Together Baw Baw Community Garden Network', '', '', 6, -38.1726229716248, 145.817584991455, '', '', '', 0, 0, 'n', '9999-01-01 00:00:00', '9999-01-01 00:00:00', NULL, '2010-08-11 22:03:54', 0),
(8307, 0, '', '', '', 'Main Rd Willow Grove', '56352271', 'Willow Grove Primary School garden', 'member of the growing together baw baw community garden network', '', '', 6, -38.0699873173333, 146.17506980896, '', '', '', 0, 0, 'n', '9999-01-01 00:00:00', '9999-01-01 00:00:00', NULL, '2010-06-08 19:11:39', 0),
(8308, 0, '', '', '', '167 Burke St Warragul', '56284415', 'St Jospeh\\''s Primary School Garden', 'member of the growing together baw baw community garden network', '', '', 6, -38.1587215917306, 145.912256240845, '', '', '', 0, 0, 'n', '9999-01-01 00:00:00', '9999-01-01 00:00:00', NULL, '2010-06-08 19:16:03', 0),
(8309, 0, '', '', '', '150 Bowen St Warragul', '56226131', 'St Pauls Anglican Grammar Junior School Garden', 'member of the growing together baw baw community garden network', '', '', 6, -38.146331, 145.930022, '', '', '', 0, 0, 'n', '9999-01-01 00:00:00', '9999-01-01 00:00:00', NULL, '2010-06-08 19:20:41', 0),
(8310, 0, '', '', '', '535 Main Neerim Road Drouin West', '56251971', 'Drouin West Primary School Garden', 'member of the growing together baw baw community garden network', '', '', 6, -38.087089, 145.871529, '', '', '', 0, 0, 'n', '9999-01-01 00:00:00', '9999-01-01 00:00:00', NULL, '2010-06-08 19:22:27', 0),
(8311, 0, '', '', '', '180 Main Rd Neerim South', '56281254', 'Neerim South Primary School Garden', 'member of the growing together baw baw community garden network', '', '', 6, -38.01496, 145.956786, '', '', '', 0, 0, 'n', '9999-01-01 00:00:00', '9999-01-01 00:00:00', NULL, '2010-06-08 19:27:13', 0),
(8312, 0, '', '', '', '76 Bloomfields Rd Nilma', '56232963', 'Nilma Primary School Garden', 'member of the growing together baw baw community garden network - new garden to be developed', '', '', 6, -38.165761, 145.974206, '', '', '', 0, 0, 'n', '9999-01-01 00:00:00', '9999-01-01 00:00:00', NULL, '2010-06-08 19:29:17', 0),
(8313, 0, '', '', '', 'Rollo St Yarragon', '56342375', 'Yarragon Primary School Garden', 'member of the growing together baw baw community garden network', '', '', 6, -38.210278, 146.066397, '', '', '', 0, 0, 'n', '9999-01-01 00:00:00', '9999-01-01 00:00:00', NULL, '2010-06-08 19:32:32', 0),
(8314, 0, '', '', '', 'Main South Rd Drouin', '56251002', 'Drouin Secondary College Garden', 'member of the growing together baw baw community garden network', '', '', 6, -38.1472475828346, 145.846767425537, '', '', '', 0, 0, 'n', '9999-01-01 00:00:00', '9999-01-01 00:00:00', NULL, '2010-06-08 19:37:00', 0),
(8315, 0, '', '', '', 'Brock Rd Hallora', '56275585', 'Blackwood Centre for Adolescent Development Garden', 'member of the growing together baw baw community garden network\n', '', '', 6, -38.254315, 145.839494, '', '', '', 0, 0, 'n', '9999-01-01 00:00:00', '9999-01-01 00:00:00', NULL, '2010-06-08 19:56:29', 0),
(8316, 0, '', '', '', '55 Burke St Warragul', '56231385', 'Warragul and District Specialist School Garden', 'member of the growing together baw baw community garden network', '', '', 6, -38.164233, 145.924615, '', '', '', 0, 0, 'n', '9999-01-01 00:00:00', '9999-01-01 00:00:00', NULL, '2010-06-08 20:16:29', 0),
(8318, 0, '', '', '', '40 - 42 School Rd Trafalgar', '56374100', 'Andrews House Garden', 'member of the growing together baw baw community garden network', '', '', 6, -38.2146483899687, 146.193265914917, '', '', '', 0, 0, 'n', '9999-01-01 00:00:00', '9999-01-01 00:00:00', NULL, '2010-06-08 20:02:10', 0),
(8319, 0, '', '', '', '5 Pearson Rd Drouin', '56250900', 'Amberlea Aged Care Facility Garden', 'member of the growing together baw baw community garden network', '', '', 6, -38.13869, 145.853471, '', '', '', 0, 0, 'n', '9999-01-01 00:00:00', '9999-01-01 00:00:00', NULL, '2010-06-08 20:17:13', 0),
(8320, 0, '', '', '', '30 Sargeant St Warragul', '56232752', 'Fairview Village Garden', 'member of the growing together baw baw community garden network', '', '', 6, -38.174579749134, 145.92929363251, '', '', '', 0, 0, 'n', '9999-01-01 00:00:00', '9999-01-01 00:00:00', NULL, '2010-06-08 20:06:40', 0),
(8321, 0, '', '', '', '210 Sutton St Warragul', '56232425', 'St Andrews Kindergarten Garden', 'member of the growing together baw baw community garden network', '', '', 6, -38.153749, 145.944006, '', '', '', 0, 0, 'n', '9999-01-01 00:00:00', '9999-01-01 00:00:00', NULL, '2010-06-08 20:09:22', 0),
(8323, 0, '', '', '', '30 Contingent St Trafalgar', '56332208', 'Trafalgar Kindergarten Garden', 'member of the growing together baw baw community garden network', '', '', 6, -38.210274, 146.155088, '', '', '', 0, 0, 'n', '9999-01-01 00:00:00', '9999-01-01 00:00:00', NULL, '2010-06-08 20:14:45', 0),
(8324, 0, '', '', '', '435 Lardners Track Drouin East', '56254600', 'Chairo Christian School Early Learning Centre Garden', 'member of the growing together baw baw community garden network', '', '', 6, -38.1343575, 145.895211, '', '', '', 0, 0, 'n', '9999-01-01 00:00:00', '9999-01-01 00:00:00', NULL, '2010-06-08 20:13:06', 0),
(8328, 0, '', '', '', '55 Burke St Warragul', '56239900', 'Warragul Regional College School Garden', 'member of the Growing Together Community Garden Network', '', '', 6, -38.1619609850857, 145.921783447266, '', '', '', 0, 0, 'n', '9999-01-01 00:00:00', '9999-01-01 00:00:00', NULL, '2010-06-15 19:38:32', 0),
(8330, 0, '', '', '', 'Croydon Street', '', '', 'Cronulla Central\n', '', '', 22, -34.0526416431932, 151.152992248535, '', '', '', 0, 0, 'n', '9999-01-01 00:00:00', '9999-01-01 00:00:00', NULL, '2010-06-16 21:48:53', 0),
(8331, 0, '', '', '', '', '', 'Community garden and composting area', '', '', '', 19, 47.2397927584822, 6.01600170135498, '', '', '', 0, 0, 'n', '9999-01-01 00:00:00', '9999-01-01 00:00:00', NULL, '2010-06-23 10:04:34', 0),
(8332, 0, '', '', '', '', '', 'title', 'description', '', '', 5, 41.5200305, -88.2017293, NULL, '', NULL, 0, 0, 'n', NULL, NULL, NULL, '0000-00-00 00:00:00', 0),
(8333, 0, '', '', '', '', '', 'Rosemary bushes', 'in front of the park - public rosemary bushes', '', '', 28, -37.7752942305776, 145.00940322876, '', '', '', 0, 0, 'n', '9999-01-01 00:00:00', '9999-01-01 00:00:00', NULL, '2010-06-25 20:40:14', 0),
(8334, 0, '', '', '', '502 N. River St. Ypsilanti, MI', '734 646 1450', '', '2 house community organic garden willing to share ~ in exchange for gardening help.', '', '', 4, 42.2469774025278, -83.6084461212158, '', '', '', 0, 0, 'n', '9999-01-01 00:00:00', '9999-01-01 00:00:00', NULL, '2010-06-27 19:07:09', 0),
(8335, 0, '', '', '', '22 Ryan St', '', '', 'Small hungry animals need your leafy green scraps!! You can drop us your choice vegie scraps including corn husks, celery tops, carrots, silverbeet, lettuce and we\\''ll give you life giving manured straw for all your composting needs in return! \nCommunity composting at its best!!', '', '', 7, -37.7708165080683, 144.989876747131, '', '', '', 0, 0, 'n', '9999-01-01 00:00:00', '9999-01-01 00:00:00', NULL, '2010-07-04 05:33:04', 0),
(8336, 0, '', '', '', '6 Holskamp Street Mount Waverley', '9807 9844', 'Monash-Waverley Community Information &amp; Support Inc', 'Community information, counseling, legal advice, financial advice, food vouchers', '', '', 25, -37.873796, 145.127102, '', '', '', 0, 0, 'n', '9999-01-01 00:00:00', '9999-01-01 00:00:00', NULL, '2010-07-04 22:51:39', 0),
(8337, 0, '', '', '', '', '', 'title', 'description', '', '', 1, -37.869366, 145.125679, NULL, '', NULL, 0, 0, 'n', NULL, NULL, NULL, '0000-00-00 00:00:00', 0),
(8338, 0, '', '', '', '383 High Street Road Mount Waverley', '', 'Amnesty International (AI) South Eastern Group', 'AI meets on third Tuesday of each month from 8pm at St Stephens Parish Centre (behind the Church).  Advocacy for international human rights.', '', '', 1, -37.869366, 145.125679, '', '', '', 0, 0, 'n', '9999-01-01 00:00:00', '9999-01-01 00:00:00', NULL, '2010-07-04 23:02:50', 0),
(8339, 0, '', '', '', '', '', 'Locut tree', 'There\\''s a locut tree on the side of the road that is quite large. It\\''s on the nature strip. Looks like it would have lots of fruit in the summer.', '', '', 13, -35.029395, 138.605988, '', '', '', 0, 0, 'n', '9999-01-01 00:00:00', '9999-01-01 00:00:00', NULL, '2010-07-07 07:44:39', 0),
(8340, 0, '', '', '', '', '', 'Blackwood Public Library', '', '', '', 22, -35.018012, 138.616379, 'http://www.mitchamcouncil.sa.gov.au/site/page.cfm?u=1299', '', '', 0, 0, 'n', '9999-01-01 00:00:00', '9999-01-01 00:00:00', NULL, '2010-07-07 08:13:16', 0),
(8341, 0, '', '', '', '', '', 'title', 'description', '', '', 2, -35.0213862970463, 138.616132736206, NULL, '', NULL, 0, 0, 'n', NULL, NULL, NULL, '0000-00-00 00:00:00', 0),
(8342, 0, '', '', '', '', '', 'Rosemary', 'Grown at the memorial.', '', '', 13, -34.9516992401588, 138.606927394867, '', '', '', 0, 0, 'n', '9999-01-01 00:00:00', '9999-01-01 00:00:00', NULL, '2010-07-11 08:03:13', 0),
(8343, 0, '', '', '', '922 W Michigan Ave, Ypsilanti, MI', '', '', 'Growing Hope Center &amp; Hoophouse\n\ncommunity Gardening project', '', '', 19, 42.2379704641872, -83.6256980895996, 'http://growinghope.net/', '', 'http://growinghope.net/', 0, 0, 'n', '9999-01-01 00:00:00', '9999-01-01 00:00:00', NULL, '2010-07-15 11:32:48', 0),
(8344, 0, '', '', '', '', '', 'title', 'description', '', '', 7, 42.245087164053, -83.6082744598389, NULL, '', NULL, 0, 0, 'n', NULL, NULL, NULL, '0000-00-00 00:00:00', 0),
(8345, 0, '', '', '', '', '', 'title', 'description', '', '', 15, 42.2400158033187, -83.6164283752441, NULL, '', NULL, 0, 0, 'n', NULL, NULL, NULL, '0000-00-00 00:00:00', 0),
(8346, 0, '', '', '', '', '', '', '', '', '', 15, 42.2399840315673, -83.6164766550064, '', '', '', 0, 0, 'n', '9999-01-01 00:00:00', '9999-01-01 00:00:00', NULL, '2010-07-15 11:40:59', 0),
(8347, 0, '', '', '', '', '', 'title', 'description', '', '', 31, 42.2428037122137, -83.6128610372543, NULL, '', NULL, 0, 0, 'n', NULL, NULL, NULL, '0000-00-00 00:00:00', 0),
(8348, 0, '', '', '', '', '', 'title', 'description', '', '', 31, 42.2426726594266, -83.6128342151642, NULL, '', NULL, 0, 0, 'n', NULL, NULL, NULL, '0000-00-00 00:00:00', 0),
(8349, 0, '', '', '', '103 N. Lincoln St 48198', '734-483-5475', '', 'Japanese Language Lessons', '', '', 31, 42.2422169, -83.607667, '', '', '', 0, 0, 'n', '9999-01-01 00:00:00', '9999-01-01 00:00:00', NULL, '2010-07-19 10:38:15', 0),
(8350, 0, '', '', '', '', '', 'title', 'description', '', '', 7, -37.869023, 144.995478, NULL, '', NULL, 0, 0, 'n', NULL, NULL, NULL, '0000-00-00 00:00:00', 0),
(8354, 0, '', '', '', 'Strasbourg Road, Rosanna', '', 'Rosanna Tennis Club', '', '', '', 16, -37.745807, 145.067465, '', '', '', 0, 0, 'n', '9999-01-01 00:00:00', '9999-01-01 00:00:00', NULL, '2010-07-25 16:20:25', 0),
(8356, 0, '', '', '', 'Bowen St Warragul', '', 'Bowen St Kindergarten', 'member of Growing Together Baw Baw Community Garden Network', '', '', 6, -38.1457963295991, 145.92912197113, '', '', '', 0, 0, 'n', '9999-01-01 00:00:00', '9999-01-01 00:00:00', NULL, '2010-08-11 22:14:59', 0),
(8357, 0, '', '', '', '', '0393478716', '', 'Melbourne University Food Co-op, 1st Floor Union House, All Welcome. Lunch hot meals (curries, dahls, stews with brown rice), vegan pies and cakes + Bulk dry foods from flours, rice and polenta to teas to spices and herbs, tofu, chocolate, dates, nuts. ', '', '', 7, -37.797000555262, 144.962797164917, '', '', '', 0, 0, 'n', '9999-01-01 00:00:00', '9999-01-01 00:00:00', NULL, '2010-08-15 21:41:37', 0),
(8358, 0, '', '', '', '', '', 'title', 'description', '', '', 1, -37.724242304336, 145.01528263092, NULL, '', NULL, 0, 0, 'n', NULL, NULL, NULL, '0000-00-00 00:00:00', 0),
(8359, 0, '', '', '', '', '', '', '', '', '', 18, -37.7964410191468, 144.924945831299, '', '', '', 0, 0, 'n', '9999-01-01 00:00:00', '9999-01-01 00:00:00', NULL, '2010-09-06 23:31:36', 0),
(8360, 0, '', '', '', '', '', 'Apple Tree', '', '', '', 13, -42.8971810598343, 147.299816608429, '', '', '', 0, 0, 'n', '9999-01-01 00:00:00', '9999-01-01 00:00:00', NULL, '2010-09-08 23:23:04', 0),
(8361, 0, '', '', '', '', '', 'title', 'description', '', '', 18, -31.4368471594, 152.897672653198, NULL, '', NULL, 0, 0, 'n', NULL, NULL, NULL, '0000-00-00 00:00:00', 0),
(8362, 0, '', '', '', '', '', 'Primary school and sports fields', '', '', '', 24, -31.440435462566, 152.897415161133, '', '', '', 0, 0, 'n', '9999-01-01 00:00:00', '9999-01-01 00:00:00', NULL, '2010-09-12 20:14:21', 0),
(8363, 0, '', '', '', '', '', 'title', 'description', '', '', 5, -31.441295902597, 152.899324893951, NULL, '', NULL, 0, 0, 'n', NULL, NULL, NULL, '0000-00-00 00:00:00', 0),
(8367, 0, '', '', '', '26 Avon Road, Avonsleigh, Victoria, 3782 ::', '03 59683914', 'Avonsleigh Berries', 'Pick your own berries in December, January, February.  Please call before visiting.', '', '', 14, -37.909617, 145.479503, '', '', '', 0, 0, 'n', '9999-01-01 00:00:00', '9999-01-01 00:00:00', NULL, '2011-01-27 21:31:04', 0),
(8369, 0, '', '', '', '385 Boneo Rd, Rosebud, Victoria, 3939', '(03) 5988 6340', 'Baker\\''s Fresh Vegies', 'Pick your own peas and beans.', '', '', 14, -38.394656, 144.888631, '', '', '', 0, 0, 'n', '9999-01-01 00:00:00', '9999-01-01 00:00:00', NULL, '2010-09-23 23:03:07', 0),
(8370, 0, '', '', '', '27 Parker Rd, Silvan, Victoria 3795 ', '03 9737 9400 ', 'Blue Hills Berries and Cherries', '\\&quot;Pick Your Own\\&quot; berries and cherries.\n\nPlease confirm the farm is open for visitors by visiting the website or calling.', '', '', 14, -37.825851, 145.443219, 'http://www.upickberries.com.au/', '', '', 0, 0, 'n', '9999-01-01 00:00:00', '9999-01-01 00:00:00', NULL, '2010-09-24 00:34:33', 0),
(8371, 0, '', '', '', '', '', 'title', 'description', '', '', 14, -37.7915682, 144.975303, NULL, '', NULL, 0, 0, 'n', NULL, NULL, NULL, '0000-00-00 00:00:00', 0),
(8372, 0, '', '', '', '8 Lee Street, East Brunswick, Victoria', '', 'Ceres Community Environmental Park - Market and Shop', 'Each week, in all weather, we sell the best local organic produce harvested from our own market gardens and other small sustainable growers from around Melbourne.\n\nWednesday 9am-1pm\nFriday 9am-5pm (Shop Only)\nSaturday 9am-1pm', '', '', 15, -37.7915682, 144.975303, 'http://www.ceres.org.au/', '', '', 0, 0, 'n', '9999-01-01 00:00:00', '9999-01-01 00:00:00', NULL, '2010-09-23 23:29:30', 0),
(8373, 0, '', '', '', '21-23 Parker Rd, Silvan Victoria 3795', '(03) 9737 9534', 'Chappies', 'Chappies offers U-Pick for Berries and Cherries. Please phone us on (03) 9737 9534 for season update.', '', '', 14, -37.827556, 145.441342, 'http://www.upick.com.au/', '', '', 0, 0, 'n', '9999-01-01 00:00:00', '9999-01-01 00:00:00', NULL, '2010-09-23 23:37:13', 0),
(8374, 0, '', '', '', '470 Queens Road, Wandin East, Victoria', '0408 805359', 'Cherry Haven', 'Cherry Haven is a family-owned u-pick cherry orchard, overlooking the picturesque Yarra Valley of Victoria from the foothills of the Dandenong Ranges. Less than an hour\\''s drive from the Melbourne CBD you will find delicious tree-ripened cherries awaiting you. Cherry Haven is perfectly situated for producing quality cherries with the added benefit of great views and a delightful countryside environment. Delicious, juicy cherries you can pick yourself. Note: If insufficient cherries available, Cherry Haven will close. Please check this calendar or phone message for updates.', '', '', 14, -37.801318, 145.453546, 'http://www.cherryhaven.com', '', '', 0, 0, 'n', '9999-01-01 00:00:00', '9999-01-01 00:00:00', NULL, '2010-09-24 00:40:52', 0),
(8375, 0, '', '', '', '45 Cookes Rd, Mernda, Victoria, 3754', '(03) 9218 1100 ', 'Chiquita Mushrooms Pty Ltd', '', '', '', 14, -37.588992, 145.115177, '', '', '', 0, 0, 'n', '9999-01-01 00:00:00', '9999-01-01 00:00:00', NULL, '2010-09-24 00:49:13', 0),
(8376, 0, '', '', '', '350 Pageant Ln # 501 Clarksville, TN', '(931) 648-8826', 'Public Library', '', '', '', 22, 36.5297706, -87.3594528, '', '', '', 0, 0, 'n', '9999-01-01 00:00:00', '9999-01-01 00:00:00', NULL, '2010-09-28 15:53:54', 0),
(8381, 0, '', '', '', '150 Richview Road, Clarksville, TN', '(931) 648-0110; (931', 'First Church of the Nazarene', 'A church with a small community garden', '', '', 6, 36.5157412660754, -87.2785770893097, 'http://www.clarksvillefirst.com/', '', '', 0, 0, 'n', '9999-01-01 00:00:00', '9999-01-01 00:00:00', NULL, '2010-09-28 16:28:11', 0),
(8378, 0, '', '', '', '350 Pageant Ln # 501, Clarksville, TN', '(931) 648-8826', 'Public Library', '', '', '', 22, 40.8088720954082, -75.4551315307617, '', '', '', 0, 0, 'n', '9999-01-01 00:00:00', '9999-01-01 00:00:00', NULL, '2010-09-28 16:03:08', 0),
(8383, 0, '', '', '', '350 Pageant Ln # 501, Clarksville, TN', '(931) 648-8826', 'Clarksville-Montgomery County Public Library', '', '', '', 22, 36.5200524933984, -87.3406434059143, '', '', '', 0, 0, 'n', '9999-01-01 00:00:00', '9999-01-01 00:00:00', NULL, '2010-09-28 16:42:03', 0),
(8382, 0, '', '', '', '', '', 'title', 'description', '', '', 22, 36.5297706, -87.3594528, NULL, '', NULL, 0, 0, 'n', NULL, NULL, NULL, '0000-00-00 00:00:00', 0),
(8384, 0, '', '', '', '', '', 'title', 'description', '', '', 31, -36.8356682472444, 144.195556640625, NULL, '', NULL, 0, 0, 'n', NULL, NULL, NULL, '0000-00-00 00:00:00', 0),
(8385, 0, '', '', '', '', '', 'Crn DeCarle and Davies', 'description', '', '', 5, -37.755956667972, 144.96582269669, '', '', '', 0, 0, 'n', '9999-01-01 00:00:00', '9999-01-01 00:00:00', NULL, '2010-10-17 04:46:47', 0),
(8386, 0, '', '', '', '', '', 'Fig Tree', '', '', '', 13, -42.8849658888754, 147.317411899567, '', '', '', 0, 0, 'n', '9999-01-01 00:00:00', '9999-01-01 00:00:00', NULL, '2010-10-24 22:55:11', 0),
(8387, 0, '', '', '', '', '', 'title', 'description', '', '', 9, -34.992175, 138.557138, NULL, '', NULL, 0, 0, 'n', NULL, NULL, NULL, '0000-00-00 00:00:00', 0),
(8388, 0, '', '', '', '', '', 'title', 'description', '', '', 9, -34.992175, 138.557138, NULL, '', NULL, 0, 0, 'n', NULL, NULL, NULL, '0000-00-00 00:00:00', 0),
(8389, 0, '', '', '', '116-118 Carlisle St St Kilda', '03 9537 0873', '', 'Salvation Army op-shop', '', '', 9, -37.8678916736063, 144.987859725952, '', '', '', 0, 0, 'n', '9999-01-01 00:00:00', '9999-01-01 00:00:00', NULL, '2010-11-01 18:12:16', 0),
(8390, 0, '', '', '', '', '', 'title', 'description', '', '', 6, 45.4941947356121, -103.69514465332, NULL, '', NULL, 0, 0, 'n', NULL, NULL, NULL, '0000-00-00 00:00:00', 0),
(8392, 0, '', '', '', 'Tunstall Park Luckie Street Nunawading', 'Lois 9877 5108', 'Nunawading Laughter Club', 'Our group meets at 9.30 am every Saturday for a good laugh, gentle stretching and movement. Increase your general well-being, reduce stress and develop the ability to laugh for no reason. All ages and abilities welcome            JUST BRING YOUR SMILE', '', '', 1, -37.815751041564, 145.1736831665, '', '', '', 0, 0, 'n', '9999-01-01 00:00:00', '9999-01-01 00:00:00', NULL, '2010-12-21 01:48:45', 0),
(8393, 0, '', '', '', 'Mitcham Community House, 19 Brunswick Rd,, Mitcham, VIC, 3132', 'Bronwyn 0421 335 197', 'Mitcham Laughter Club', 'Saturday mornings for 45 minutes ', '', '', 1, -37.8182936884357, 145.196814537048, '', '', '', 0, 0, 'n', '9999-01-01 00:00:00', '9999-01-01 00:00:00', NULL, '2010-12-21 01:28:51', 0),
(8394, 0, '', '', '', '', '', 'title', 'description', '', '', 9, -37.8044860626114, 144.949101805687, NULL, '', NULL, 0, 0, 'n', NULL, NULL, NULL, '0000-00-00 00:00:00', 0),
(8395, 0, '', '', '', '', '', 'title', 'description', '', '', 9, 65.075175, 25.52781, NULL, '', NULL, 0, 0, 'n', NULL, NULL, NULL, '0000-00-00 00:00:00', 0),
(8396, 0, '', '', '', '', '', 'title', 'description', '', '', 30, 50.2577708, 10.9660314, NULL, '', NULL, 0, 0, 'n', NULL, NULL, NULL, '0000-00-00 00:00:00', 0),
(8397, 0, '', '', '', '53 Hampstead Road, Maidstone, victoria', '', 'Maribyrnong Detention Centre Garden', 'Maribyrnong Detention Centre Garden', '', '', 6, -37.7765, 144.876014, 'http://www.immi.gov.au/managing-australias-borders/detention/facilities/locations/maribyrnong/contac', '', '', 0, 0, 'n', '9999-01-01 00:00:00', '9999-01-01 00:00:00', NULL, '2011-01-15 16:19:01', 0),
(8398, 1, '', '', '', '25 Lyppards Road, Langwarrin. 3910', '(03) 9776-7018', 'The Bramble Farm', 'Brambleberries &amp; Raspberries. We also collect our own Honey and have that as well as a huge variety.  \nBrambleberries &amp; Raspberries\nMark &amp; Di Benson, 25 Lyppards Road, Langwarrin. 3910, Australia. Phone: (03) 9776-7018. Fax: (03) 9776-7019. E-mail: brambleb@bigpond.com.au Opening hours are 9am ~ 5pm, 7 days a week. Brambleberries &amp; Raspberries available for picking Nov ~ May, with frozen sales available all year round. We also collect our own Honey and have that as well as a huge variety of products made on the farm.', '', '', 14, -38.133745, 145.220739, '', '', '', 0, 0, 'n', '9999-01-01 00:00:00', '9999-01-01 00:00:00', NULL, '2011-01-15 16:33:11', 0),
(8399, 0, '', '', '', 'Monbulk-Seville Road, Wandin-East Victoria Australia, ', '', 'Cobrahah Orchards', 'Pick your Own cherries.  Monbulk-Seville Road, Wandin-East Victoria Australia, Wandin East, VIC 3139. Email us at: info@cobradahorchards.com .au. Directions: Take Train to Lilydale Station from Melbourne and we can pick you up from there. We are open January, November, December. Our hours are: 5 to 7 days a week 8 hour days Payment: A tent is recommended, small kitchen and shower available. Payment is per kg. ', '', '', 14, -37.8220566450799, 145.413236618042, '', '', '', 0, 0, 'n', '9999-01-01 00:00:00', '9999-01-01 00:00:00', NULL, '2011-01-15 19:59:04', 0),
(8400, 0, '', '', '', '', '(03) 5786 1297', 'Higham Blueberries', 'Pick your own blueberries.  Extons Road, Kinglake.  Tel: (03) 5786 1297. Pick your own or buy freshly picked fruit in January and February. Frozen fruit packs are available all year round. Open: January and February by appointment only.  Please ring to make an appointment and check for availability of fruit before you come!  ', '', '', 14, -37.4941381, 145.3182842, '', '', '', 0, 0, 'n', '9999-01-01 00:00:00', '9999-01-01 00:00:00', NULL, '2011-01-15 20:02:17', 0),
(8401, 0, '', '', '', ' 606 Extons Rd, Kingslake Central, Victoria', '', 'Kadarina Berries', 'Might be pick your own.  silvanberries, raspberries, loganberries, blueberrie\n', '', '', 14, -37.458338, 145.325855, '', '', '', 0, 0, 'n', '9999-01-01 00:00:00', '9999-01-01 00:00:00', NULL, '2011-01-15 20:04:22', 0),
(8402, 0, '', '', '', '3555 Mt Slide Rd, Kinglake, 3757', '', 'Lamon Farm', 'Might be Pick your own. \nstrawberries, nashis and chestnuts', '', '', 14, -37.5343033, 145.3547132, '', '', '', 0, 0, 'n', '9999-01-01 00:00:00', '9999-01-01 00:00:00', NULL, '2011-01-15 20:06:22', 0),
(8403, 0, '', '', '', '41 Beaulieu Road, Red Hill', '', 'Lowanville Farm', 'Might be pick your own.', '', '', 14, -38.386193, 145.014374, '', '', '', 0, 0, 'n', '9999-01-01 00:00:00', '9999-01-01 00:00:00', NULL, '2011-01-15 20:08:41', 0),
(8404, 0, '', '', '', '15 Blueberry Lane, Monbulk', '', 'Mountain Blueberries', 'pick your own', '', '', 14, -37.870145, 145.415455, '', '', '', 0, 0, 'n', '9999-01-01 00:00:00', '9999-01-01 00:00:00', NULL, '2011-01-15 20:10:47', 0),
(8405, 0, '', '', '', '109 McIlroys Road, Red Hill, VIC. ', '(03) 5989 2008. ', 'Ellisfield Farm', 'Open 7 days 9-5 during the season; Always ring to check daily availability of fruit. Pick your own fruit in season, including cherries and quinces. Ellisfield Farm is the home of sour Morello cherries, highly prized for jams, pies, cakes, cordials and liqueurs. Sweet cherries from late November until early January. Morello cherries throughout January. Quinces in April and May.', '', '', 14, -38.361226, 145.038399, '', '', '', 0, 0, 'n', '9999-01-01 00:00:00', '9999-01-01 00:00:00', NULL, '2011-01-15 20:12:26', 0),
(8406, 0, '', '', '', 'Launching Place Rd, Yarra Junction, Vic', '', 'The Big Berry', 'pick your own raspberries, blueberries and blackberries', '', '', 14, -37.835181, 145.595916, '', '', '', 0, 0, 'n', '9999-01-01 00:00:00', '9999-01-01 00:00:00', NULL, '2011-01-15 20:59:13', 0),
(8408, 0, '', '', '', '27 Parker Road, Silvan, VIC', '(03) 9737 9400', 'Blue Hills Orchard', 'Blue Hills Orchards is nestled in the foothills of the Dandenong Ranges near the Silvan Reservoir. The Chapman family has farmed in Silvan since 1984 and are best known for their quality fresh fruit and provision of \\&quot;Pick Your Own\\&quot; berries. Seasonal produce. ', '', '', 14, -37.825137, 145.442445, '', '', '', 0, 0, 'n', '9999-01-01 00:00:00', '9999-01-01 00:00:00', NULL, '2011-01-15 22:08:25', 0),
(8409, 0, '', '', '', 'Chapman Road, 21 and 39 Parker Road, Silvan,', '(03) 5964 4303.', 'Chapmans Berry and Fruit Farm', 'Bring your own containers.   Shed sales of cherries. Some berries and fruits available for picking. Raspberries, boysenberries and currants are available for your picking. Shed sales of peaches, cherries and raspberries. Chapmans do not allow berry picking on Sundays, only Mondays - Saturdays.', '', '', 14, -37.819307, 145.448586, '', '', '', 0, 0, 'n', '9999-01-01 00:00:00', '9999-01-01 00:00:00', NULL, '2011-01-15 22:41:36', 0),
(8410, 0, '', '', '', '185 Beenak Road, Yellingbo, VIC 3139', '(0409) 024 240', 'The Gourmet Yabby Farm', 'Catch your own. Directions: Take Smiths Rd a few kilometres south of Yellingbo, to where it veers east off the Healesville-Koo Wee Rup Road. It then leads into Beenak Road, where you will find the farm. Catch or buy your own and use the barbecue facilities. The Gourmet Yabby Farm costs $3 to enter and $20 a kilogram for your catch. ', '', '', 14, -37.866538, 145.5538703, '', '', '', 0, 0, 'n', '9999-01-01 00:00:00', '9999-01-01 00:00:00', NULL, '2011-01-15 22:43:51', 0),
(8411, 0, '', '', '', '61 Prossors Lane, Red Hill', '03 5989 2237', 'Red Hill Cherry Farm', 'Handpick cherries and strawberries. Pick your own cherries in December and January. Open: 7 days a week from 9 am to 5 pm in December and early January. ', '', '', 14, -38.378936, 145.019851, '', '', '', 0, 0, 'n', '9999-01-01 00:00:00', '9999-01-01 00:00:00', NULL, '2011-01-15 22:45:05', 0),
(8412, 0, '', '', '', '', '', 'Ripe and Ready Cherry Farm', 'Pick your own', '', '', 14, -38.365073, 145.014739, '', '', '', 0, 0, 'n', '9999-01-01 00:00:00', '9999-01-01 00:00:00', NULL, '2011-01-15 22:49:53', 0),
(8413, 0, '', '', '', '244 Shands Road, Main Ridge', '', 'Sunny Ridge', 'Strawberries, avocadoes and seasonal produce.\n', '', '', 14, -38.400199, 144.992457, '', '', '', 0, 0, 'n', '9999-01-01 00:00:00', '9999-01-01 00:00:00', NULL, '2011-01-15 22:51:30', 0),
(8414, 0, '', '', '', 'Gardiner Rd, Yellingbo', '(03) 5964 8212.', 'Yellingbo Berries', 'Take Gardiner Rd north of Beenak Road. They also have organic fruit and jams. Open: January and February from Saturday to Wednesday by appointment, ', '', '', 14, -37.8036176, 145.4999083, '', '', '', 0, 0, 'n', '9999-01-01 00:00:00', '9999-01-01 00:00:00', NULL, '2011-01-15 22:53:14', 0),
(8415, 0, '', '', '', '871 Derril Road, Moorooduc', '', 'Pure Peninsula Honey', 'Honey - OK, its not a pick-your-own (you\\''d get stung), but it seems pretty cool!\n\\&quot;Bungower Park\\&quot;, 871 Derril Road, Moorooduc, VIC. Phone: (03) 5978 8413. Open: 7 days 9 am to 5.30 pm. Creamed and organic honey, honeycomb, bees\\'' wax available. ', '', '', 14, -38.2387675, 145.107248, 'http://www.purepeninsulahoney.com.au/', '', '', 0, 0, 'n', '9999-01-01 00:00:00', '9999-01-01 00:00:00', NULL, '2011-01-27 21:54:22', 0),
(8416, 1, 'tom@cultivatingcommunity.org.au', 'http://cultivatingcommunity.org.au', '', 'Napier Street, Fitzroy, Victoria', '9415 6580', 'Atherton Gardens', 'The Atherton Gardens estate consists of four high rise tower blocks, two situated in Brunswick Street between Gertrude and King William streets (blocks 90 and 140) and two situated in Napier Street (blocks 95 and 125). Each tower block comprises 200 flats (10 flats on each floor x 20 floors per block) making a total of 800 high rise units. Directly opposite block 95, at 100 Napier Street there are 24 walk-up flats, another 24 (approx) located on the corner of George and Condell Streets, 8 townhouses in Moor Street (opposite the Fitzroy Library) and an additional 60 (approx) walk-ups located in St Laurence estate, bordered by Feet and Hannover Streets. These include 8 elderly person\\''s units at 45 Fleet Street. The estimated overall population is approximately 3,000 residents.', '', '', 6, -37.8031721269745, 144.979405403137, '', '', '', 0, 0, 'n', '9999-01-01 00:00:00', '9999-01-01 00:00:00', NULL, '2011-01-17 05:29:16', 0),
(8417, 0, '', '', '', 'Slater Reserve, Blackburn North, Vic', '9878 1702 / 9878 675', 'Blackburn North Community Garden', 'Blackburn North Community Garden', '', '', 6, -37.8026889318616, 145.162664651871, '', '', '', 0, 0, 'n', '9999-01-01 00:00:00', '9999-01-01 00:00:00', NULL, '2011-01-17 05:33:32', 0),
(8418, 0, '', '', '', '55A Blessington st, St Kilda, Vic', '', 'Port Phillip Eco Centre Garden', 'Join Port Phillip Urban Fresh Food Network (PPUFFN) in the Eco Centre garden.', '', '', 6, -37.872142, 144.984747, 'http://www.ecocentre.com/', '', '', 0, 0, 'n', '9999-01-01 00:00:00', '9999-01-01 00:00:00', NULL, '2011-01-17 05:37:50', 0),
(8419, 1, 'peter.j.scott@roads.vic.gov.au', '', '', 'Cnr Roberts and Stewart Streets, Brunswick East, Victoria, 3057', '(03) 9389 0100 ', 'CERES Community Garden', 'There are about 50 community garden plots at CERES which are rented out yearly to those with limited household space for growing.\n\nThe community gardens has regular working bees and social BBQs. These are great opportunities for gardeners to mingle, share freshly grown produce, swap seeds and pitch in to help maintain the site.', '', '', 6, -37.766109518787, 144.982978105545, 'http://www.ceres.org.au/node/26', '', '', 0, 0, 'n', '9999-01-01 00:00:00', '9999-01-01 00:00:00', NULL, '2011-01-17 05:49:16', 0),
(8420, 1, '', 'http://farm.org.au/contact', '', '18 St Heliers St  Abbotsford, Melbourne, VIC, 3067', '03 9417 5806', 'Collingwood Children\\''s farm', 'nly 5km from the centre of Melbourne, nestled on a bend of the Yarra River lies seven hectares of paddocks, gardens, orchards, rustic buildings and shady trees.\nEstablished in 1979 the Collingwood Children\\''s Farm is a not-for-profit community resource providing country experiences for city people.', '', '', 14, -37.801637, 145.005019, 'http://farm.org.au/', '', '', 0, 0, 'n', '9999-01-01 00:00:00', '9999-01-01 00:00:00', NULL, '2011-01-17 05:57:52', 0),
(8421, 0, '', '', '', 'Cuthbert Drive, Mill Park, Vic, 3082', '', 'Findon Primary School Garden', 'Stephanie Alexander school garden', '', '', 6, -37.6649502, 145.0530832, '', '', '', 0, 0, 'n', '9999-01-01 00:00:00', '9999-01-01 00:00:00', NULL, '2011-01-18 03:19:37', 0),
(8422, 0, '', '', '', '', '', 'Thornbury Primary School', 'School garden', '', '', 6, -37.7552643, 144.9938536, '', '', '', 0, 0, 'n', '9999-01-01 00:00:00', '9999-01-01 00:00:00', NULL, '2011-01-18 03:22:50', 0),
(8423, 0, '', '', '', '25 Rowan Drive, Doveton, VIC 3177', '(03) 9792 9686  ', 'Doveton North Primary School Garden', 'School garden', '', '', 6, -37.98379, 145.237218, '', '', '', 0, 0, 'n', '9999-01-01 00:00:00', '9999-01-01 00:00:00', NULL, '2011-01-18 03:26:03', 0),
(8424, 0, '', '', '', '91 Bladin Street, Laverton, Victoria ', '', 'Laverton Secondary College', 'school garden', '', '', 6, -37.857123, 144.772763, '', '', '', 0, 0, 'n', '9999-01-01 00:00:00', '9999-01-01 00:00:00', NULL, '2011-01-18 03:27:38', 0),
(8425, 0, '', '', '', '128b Gillespie Road, St Albans, vic', '', 'Kings Park Primary School', 'School garden', '', '', 6, -37.733298, 144.766932, '', '', '', 0, 0, 'n', '9999-01-01 00:00:00', '9999-01-01 00:00:00', NULL, '2011-01-18 03:28:45', 0),
(8426, 0, '', '', '', '', '', 'title', 'description', '', '', 6, -37.8034182, 144.9904781, NULL, '', NULL, 0, 0, 'n', NULL, NULL, NULL, '0000-00-00 00:00:00', 0),
(8427, 0, '', '', '', '', '', 'title', 'description', '', '', 6, -37.8629854, 145.1087137, NULL, '', NULL, 0, 0, 'n', NULL, NULL, NULL, '0000-00-00 00:00:00', 0),
(8428, 0, '', '', '', '', '', 'Reservoir East Primary', 'School Garden', '', '', 6, -37.720264, 145.022462, '', '', '', 0, 0, 'n', '9999-01-01 00:00:00', '9999-01-01 00:00:00', NULL, '2011-01-18 03:33:45', 0),
(8429, 0, '', '', '', '', '', 'title', 'description', '', '', 6, -37.8145077, 145.0077322, NULL, '', NULL, 0, 0, 'n', NULL, NULL, NULL, '0000-00-00 00:00:00', 0),
(8430, 0, '', '', '', '', '', 'title', 'description', '', '', 6, -37.8145077, 145.0077322, NULL, '', NULL, 0, 0, 'n', NULL, NULL, NULL, '0000-00-00 00:00:00', 0),
(8431, 0, '', '', '', 'Combarton St, Box Hill', '9848 1582', '', 'Contact Les Miles', '', '', 6, -37.8260479, 145.1252754, '', '', '', 0, 0, 'n', '9999-01-01 00:00:00', '9999-01-01 00:00:00', NULL, '2011-01-18 03:51:09', 0),
(8432, 1, 'amoran@darebin.vic.gov.au', '', '', '1069 Plenty Road,  Bundoora, VIC   3083 ', '', 'Coopers Settlement', 'Community garden\nContact Annie Moran	8470 8171	PO BOx 138, Kingsbury 3083	\n', '', '', 6, -37.713254, 145.04475, '', '', '', 0, 0, 'n', '9999-01-01 00:00:00', '9999-01-01 00:00:00', NULL, '2011-01-18 03:53:56', 0),
(8433, 0, '', '', '', '', '', '', 'Guerrilla Garden in Broadmeadow', '', '', 6, -32.9236406958932, 151.739038825035, '', '', '', 0, 0, 'n', '9999-01-01 00:00:00', '9999-01-01 00:00:00', NULL, '2011-01-18 20:07:05', 0),
(8434, 0, '', '', '', '', '', 'Aloe Vera plant', 'giant! it\\''s a bit up on the hill so can be a little difficult to get to. ', '', '', 13, -32.9370222113781, 151.745921373367, '', '', '', 0, 0, 'n', '9999-01-01 00:00:00', '9999-01-01 00:00:00', NULL, '2011-01-18 21:44:10', 0),
(8435, 0, '', '', '', '', '', 'Mulberry Tree', 'has a very short fruit season, but it\\''s great when it\\''s happening!', '', '', 13, -32.93625008273, 151.74477741122, '', '', '', 0, 0, 'n', '9999-01-01 00:00:00', '9999-01-01 00:00:00', NULL, '2011-01-18 21:48:42', 0),
(8436, 0, '', '', '', '', '', 'title', 'description', '', '', 6, -37.7854278, 144.9228804, NULL, '', NULL, 0, 0, 'n', NULL, NULL, NULL, '0000-00-00 00:00:00', 0),
(8437, 0, '', '', '', '', '', 'Plum Treet', 'An amazing plum tree, I recommend you help yourself in season.... yum', '', '', 13, -37.7645743818199, 144.997129440308, '', '', '', 0, 0, 'n', '9999-01-01 00:00:00', '9999-01-01 00:00:00', NULL, '2011-01-22 15:53:50', 0),
(8438, 0, '', '', '', '34 Haunted Gully Rd, Beaconsfield, Victoria', '03 97072758', 'Haunted Gully Olives', 'Haunted Gully Extra Virgin Olive Oil is grown and produced in Beaconsfield, Victoria. We are a family run business committed to producing extra virgin olive oils of excellent quality. Our oils are pressed on site using a traditional mat press which gives our oils their unique flavour and character.', '', '', 14, -38.031697, 145.408081, 'http://www.hauntedgullyolives.com.au/Haunted_Gully2/Welcome.html', '', '', 0, 0, 'n', '9999-01-01 00:00:00', '9999-01-01 00:00:00', NULL, '2011-01-27 21:45:08', 0),
(8439, 0, '', '', '', '', '', 'title', 'description', '', '', 28, -38.2387675, 145.107248, NULL, '', NULL, 0, 0, 'n', NULL, NULL, NULL, '0000-00-00 00:00:00', 0),
(8440, 0, '', '', '', 'Cnr Liardet and Nott Streets  Port Melbourne, VIC, 3207  ', '03 9645 1476 ', 'Port Melbourne Neighbourhood House', 'Port Melbourne Neighbourhood House manages 2 community gardens. One at Fisherman\\''s Bend Community Centre,  cnr of Dunstan Parade and Centre Avenue, Garden City is one of Port Phillip\\''s vibrant community gardens. Port Phillip\\''s second community garden is located at the west end of JLMurphy Reserve, Williamstown Road, Port Melbourne. It consists of raised, vegetable garden plots and includes wheelchair accessible facilities.', '', '', 6, -37.8378594, 144.9412355, 'http://www.portphillip.vic.gov.au/community_gardens.htm', '', '', 0, 0, 'n', '9999-01-01 00:00:00', '9999-01-01 00:00:00', NULL, '2011-01-27 22:49:33', 0),
(8441, 1, '', 'http://www.vegout.asn.au/contact.html', '', '', '', 'Veg Out Community Gardens St Kilda', 'Veg Out is an organic, chemical free garden run by volunteers. Formerly a lawn bowling green, the land Veg Out is situated on is administered by the local council for the State of Victoria, and has been permanently reserved for public use since 1881. We have over 140 plots, where members, friends, families and community groups enjoy getting their hands into the soil. Many have little or no gardening experience, but they soon learn as advice, seedlings and friendships are readily shared.', '', '', 6, -37.8681005, 144.9778716, 'http://www.vegout.asn.au', '', '', 0, 0, 'n', '9999-01-01 00:00:00', '9999-01-01 00:00:00', NULL, '2011-01-27 22:53:09', 0),
(8442, 1, '', 'http://friendsofroyalpark.org.au/contact', '', 'Cnr Warrenheip and Hedrick streets, Buninyong, Victoria, Australia', '0407 043 036', 'Buninyong Community Garden', 'The Friends of Royal Park are working on building a sustainabitily centre at Royal Park, and the community garden is the first stage of this project', '', '', 6, -37.6564070901798, 143.882188796997, 'http://friendsofroyalpark.org.au/', '', 'http://friendsofroyalpark.org.au/index.php?format=feed&amp;type=rss', 0, 0, 'n', '9999-01-01 00:00:00', '9999-01-01 00:00:00', NULL, '2011-02-01 20:19:41', 0),
(8443, 0, '', '', '', '304 Scott Street, Buninyong ', '', 'BUNINET', 'Local internet access point', '', '', 26, -37.6511576763045, 143.882714509964, 'http://buninet.awardspace.com/', '', '', 0, 0, 'n', '9999-01-01 00:00:00', '9999-01-01 00:00:00', NULL, '2011-02-01 20:24:24', 0),
(8444, 0, '', '', '', '', '', 'St Gilgen Sharehood Community', 'Started in 2011 at the StGIS school', '', '', 1, 47.766924977147, 13.364771604538, '', '', '', 0, 0, 'n', '9999-01-01 00:00:00', '9999-01-01 00:00:00', NULL, '2011-02-06 13:05:41', 0),
(8445, 0, '', '', '', '', '', 'title', 'description', '', '', 1, 43.1828396, -3.9878427, NULL, '', NULL, 0, 0, 'n', NULL, NULL, NULL, '0000-00-00 00:00:00', 0),
(8446, 0, '', '', '', '', '', 'Normal Park Community Garden', 'Community garden behind Ypsilanti Middle School', '', '', 6, 42.242434380934, -83.637886047363, 'http://www.NPCgarden.org', '', '', 0, 0, 'n', '9999-01-01 00:00:00', '9999-01-01 00:00:00', NULL, '2011-02-21 15:01:48', 0),
(8447, 0, '', '', '', '', '', 'title', 'description', '', '', 6, 42.242307298704, -83.6379718780518, NULL, '', NULL, 0, 0, 'n', NULL, NULL, NULL, '0000-00-00 00:00:00', 0),
(8448, 0, '', '', '', '45 Kings Road, ST ALBANS, Vic', '03 9249 4030', 'Westvale Community Garden', 'Garden for Plot owners (and their extended families and friends)\n', '', '', 6, 51.7541526, -0.3489397, 'http://www.brimbank.vic.gov.au/directory/S2_Item.asp?Mkey=791&amp;S3Key=147', '', '', 0, 0, 'n', '9999-01-01 00:00:00', '9999-01-01 00:00:00', NULL, '2011-03-06 03:56:45', 0),
(8451, 0, '', '', '', 'Gillespie Rd, ST ALBANS, Vic', '', 'Kings Patch', 'School Garden\nestablished 2002. Very successful, low budget project, fully integrated into sustainable environmental education curricula.\nvegies, herbs, fruit trees.  Used by students, staff\n', '', '', 6, -37.7347065, 144.7856445, '', '', '', 0, 0, 'n', '9999-01-01 00:00:00', '9999-01-01 00:00:00', NULL, '2011-03-06 04:08:07', 0),
(8450, 0, '', '', '', 'Vincent Avenue ST ALBANS.  Melway 14 C12 ', '9249 4854 or 03 9249', 'Padley Park Community Garden', 'This garden is located in the heart of St Albans and is situated in a residential area within public parkland. It has a very open, sunny aspect and all of the plots are relatively large. Since its establishment in 1993 it has grown from 12 plots to 32 plots and continues to be popular with the local residents. Community gardens enable residents and organisations who have limited gardening opportunities the ability to produce their own fresh vegetables. Keen gardeners who live in Brimbank can rent a plot for a fee of $62.40 payable each year. Membership is limited to one plot per household. Facilities are also available for gardeners with a disability who meet the eligibility requirements', '', '', 6, -37.741579, 144.8093262, 'http://www.brimbank.vic.gov.au/Page/Page.asp?Page_Id=176&amp;h=1', '', '', 0, 0, 'n', '9999-01-01 00:00:00', '9999-01-01 00:00:00', NULL, '2011-03-06 04:01:16', 0),
(8452, 0, '', '', '', 'Michael St, FITZROY NORTH, Vic', '', 'Fitzroy High School Kitchen Garden', 'Growing: vegies, fruit trees.  Used by students and staff via canteen; food technology classes.\n', '', '', 6, -37.7863431, 144.9893798, '', '', '', 0, 0, 'n', '9999-01-01 00:00:00', '9999-01-01 00:00:00', NULL, '2011-03-06 04:11:38', 0),
(8453, 0, '', '', '', 'Liquidamber St, DOVETON. Vic', '', 'The Rainbow Garden\n', 'Vegies, fruit trees.  Used by students, staff and community\n', '', '', 6, -37.9823654, 145.238248, '', '', '', 0, 0, 'n', '9999-01-01 00:00:00', '9999-01-01 00:00:00', NULL, '2011-03-06 04:12:22', 0),
(8454, 0, '', '', '', 'Rushall Cresent, FITZROY NORTH, Vic (at the end of Kneen St.)', '', 'Rushall Garden', 'Run by North Fitzroy Community Gardens Group (NFCGG)', '', '', 6, -37.7842478, 144.9913351, 'http://rushallgarden.wordpress.com', '', '', 0, 0, 'n', '9999-01-01 00:00:00', '9999-01-01 00:00:00', NULL, '2011-03-06 04:16:42', 0),
(8455, 0, '', '', '', 'Churchill Ave just behind the big airplane playground', '', 'Braybrook Community Garden', 'Shared garden space, open during the week.  \n\nPermaculture Out West operate a (totally awesome) playgroup on Tuesdays from 9.30 - 12.30 (ish)', '', '', 6, -37.7865382243529, 144.854028224945, '', '', '', 0, 0, 'n', '9999-01-01 00:00:00', '9999-01-01 00:00:00', NULL, '2011-03-10 03:52:33', 0),
(8456, 0, '', '', '', 'cnr cecil &amp; cole st', '', '', 'farmers market', '', '', 15, -37.8663438, 144.9010063, '', '', '', 0, 0, 'n', '9999-01-01 00:00:00', '9999-01-01 00:00:00', NULL, '2011-03-10 05:44:59', 0),
(8457, 0, '', '', '', '', 'Meg\\''s Toy Box', 'Community Toy Library', 'Community Toy Library', '', '', 1, -35.2472663497915, 149.155368804932, '', '', '', 0, 0, 'n', '9999-01-01 00:00:00', '9999-01-01 00:00:00', NULL, '2011-03-25 07:14:57', 0),
(8458, 0, '', '', '', '142 Smith Street Summer Hill', '', '', 'Vinnies', '', '', 9, -33.891863691043, 151.137628555298, '', '', '', 0, 0, 'n', '9999-01-01 00:00:00', '9999-01-01 00:00:00', NULL, '2011-03-28 01:04:10', 0),
(8459, 0, '', '', '', '', '', 'title', 'description', '', '', 4, -34.8996428, 138.5820587, NULL, '', NULL, 0, 0, 'n', NULL, NULL, NULL, '0000-00-00 00:00:00', 0),
(8460, 0, '', '', '', '', '', 'title', 'description', '', '', 22, 35.9363204719203, -79.0407085418701, NULL, '', NULL, 0, 0, 'n', NULL, NULL, NULL, '0000-00-00 00:00:00', 0),
(8461, 0, '', '', '', '', '', 'title', 'description', '', '', 22, -37.818768306152, 145.123536586761, NULL, '', NULL, 0, 0, 'n', NULL, NULL, NULL, '0000-00-00 00:00:00', 0),
(8462, 0, '', '', '', '100 Hodgkinson Street , Clifton Hill', '03 9486 3122', 'Athol Gill Centre', '30+ Community Groups already use this space included the Clifton Hill Food Coop', '', '', 1, -37.789370152199, 144.99140024185, '', '', '', 0, 0, 'n', '9999-01-01 00:00:00', '9999-01-01 00:00:00', NULL, '2011-05-13 23:11:51', 0),
(8463, 0, '', '', '', 'Opposite the top of Smith St', '', 'Guerilla Community Garden', 'Grab a handful of weeds and some of the fresh growth goodies', '', '', 6, -37.7905571555436, 144.985949993134, '', '', '', 0, 0, 'n', '9999-01-01 00:00:00', '9999-01-01 00:00:00', NULL, '2011-05-12 08:34:22', 0),
(8464, 0, '', '', '', '101 Queens Parade', '(03) 9482 9040 ', 'Bendigo Community Bank Branch', 'The Community Bank provides sponsorship to the local community', '', '', 26, -37.7896414689301, 144.989705085754, '', '', '', 0, 0, 'n', '9999-01-01 00:00:00', '9999-01-01 00:00:00', NULL, '2011-05-13 09:04:43', 0),
(8465, 0, '', '', '', '', '', 'title', 'description', '', '', 6, -37.7511065, 144.8540427, NULL, '', NULL, 0, 0, 'n', NULL, NULL, NULL, '0000-00-00 00:00:00', 0);
INSERT INTO `marker` (`marker_id`, `alt_contact_on`, `alt_contact_email`, `alt_contact_url`, `alt_contact_text`, `address`, `phone`, `title`, `description`, `type`, `subtype`, `subtype_id`, `lat`, `lng`, `www`, `wiki`, `rss`, `kml_on`, `datetime_on`, `is_demo`, `start_datetime`, `end_datetime`, `tags`, `last_updated`, `deleted`) VALUES
(8466, 1, 'annstevens@optusnet.com.au', '', '', '22A River Drive, Avondale Hts', '9378 3762', 'Avondale Heights Community Garden', 'We aim to make use of public land by providing access to all resident to the joys and health benefits of gardening, following organic and sustainable principles.', '', '', 6, -37.7517496, 144.8543863, 'http://home.vicnet.net.au/~ahgarden/AvondaleHeightCommunityGardenSubmission2010web.pdf', '', '', 0, 0, 'n', '9999-01-01 00:00:00', '9999-01-01 00:00:00', NULL, '2011-06-08 19:34:05', 0),
(8467, 0, '', '', '', '72 Ramsay', '6133710070', '', 'Trampoline and play equipment that neighborhood kids can use!', '', '', 13, 45.5759592, -75.8621195, '', '', '', 0, 0, 'n', '9999-01-01 00:00:00', '9999-01-01 00:00:00', NULL, '2011-06-23 13:05:37', 0),
(8468, 0, '', '', '', '', '', '', 'Benarrawa Community Garden', '', '', 6, -27.5185671126499, 152.984919548035, '', '', '', 0, 0, 'n', '9999-01-01 00:00:00', '9999-01-01 00:00:00', NULL, '2011-06-26 19:45:13', 0),
(8469, 0, '', '', '', 'Walk through the ally behind Jewel of Milton, in to the left.', '', 'Sarah Claydon Op Shop', '', '', '', 9, -35.3167403924446, 150.436177253723, '', '', '', 0, 0, 'n', '9999-01-01 00:00:00', '9999-01-01 00:00:00', NULL, '2011-07-04 08:45:05', 0),
(8470, 0, '', '', '', '', '', 'title', 'description', '', '', 22, -35.315878079977, 150.435099005699, NULL, '', NULL, 0, 0, 'n', NULL, NULL, NULL, '0000-00-00 00:00:00', 0),
(8471, 0, '', '', '', '', '', 'title', 'description', '', '', 29, -35.3158824572208, 150.435007810593, NULL, '', NULL, 0, 0, 'n', NULL, NULL, NULL, '0000-00-00 00:00:00', 0),
(8472, 0, '', '', '', '', '', 'title', 'description', '', '', 31, -35.3157117445345, 150.435013175011, NULL, '', NULL, 0, 0, 'n', NULL, NULL, NULL, '0000-00-00 00:00:00', 0),
(8473, 0, '', '', '', '', '', 'title', 'description', '', '', 19, -37.7448098287849, 144.96333360672, NULL, '', NULL, 0, 0, 'n', NULL, NULL, NULL, '0000-00-00 00:00:00', 0),
(8474, 0, '', '', '', '', '', 'West Brunswick Community Garden', '', '', '', 6, -37.754582490875, 144.94076013565, 'http://www.morelandfoodgardensnetwork.org/p/community-gardens_04.html', '', '', 0, 0, 'n', '9999-01-01 00:00:00', '9999-01-01 00:00:00', NULL, '2011-08-10 06:59:43', 0),
(8475, 0, '', '', '', '', '', 'West Brunswick/Dunstan Reserve Food Forest', '', '', '', 13, -37.754938761462, 144.94060993195, 'http://coburgcommunitygardening.blogspot.com/', '', '', 0, 0, 'n', '9999-01-01 00:00:00', '9999-01-01 00:00:00', NULL, '2011-08-10 07:00:29', 0),
(8477, 0, '', '', '', '', '', 'Inner North Urban Harvest', '', '', '', 4, -37.743774801147, 144.95589315891, 'http://www.morelandfoodgardensnetwork.org/p/moreland-food-swaps.html', '', '', 0, 0, 'n', '9999-01-01 00:00:00', '9999-01-01 00:00:00', NULL, '2012-01-30 19:39:34', 0),
(8479, 0, '', '', '', 'Corner of Sydney Rd and Bell St. ', '(03) 9354 9900', 'PepperTree Place Community Garden', 'PepperTree Place is a unique Community Greenspace located in the heart of Coburg.\n\nCommunity Horticulture programs bring people and plants together for the purpose of building community connections, improving access to fresh food and strengthening people\\''s abilities to more equally participate in their local communities.', '', '', 6, -37.740504188363, 144.96735692024, 'http://www.kildonan.unitingcare.org.au/program_community_peppertree.php', '', '', 0, 0, 'n', '9999-01-01 00:00:00', '9999-01-01 00:00:00', NULL, '2012-01-30 19:35:52', 0),
(8480, 0, '', '', '', '', '', 'Mulberry Community Garden', '', '', '', 6, -37.7049762824996, 144.925696849823, 'http://mulberrygardens.tumblr.com/', '', '', 0, 0, 'n', '9999-01-01 00:00:00', '9999-01-01 00:00:00', NULL, '2011-08-10 07:04:23', 0),
(8481, 0, '', '', '', '', '', 'title', 'description', '', '', 14, -37.7461502529032, 144.980907440186, NULL, '', NULL, 0, 0, 'n', NULL, NULL, NULL, '0000-00-00 00:00:00', 0),
(8482, 0, '', '', '', '', '', 'title', 'description', '', '', 22, -37.769747920574, 145.001142024994, NULL, '', NULL, 0, 0, 'n', NULL, NULL, NULL, '0000-00-00 00:00:00', 0),
(8483, 0, '', '', '', '', '', 'title', 'description', '', '', 1, -33.9168144150024, 151.226420402527, NULL, '', NULL, 0, 0, 'n', NULL, NULL, NULL, '0000-00-00 00:00:00', 0),
(8484, 0, '', '', '', 'Spotswood Primary School, Melbourne Rd, Spotswood', '(03) 9553 0601', 'Spotswood Primary School Farmers Market', '9am-1pm, first Saturday of every month  ', '', '', 15, -37.8304463306076, 144.882395267487, 'http://www.farmersmarkets.org.au/markets/spotswood-farmers-market', '', 'http://www.inseasonmarkets.com.au/', 0, 0, 'n', '9999-01-01 00:00:00', '9999-01-01 00:00:00', NULL, '2011-10-25 23:30:51', 0),
(8485, 0, '', '', '', 'cnr Hyde and Somerville Rds Yarraville', '', 'Yarraville Farmers Market', '4th Saturday 9am -1pm winter, 8am - 12pm summer ', '', '', 15, -37.8138863781967, 144.898166656494, 'http://www.farmersmarkets.org.au/markets/yarraville-farmers-market', '', '', 0, 0, 'n', '9999-01-01 00:00:00', '9999-01-01 00:00:00', NULL, '2011-10-25 23:35:25', 0),
(8486, 0, '', '', '', '7 Samarinda Ave', '9885-6822', '', 'Craig Community Centre', '', '', 1, -37.865588, 145.085083, '', '', '', 0, 0, 'n', '9999-01-01 00:00:00', '9999-01-01 00:00:00', NULL, '2011-10-27 05:56:36', 0),
(8487, 0, '', '', '', 'On Ashwood College  campus. Enter via Vanam Drive', '', 'Ashwood College Permaculture Food Garden', 'Mandala Garden Design, fruits, veggies, stone oven', '', '', 6, -37.8659944485275, 145.10529756546, '', '', '', 0, 0, 'n', '9999-01-01 00:00:00', '9999-01-01 00:00:00', NULL, '2011-10-30 21:46:04', 0),
(8488, 0, '', '', '', '40 Clapham St, corner of Clapham and Watt Streets, Thornbury ', '(03) 9484 5565 ', 'Sprout Community Garden', 'A small community-run plant nursery/garden run by Mind Australia as a skills training initiative for people with a mental illness. Occasionally holds a small market.', '', '', 6, -37.754141391581, 144.99848127365, 'http://www.mindaustralia.org.au/Sprout.htm', '', '', 0, 0, 'n', '9999-01-01 00:00:00', '9999-01-01 00:00:00', NULL, '2012-09-02 03:23:15', 0),
(8489, 0, '', '', '', '', '', 'peach tree', 'unoccupied house with fruiting peach in the back yard.', '', '', 13, 43.4247179925025, -83.9791703224182, '', '', '', 0, 0, 'n', '9999-01-01 00:00:00', '9999-01-01 00:00:00', NULL, '2011-11-12 14:49:54', 0),
(8493, 0, '', '', '', '36 Sharland Rd', '', 'Rosewall Community Garden', 'Rosewall Neighbourhood House has a community garden that has a large amount of garden beds ', '', '', 6, -38.064851748123, 144.372367858887, '', '', '', 0, 0, 'n', '9999-01-01 00:00:00', '9999-01-01 00:00:00', NULL, '2011-11-13 21:53:03', 0),
(8491, 0, '', '', '', '', '', 'title', 'description', '', '', 28, -38.0741090265506, 144.35133934021, NULL, '', NULL, 0, 0, 'n', NULL, NULL, NULL, '0000-00-00 00:00:00', 0),
(8492, 0, '', '', '', '', '', 'title', 'description', '', '', 15, -38.0734333524315, 144.351511001587, NULL, '', NULL, 0, 0, 'n', NULL, NULL, NULL, '0000-00-00 00:00:00', 0),
(8494, 0, '', '', '', '', '', 'title', 'description', '', '', 6, -38.0731630810362, 144.343614578247, NULL, '', NULL, 0, 0, 'n', NULL, NULL, NULL, '0000-00-00 00:00:00', 0),
(8495, 0, '', '', '', '', '', '', '', '', '', 4, -37.7886240260509, 144.980392456055, '', '', '', 0, 0, 'n', '9999-01-01 00:00:00', '9999-01-01 00:00:00', NULL, '2011-11-17 20:58:27', 0),
(8496, 0, '', '', '', '', '', 'title', 'description', '', '', 6, -32.0684834066783, 115.783431529999, NULL, '', NULL, 0, 0, 'n', NULL, NULL, NULL, '0000-00-00 00:00:00', 0),
(8497, 0, '', '', '', '', '', '', 'Mulberry tree on verge', '', '', 13, -32.0645011260572, 115.787808895111, '', '', '', 0, 0, 'n', '9999-01-01 00:00:00', '9999-01-01 00:00:00', NULL, '2011-11-28 01:09:49', 0),
(8498, 0, '', '', '', '', '', 'Olive trees in park', '', '', '', 13, -32.0665559317749, 115.787358283997, '', '', '', 0, 0, 'n', '9999-01-01 00:00:00', '9999-01-01 00:00:00', NULL, '2011-11-28 01:10:39', 0),
(8499, 0, '', '', '', '', '', '', '', '', '', 4, 53.763201, -2.70309, '', '', '', 0, 0, 'n', '9999-01-01 00:00:00', '9999-01-01 00:00:00', NULL, '2012-01-13 18:45:38', 0),
(8500, 0, '', '', '', 'McCleery Reserve - cnr Vincent &amp; Munroe Streets', '0430586500', 'Inner North Urban Harvest', 'Monthly food swap held 10am-12pm on 3rd Saturday of each month', '', '', 7, -37.74367723632, 144.95581805706, 'http://www.morelandfoodgardensnetwork.org/p/moreland-food-swaps.html', '', '', 0, 0, 'n', '9999-01-01 00:00:00', '9999-01-01 00:00:00', NULL, '2012-01-30 19:41:19', 0),
(8501, 0, '', '', '', '512 Sydney Road, corner Bell St.', '', 'PepperTree Place Food Swap', 'Monthly home grown edibles swap held on the first Saturday each month between 10am-12pm.', '', '', 7, -37.7409920321246, 144.967753887177, 'http://www.morelandfoodgardensnetwork.org/p/moreland-food-swaps.html', '', '', 0, 0, 'n', '9999-01-01 00:00:00', '9999-01-01 00:00:00', NULL, '2012-01-30 19:38:06', 0),
(8502, 0, '', '', '', 'Laneway parrallel to Gordon st. enter via Gordon st or Roseneath.', '', 'Laneway Garden', 'Guerrila community garden and composting space for growing veges, herbs and neighbourly knowledge.', '', '', 6, -37.791303262172, 144.995412826538, '', '', '', 0, 0, 'n', '9999-01-01 00:00:00', '9999-01-01 00:00:00', NULL, '2012-02-20 02:12:48', 0),
(8503, 0, '', '', '', '314 Deerfield Circle', '-9127296709', '', 'Fresh Eggs', '', '', 28, 30.7727218246206, -81.7065024375916, '', '', '', 0, 0, 'n', '9999-01-01 00:00:00', '9999-01-01 00:00:00', NULL, '2012-03-09 15:17:22', 0),
(8504, 0, '', '', '', '', '', '', 'Free exercise in the park', '', '', 18, -37.7685835, 145.0073152, '', '', '', 0, 0, 'n', '9999-01-01 00:00:00', '9999-01-01 00:00:00', NULL, '2012-03-27 19:52:49', 0),
(8505, 0, '', '', '', '140 Hall Street Bondi Beach', '0408080461', 'Eco Garden Vegies', 'We have a front vegie patch, chickens and soon to have bees (yes fresh honey! and keen to trade with local urban farmers!', '', '', 4, -33.8877803, 151.2683391, '', '', '', 0, 0, 'n', '9999-01-01 00:00:00', '9999-01-01 00:00:00', NULL, '2012-04-16 13:55:54', 0),
(8506, 0, '', '', '', '', '', 'Toorak/South Yarra LIbrary', 'Public Library', '', '', 22, -37.8402076730203, 144.999618530273, '', '', '', 0, 0, 'n', '9999-01-01 00:00:00', '9999-01-01 00:00:00', NULL, '2012-04-26 00:18:16', 0),
(8507, 0, '', '', '', '', '', '', 'community garden', '', '', 1, -37.7152973824126, 145.018286705017, '', '', '', 0, 0, 'n', '9999-01-01 00:00:00', '9999-01-01 00:00:00', NULL, '2012-04-27 05:16:41', 0),
(8508, 0, '', '', '', '2b Cuthbert Road Reservoir', '9462 4611', 'East Reservoir Neighbourhood House', 'Volunteering at Reservoir Neighbourhood House!\nWe currently have a wonderful team of volunteers assisting us with the running of the Neighbourhood House and programs. Volunteers work in every area from assisting with programs, facilitating, cooking, gardening to administration.\nDo you have a skill you wish to contribute?\nPlease let us know! Join a wonderful community, have lots of fun and meet a lot of great new people. Reservoir Neighbourhood House offers training/ meeting rooms, kitchen and lounge areas for hire in a modern light-filled space with garden views. The House was designed to be as environmentally friendly as possible with the use of automated passive heating/cooling, water tanks and solar panels in use. We also have a prayer/quiet room for all to use.', '', '', 20, -37.7169608462276, 145.019316673279, 'http://www.reservoirnh.org.au/', '', '', 0, 0, 'n', '9999-01-01 00:00:00', '9999-01-01 00:00:00', NULL, '2012-04-27 05:24:50', 0),
(8509, 0, '', '', '', '', '', '', '', '', '', 9, -37.7166213668496, 145.009446144104, '', '', '', 0, 0, 'n', '9999-01-01 00:00:00', '9999-01-01 00:00:00', NULL, '2012-04-27 05:25:35', 0),
(8510, 0, '', '', '', '', '', 'title', 'description', '', '', 9, -37.7170287419165, 145.011763572693, NULL, '', NULL, 0, 0, 'n', NULL, NULL, NULL, '0000-00-00 00:00:00', 0),
(8511, 0, '', '', '', '', '', 'title', 'description', '', '', 5, -37.726698, 144.994935, NULL, '', NULL, 0, 0, 'n', NULL, NULL, NULL, '0000-00-00 00:00:00', 0),
(8512, 0, '', '', '', '', '', 'East Preston Community Garden', 'An informal community garden starting up in the south-eastern corner of the former East Preston Primary school campus.  ', '', '', 6, -37.7384806629569, 145.018715858459, '', '', '', 0, 0, 'n', '9999-01-01 00:00:00', '9999-01-01 00:00:00', NULL, '2012-05-10 03:43:24', 0),
(8513, 0, '', '', '', '', '', 'title', 'description', '', '', 31, 53.1226691, 7.4354201, NULL, '', NULL, 0, 0, 'n', NULL, NULL, NULL, '0000-00-00 00:00:00', 0),
(8514, 0, '', '', '', '', '', 'Salvos Op Shop', 'description', '', '', 9, -34.899711809658, 138.63600254059, '', '', '', 0, 0, 'n', '9999-01-01 00:00:00', '9999-01-01 00:00:00', NULL, '2012-05-10 21:15:34', 0),
(8515, 0, '', '', '', 'Brggener Weg 8, am Eingang des Abenteuerspielplatzes', '', '', 'Givebox Oberkassel, : Geben und Nehmen; noch brauchbare Dinge (anonym) verschenken oder geschenkt bekommen', '', '', 19, 51.23975, 6.7466, 'http://www.facebook.com/GiveboxDuesseldorfOberkassel', '', '', 0, 0, 'n', '9999-01-01 00:00:00', '9999-01-01 00:00:00', NULL, '2012-05-21 06:13:15', 0),
(8516, 0, '', '', '', '', '', 'title', 'description', '', '', 6, -37.7931918109042, 144.996304661036, NULL, '', NULL, 0, 0, 'n', NULL, NULL, NULL, '0000-00-00 00:00:00', 0),
(8517, 0, '', '', '', '', '', 'title', 'description', '', '', 29, -37.7566013348511, 144.996871948242, NULL, '', NULL, 0, 0, 'n', NULL, NULL, NULL, '0000-00-00 00:00:00', 0),
(8518, 0, '', '', '', '', '', 'a tree', '', '', '', 13, -37.7710709313861, 144.967045783997, '', '', '', 0, 0, 'n', '9999-01-01 00:00:00', '9999-01-01 00:00:00', NULL, '2012-07-28 21:44:42', 0),
(8520, 0, '', '', '', '241 Bondi Rd', '', '', 'Transition Bondi Community Garden', '', '', 19, -33.8944292, 151.2670057, '', '', '', 0, 0, 'n', '9999-01-01 00:00:00', '9999-01-01 00:00:00', NULL, '2012-07-31 05:19:35', 0),
(8522, 0, '', '', '', '10 Laura St, Highgate Hill', '0413 911 735', 'Turnstyle', 'We have an event space available for community use, incl. projector and sound system.', '', '', 1, -27.4873556, 153.0222513, 'http://www.turnstyle.org.au', '', '', 0, 0, 'n', '9999-01-01 00:00:00', '9999-01-01 00:00:00', NULL, '2012-08-06 17:42:05', 0),
(8523, 0, '', '', '', '', '', '', 'community herb/salad planter box, contact Maude on the share hood for more info', '', '', 6, -37.7908284679165, 144.997730255127, '', '', '', 0, 0, 'n', '9999-01-01 00:00:00', '9999-01-01 00:00:00', NULL, '2012-08-23 01:30:52', 0),
(8524, 0, '', '', '', '', '', 'Labyrinth', 'A beautiful stone labyrinth for you to walk and practice meditation/relaxation. Try it! Its so awesome!', '', '', 18, -37.7908115109224, 145.005540847778, '', '', '', 0, 0, 'n', '9999-01-01 00:00:00', '9999-01-01 00:00:00', NULL, '2012-08-23 01:32:43', 0),
(8525, 0, '', '', '', '', '', '', '', '', '', 19, -37.7498829516218, 144.980821609497, '', '', '', 0, 0, 'n', '9999-01-01 00:00:00', '9999-01-01 00:00:00', NULL, '2012-08-23 21:07:37', 0),
(8526, 0, '', '', '', '', '', 'title', 'description', '', '', 20, -37.7741069820888, 144.940223693848, NULL, '', NULL, 0, 0, 'n', NULL, NULL, NULL, '0000-00-00 00:00:00', 0),
(8527, 0, '', '', '', 'Rennie Street, Thornbury West', '0438 428 116', 'Rennie Street East Private Orchard', 'A private residence sharing small quantities of lemons, plums, passionfruit as seasonally available.', '', '', 4, -37.7531913226311, 144.992639422417, '', '', '', 0, 0, 'n', '9999-01-01 00:00:00', '9999-01-01 00:00:00', NULL, '2012-09-02 03:34:58', 0),
(8528, 0, '', '', '', '', '', 'Fitzroy Urban Harvest homegrown food swap', 'Fitzroy Urban Harvest homegrown edibles food swap, first Saturday of the month. On the parklands next door to Fitzroy Swimming Pool. 10am-12.30pm', '', '', 8, -37.7937768, 144.9811197, '', '', '', 0, 0, 'n', '9999-01-01 00:00:00', '9999-01-01 00:00:00', NULL, '2012-09-02 18:15:26', 0),
(8529, 0, '', '', '', 'https://www.facebook.com/pages/Transition-Yarra/176701035674948', '', 'Transition Yarra ', 'TY meets first Saturday of the month at the Fitzroy Urban Harvest Food Swap. Often meetings will extend after the swap, sharing a meal nearby whilst discussing localisation.', '', '', 19, -37.7937768, 144.9811197, '', '', '', 0, 0, 'n', '9999-01-01 00:00:00', '9999-01-01 00:00:00', NULL, '2012-09-02 18:20:33', 0),
(8530, 0, '', '', '', '', '', '3 RRR Independant Radio', 'For over 30 years Triple R has shaped and inspired the culture of Melbourne. Since its inception as an educational broadcaster in 1976, Triple R has become Australia\\''s largest community radio station with over 12,000 subscribers and 329,000 listeners per week.', '', '', 1, -37.7674198729232, 144.980121552944, 'http://www.rrr.org.au', '', '', 0, 0, 'n', '9999-01-01 00:00:00', '9999-01-01 00:00:00', NULL, '2012-09-19 01:46:17', 0),
(8531, 0, '', '', '', '90 Bell Street, Coburg', '9240 1111', 'Moreland City Council', 'Local Government civic services and Coburg Town Hall', '', '', 24, -37.740996, 144.969244, 'http://moreland.vic.gov.au', '', '', 0, 0, 'n', '9999-01-01 00:00:00', '9999-01-01 00:00:00', NULL, '2012-09-26 05:55:42', 0),
(8532, 0, '', '', '', '', '', 'title', 'description', '', '', 2, -37.7983230783235, 144.996786117554, NULL, '', NULL, 0, 0, 'n', NULL, NULL, NULL, '0000-00-00 00:00:00', 0);

-- --------------------------------------------------------

--
-- Table structure for table `marker_comment`
--

DROP TABLE IF EXISTS `marker_comment`;
CREATE TABLE IF NOT EXISTS `marker_comment` (
  `marker_comment_id` int(10) NOT NULL AUTO_INCREMENT,
  `marker_id` int(11) NOT NULL,
  `user_id` int(11) NOT NULL,
  `comment` varchar(500) NOT NULL,
  `name` varchar(50) NOT NULL,
  `added_on` datetime NOT NULL,
  PRIMARY KEY (`marker_comment_id`)
) ENGINE=MyISAM  DEFAULT CHARSET=latin1 AUTO_INCREMENT=50 ;

--
-- Dumping data for table `marker_comment`
--

INSERT INTO `marker_comment` (`marker_comment_id`, `marker_id`, `user_id`, `comment`, `name`, `added_on`) VALUES
(1, 0, 0, 'the first comment is mine! mah ha ha!', '', '0000-00-00 00:00:00'),
(40, 0, 0, 'dd', '', '2008-08-31 07:33:50'),
(39, 0, 0, 'ddddd', '', '2008-08-31 07:33:02'),
(31, 0, 0, 'Rad!', '', '2008-06-22 22:16:10'),
(38, 0, 0, 'test', '', '2008-08-24 05:56:04'),
(37, 0, 0, 'love your work! good one!', '', '2008-07-18 21:36:22'),
(41, 174, 51, 'Amnesty also has lots of local action groups that you can easily find if you click through to their website.', '', '2010-05-18 20:46:55'),
(42, 7874, 133, 'This is fo\\'' shizzle, dizzle! xD', '', '2010-06-10 10:37:05'),
(43, 8344, 133, '312 N. River Ypsilanti, MI 48198\n734 483-1520', '', '2010-07-15 11:38:03'),
(44, 8344, 133, '312 N. River Ypsilanti, MI 48198\n734 483-1520', '', '2010-07-15 11:38:06'),
(45, 8443, 133, '2011 - open Mondays 10am - 12noon\nNot open public holidays\nHigh speed cable internet.\nPCs running MS XP\nWould be open more often if there was more demand and more volunteers!\nAny donations of PCs or laptops no more than 3 years old would be useful to upgrade old equipment', '', '2011-02-01 20:27:05'),
(46, 8462, 133, 'Clifton Hill Food Coop is based at the Athol Gill Centre email: cliftonhillcoop@yahoo.com\n', '', '2011-05-13 23:10:47'),
(47, 7973, 189, 'NB this library has now moved to the Learning Centre, corner Clarendon and Military Roads, Avondale Heights', '', '2011-06-08 19:35:04'),
(48, 7973, 189, 'NB this library has now moved to the Learning Centre, corner Clarendon and Military Roads, Avondale Heights', '', '2011-06-08 19:35:14'),
(49, 8428, 133, 'hello', '', '2011-08-12 05:13:30');

-- --------------------------------------------------------

--
-- Table structure for table `marker_to_tag`
--

DROP TABLE IF EXISTS `marker_to_tag`;
CREATE TABLE IF NOT EXISTS `marker_to_tag` (
  `marker_to_tag_id` int(11) NOT NULL AUTO_INCREMENT,
  `marker_id` int(11) NOT NULL,
  `tag_id` int(11) NOT NULL,
  PRIMARY KEY (`marker_to_tag_id`)
) ENGINE=MyISAM  DEFAULT CHARSET=latin1 AUTO_INCREMENT=612 ;

--
-- Dumping data for table `marker_to_tag`
--

INSERT INTO `marker_to_tag` (`marker_to_tag_id`, `marker_id`, `tag_id`) VALUES
(110, 7704, 70),
(275, 7701, 112),
(262, 7701, 113),
(261, 7701, 119),
(259, 7701, 111),
(260, 7701, 116),
(274, 7701, 114),
(267, 7701, 110),
(268, 7701, 123),
(276, 7701, 122),
(277, 7701, 124),
(278, 7714, 125),
(279, 7714, 126),
(280, 7714, 127),
(281, 7714, 121),
(282, 7714, 128),
(283, 7714, 129),
(284, 7714, 130),
(285, 7715, 131),
(286, 7715, 132),
(287, 7715, 133),
(288, 7715, 134),
(289, 7715, 129),
(290, 7716, 135),
(291, 7716, 131),
(292, 7716, 121),
(293, 7716, 134),
(294, 7716, 129),
(295, 7716, 136),
(296, 7736, 70),
(297, 7736, 137),
(298, 7736, 138),
(299, 7736, 139),
(300, 7737, 140),
(301, 7741, 141),
(302, 7744, 141),
(303, 7745, 141),
(304, 7746, 141),
(305, 7747, 141),
(306, 7748, 141),
(307, 7749, 141),
(308, 7749, 142),
(309, 7750, 122),
(310, 7890, 143),
(311, 7892, 144),
(312, 7892, 145),
(313, 7896, 146),
(314, 7896, 147),
(316, 7897, 148),
(320, 7899, 140),
(321, 7899, 152),
(324, 8175, 154),
(323, 8172, 153),
(325, 8176, 155),
(326, 8178, 156),
(327, 8181, 157),
(328, 8181, 158),
(329, 8180, 157),
(330, 8180, 158),
(331, 8184, 159),
(332, 8186, 153),
(333, 8191, 160),
(334, 8193, 153),
(335, 8194, 161),
(337, 8196, 153),
(338, 8197, 153),
(339, 8200, 155),
(340, 8201, 153),
(341, 8201, 162),
(342, 8202, 153),
(343, 8205, 161),
(344, 8206, 163),
(345, 8207, 164),
(346, 8208, 160),
(347, 8209, 155),
(348, 8211, 153),
(349, 7462, 70),
(350, 7462, 165),
(351, 7462, 166),
(352, 187, 167),
(353, 187, 168),
(354, 187, 169),
(355, 187, 170),
(356, 187, 171),
(357, 187, 70),
(358, 8283, 70),
(359, 8283, 167),
(360, 8283, 168),
(361, 8287, 128),
(362, 8287, 122),
(363, 8287, 172),
(364, 8288, 70),
(365, 8292, 173),
(366, 8296, 174),
(367, 8296, 175),
(368, 8296, 176),
(369, 8296, 177),
(370, 8296, 178),
(371, 8297, 179),
(372, 8297, 180),
(373, 8297, 181),
(374, 8297, 182),
(375, 8297, 183),
(376, 8297, 184),
(377, 8297, 167),
(378, 8297, 185),
(379, 8298, 186),
(380, 8298, 187),
(381, 8298, 188),
(382, 8298, 189),
(383, 8298, 190),
(384, 8298, 191),
(385, 8298, 192),
(386, 8339, 193),
(387, 8343, 194),
(388, 8343, 195),
(389, 8346, 196),
(390, 8354, 197),
(391, 7745, 142),
(392, 7744, 198),
(393, 7612, 199),
(394, 7611, 199),
(395, 7610, 199),
(396, 7748, 142),
(397, 7608, 199),
(398, 7596, 199),
(399, 7595, 199),
(400, 7594, 199),
(401, 7597, 199),
(402, 7598, 199),
(403, 7599, 199),
(404, 7601, 199),
(405, 7602, 199),
(406, 7603, 199),
(407, 7746, 142),
(408, 7604, 199),
(409, 7605, 199),
(410, 7607, 199),
(411, 7606, 199),
(412, 7747, 142),
(413, 8364, 199),
(414, 8364, 200),
(415, 8364, 201),
(416, 8364, 111),
(417, 8365, 199),
(418, 8366, 199),
(439, 8366, 128),
(438, 8366, 121),
(437, 8366, 209),
(436, 8366, 208),
(435, 8366, 207),
(434, 8366, 206),
(433, 8366, 124),
(432, 8366, 205),
(431, 8366, 204),
(430, 8366, 203),
(440, 8367, 199),
(441, 8367, 210),
(442, 8367, 206),
(443, 8369, 199),
(444, 8369, 211),
(445, 8369, 212),
(446, 8370, 199),
(447, 8370, 124),
(448, 8370, 207),
(449, 8370, 213),
(450, 8370, 214),
(451, 8370, 215),
(452, 8370, 216),
(453, 8370, 206),
(454, 8370, 205),
(455, 8372, 199),
(456, 8373, 199),
(457, 8373, 205),
(458, 8373, 217),
(459, 8373, 218),
(460, 8373, 215),
(461, 8373, 219),
(462, 8373, 220),
(463, 8374, 199),
(464, 8374, 205),
(465, 8375, 199),
(466, 8375, 221),
(468, 8392, 222),
(469, 8393, 222),
(470, 8398, 223),
(471, 8398, 224),
(472, 8398, 207),
(473, 8398, 225),
(474, 8399, 223),
(475, 8399, 205),
(476, 8400, 223),
(477, 8400, 206),
(478, 8401, 226),
(479, 8401, 207),
(480, 8401, 216),
(481, 8401, 227),
(482, 8402, 124),
(483, 8402, 228),
(484, 8403, 207),
(485, 8403, 229),
(486, 8404, 206),
(487, 8404, 223),
(488, 8405, 223),
(489, 8405, 205),
(490, 8405, 230),
(491, 8406, 223),
(492, 8406, 207),
(493, 8406, 231),
(494, 8408, 223),
(495, 8408, 205),
(496, 8408, 207),
(497, 8408, 124),
(498, 8408, 216),
(499, 8408, 232),
(500, 8409, 223),
(501, 8409, 207),
(502, 8409, 213),
(503, 8409, 233),
(504, 8410, 223),
(505, 8410, 234),
(506, 8411, 223),
(507, 8411, 205),
(508, 8412, 223),
(509, 8412, 235),
(510, 8412, 226),
(511, 8412, 207),
(512, 8413, 223),
(513, 8413, 124),
(514, 8413, 236),
(515, 8414, 223),
(516, 8414, 237),
(517, 8415, 238),
(518, 8415, 225),
(519, 8415, 239),
(552, 8440, 251),
(544, 8415, 247),
(522, 8416, 146),
(523, 8417, 146),
(524, 8418, 146),
(525, 8419, 146),
(526, 8421, 241),
(527, 8422, 241),
(528, 8423, 241),
(529, 8424, 241),
(530, 8425, 241),
(533, 8428, 241),
(536, 8431, 146),
(537, 8432, 146),
(538, 8437, 243),
(539, 8437, 244),
(543, 8438, 246),
(542, 8438, 245),
(551, 8440, 250),
(550, 8440, 249),
(549, 8440, 248),
(553, 8441, 165),
(554, 8441, 252),
(555, 8441, 253),
(556, 8441, 251),
(557, 8442, 254),
(558, 8442, 255),
(559, 8442, 250),
(560, 8442, 256),
(561, 8442, 257),
(562, 8442, 258),
(563, 8443, 259),
(564, 8443, 260),
(565, 8443, 261),
(566, 8443, 262),
(567, 8448, 146),
(568, 8450, 146),
(569, 8451, 241),
(570, 8452, 241),
(571, 8453, 241),
(572, 8453, 253),
(575, 8454, 146),
(574, 8454, 253),
(576, 8456, 263),
(577, 8466, 264),
(578, 8467, 265),
(579, 8484, 266),
(580, 8485, 266),
(581, 8487, 267),
(582, 8500, 268),
(583, 8500, 269),
(584, 8479, 270),
(585, 8501, 270),
(586, 8501, 271),
(587, 8503, 272),
(588, 8505, 273),
(589, 8505, 253),
(590, 8515, 274),
(591, 8520, 146),
(592, 8522, 275),
(593, 8525, 276),
(594, 8294, 277),
(595, 8294, 278),
(596, 8294, 279),
(597, 8488, 280),
(598, 8488, 281),
(599, 8527, 273),
(600, 8527, 282),
(601, 8527, 283),
(602, 8527, 284),
(603, 8527, 285),
(608, 8527, 287),
(607, 8527, 286),
(606, 8527, 288),
(609, 8531, 289),
(610, 8531, 290),
(611, 8531, 291);

-- --------------------------------------------------------

--
-- Table structure for table `marker_to_user`
--

DROP TABLE IF EXISTS `marker_to_user`;
CREATE TABLE IF NOT EXISTS `marker_to_user` (
  `marker_to_user_id` int(11) NOT NULL AUTO_INCREMENT,
  `marker_id` int(11) NOT NULL,
  `user_id` int(11) NOT NULL,
  `state` varchar(10) NOT NULL,
  PRIMARY KEY (`marker_to_user_id`),
  UNIQUE KEY `marker_id` (`marker_id`,`user_id`)
) ENGINE=MyISAM  DEFAULT CHARSET=latin1 AUTO_INCREMENT=8167 ;

--
-- Dumping data for table `marker_to_user`
--

INSERT INTO `marker_to_user` (`marker_to_user_id`, `marker_id`, `user_id`, `state`) VALUES
(2, 127, 51, 'owner'),
(3, 128, 51, 'owner'),
(4, 130, 51, 'owner'),
(6, 123, 51, 'owner'),
(7264, 7632, 0, 'owner'),
(7259, 7627, 51, 'owner'),
(11, 189, 51, 'owner'),
(12, 209, 51, 'owner'),
(13, 187, 51, 'owner'),
(14, 186, 51, 'owner'),
(15, 185, 51, 'owner'),
(16, 174, 51, 'owner'),
(90, 462, 0, 'owner'),
(119, 489, 92, 'invited'),
(75, 449, 51, 'previous_o'),
(118, 489, 91, 'invited'),
(77, 450, 51, 'previous_o'),
(48, 429, 51, 'previous_o'),
(68, 444, 51, 'owner'),
(7278, 7646, 51, 'owner'),
(83, 455, 0, 'owner'),
(7092, 7462, 51, 'owner'),
(138, 508, 51, 'owner'),
(117, 489, 51, 'owner'),
(141, 511, 51, 'owner'),
(123, 493, 51, 'owner'),
(122, 492, 95, 'owner'),
(135, 505, 51, 'owner'),
(7258, 7626, 51, 'owner'),
(7256, 7624, 0, 'owner'),
(7263, 7631, 0, 'owner'),
(7262, 7630, 0, 'owner'),
(7244, 7612, 135, 'owner'),
(7243, 7611, 135, 'owner'),
(7242, 7610, 135, 'owner'),
(7998, 8364, 135, 'owner'),
(7240, 7608, 135, 'owner'),
(7239, 7607, 135, 'owner'),
(7238, 7606, 98, 'invited'),
(7237, 7606, 135, 'owner'),
(7236, 7605, 135, 'owner'),
(7235, 7604, 135, 'owner'),
(7234, 7603, 135, 'owner'),
(7233, 7602, 135, 'owner'),
(7232, 7601, 135, 'owner'),
(7231, 7600, 135, 'owner'),
(7230, 7599, 135, 'owner'),
(7229, 7598, 135, 'owner'),
(7228, 7597, 135, 'owner'),
(7227, 7596, 135, 'owner'),
(7226, 7595, 135, 'owner'),
(7225, 7594, 135, 'owner'),
(7224, 7593, 135, 'owner'),
(7223, 7592, 135, 'owner'),
(7222, 7591, 135, 'owner'),
(7221, 7590, 135, 'owner'),
(7220, 7589, 135, 'owner'),
(7219, 7588, 135, 'owner'),
(7218, 7587, 135, 'owner'),
(7217, 7586, 135, 'owner'),
(7216, 7585, 135, 'owner'),
(7215, 7584, 135, 'owner'),
(7214, 7583, 135, 'owner'),
(7213, 7582, 97, 'owner'),
(7212, 7581, 97, 'owner'),
(7211, 7580, 97, 'owner'),
(7210, 7579, 97, 'owner'),
(7209, 7578, 97, 'owner'),
(7208, 7577, 97, 'owner'),
(7207, 7576, 97, 'owner'),
(7206, 7575, 97, 'owner'),
(7205, 7574, 97, 'owner'),
(7204, 7573, 97, 'owner'),
(7203, 7572, 97, 'owner'),
(7202, 7571, 97, 'owner'),
(7201, 7570, 97, 'owner'),
(7200, 7569, 97, 'owner'),
(7199, 7568, 97, 'owner'),
(7198, 7567, 97, 'owner'),
(7197, 7566, 97, 'owner'),
(7196, 7565, 97, 'owner'),
(7195, 7564, 97, 'owner'),
(7194, 7563, 97, 'owner'),
(7193, 7562, 97, 'owner'),
(7192, 7561, 97, 'owner'),
(7191, 7560, 97, 'owner'),
(7190, 7559, 97, 'owner'),
(7189, 7558, 97, 'owner'),
(7188, 7557, 97, 'owner'),
(7187, 7556, 97, 'owner'),
(7186, 7555, 97, 'owner'),
(7185, 7554, 97, 'owner'),
(7184, 7553, 97, 'owner'),
(7183, 7182, 97, 'owner'),
(7182, 7552, 97, 'owner'),
(7181, 7551, 97, 'owner'),
(7179, 7549, 51, 'owner'),
(7261, 7629, 0, 'owner'),
(7180, 7550, 97, 'owner'),
(7173, 7543, 96, 'owner'),
(7172, 7542, 96, 'owner'),
(7171, 7541, 96, 'owner'),
(7170, 7540, 96, 'owner'),
(7169, 7539, 96, 'owner'),
(7168, 7538, 96, 'owner'),
(7167, 7537, 96, 'owner'),
(7166, 7536, 96, 'owner'),
(7165, 7535, 96, 'owner'),
(7164, 7534, 96, 'owner'),
(7163, 7533, 96, 'owner'),
(7162, 7532, 96, 'owner'),
(7161, 7531, 96, 'owner'),
(7160, 7530, 96, 'owner'),
(7159, 7529, 96, 'owner'),
(7158, 7528, 96, 'owner'),
(7157, 7527, 96, 'owner'),
(7156, 7526, 96, 'owner'),
(7155, 7525, 96, 'owner'),
(7154, 7524, 96, 'owner'),
(7153, 7523, 96, 'owner'),
(7152, 7522, 96, 'owner'),
(7151, 7521, 96, 'owner'),
(7150, 7520, 96, 'owner'),
(7149, 7519, 96, 'owner'),
(7148, 7518, 96, 'owner'),
(7147, 7517, 96, 'owner'),
(7146, 7516, 96, 'owner'),
(7145, 7515, 96, 'owner'),
(7144, 7514, 96, 'owner'),
(7143, 7513, 96, 'owner'),
(7142, 7512, 96, 'owner'),
(7141, 7511, 96, 'owner'),
(7140, 7510, 96, 'owner'),
(7139, 7509, 96, 'owner'),
(7138, 7508, 96, 'owner'),
(7137, 7507, 96, 'owner'),
(7136, 7506, 96, 'owner'),
(7135, 7505, 96, 'owner'),
(7134, 7504, 96, 'owner'),
(7133, 7503, 96, 'owner'),
(7132, 7502, 96, 'owner'),
(7131, 7501, 96, 'owner'),
(7130, 7500, 96, 'owner'),
(7129, 7499, 96, 'owner'),
(7128, 7498, 96, 'owner'),
(7127, 7497, 96, 'owner'),
(7126, 7496, 96, 'owner'),
(7125, 7495, 96, 'owner'),
(7124, 7494, 96, 'owner'),
(7123, 7493, 96, 'owner'),
(7122, 7492, 96, 'owner'),
(7121, 7491, 96, 'owner'),
(7120, 7490, 96, 'owner'),
(7119, 7489, 96, 'owner'),
(7118, 7488, 96, 'owner'),
(7117, 7487, 96, 'owner'),
(7116, 7486, 96, 'owner'),
(7115, 7485, 96, 'owner'),
(7114, 7484, 96, 'owner'),
(7113, 7483, 96, 'owner'),
(7112, 7482, 96, 'owner'),
(7111, 7481, 96, 'owner'),
(7110, 7480, 96, 'owner'),
(7109, 7479, 96, 'owner'),
(7108, 7478, 96, 'owner'),
(7107, 7477, 96, 'owner'),
(7106, 7476, 96, 'owner'),
(7105, 7475, 96, 'owner'),
(7104, 7474, 96, 'owner'),
(7103, 7473, 96, 'owner'),
(7102, 7472, 96, 'owner'),
(7101, 7471, 96, 'owner'),
(7100, 7470, 96, 'owner'),
(7099, 7469, 96, 'owner'),
(7098, 7468, 96, 'owner'),
(7097, 7467, 96, 'owner'),
(7096, 7466, 96, 'owner'),
(7095, 7465, 96, 'owner'),
(7094, 7464, 96, 'owner'),
(7093, 7463, 96, 'owner'),
(7273, 7641, 51, 'owner'),
(7279, 7647, 51, 'owner'),
(7280, 7648, 51, 'owner'),
(7283, 7651, 51, 'owner'),
(7291, 0, 51, 'owner'),
(7296, 7663, 0, 'owner'),
(7298, 7665, 128, 'owner'),
(7301, 7668, 128, 'owner'),
(7302, 7669, 128, 'owner'),
(7303, 7670, 128, 'owner'),
(7304, 7671, 128, 'owner'),
(7305, 7672, 128, 'owner'),
(7306, 7673, 0, 'owner'),
(7307, 7674, 0, 'owner'),
(7313, 7680, 0, 'owner'),
(7314, 7681, 128, 'owner'),
(7315, 7682, 128, 'owner'),
(7317, 7684, 128, 'owner'),
(7318, 7685, 128, 'owner'),
(7319, 7686, 128, 'owner'),
(7320, 7687, 128, 'owner'),
(7322, 7689, 128, 'owner'),
(7323, 7690, 128, 'owner'),
(7324, 7691, 128, 'owner'),
(7326, 7693, 131, 'owner'),
(7327, 7694, 95, 'owner'),
(7328, 7695, 95, 'owner'),
(7330, 7697, 132, 'owner'),
(7331, 7698, 132, 'owner'),
(7332, 7699, 128, 'owner'),
(7334, 7701, 51, 'owner'),
(7351, 7718, 0, 'owner'),
(7345, 7712, 131, 'owner'),
(7346, 7713, 131, 'owner'),
(7347, 7714, 128, 'owner'),
(7348, 7715, 128, 'owner'),
(7349, 7716, 128, 'owner'),
(7350, 7717, 128, 'owner'),
(7352, 7719, 0, 'owner'),
(7353, 7720, 0, 'owner'),
(7354, 7721, 0, 'owner'),
(7355, 7722, 0, 'owner'),
(7356, 7723, 0, 'owner'),
(7369, 7736, 128, 'owner'),
(7372, 7739, 133, 'owner'),
(7377, 7744, 135, 'owner'),
(7378, 7745, 135, 'owner'),
(7379, 7746, 135, 'owner'),
(7380, 7747, 135, 'owner'),
(7381, 7748, 135, 'owner'),
(7382, 7749, 135, 'owner'),
(7384, 7751, 133, 'owner'),
(7385, 7752, 136, 'owner'),
(7386, 7753, 136, 'owner'),
(7387, 7754, 136, 'owner'),
(7388, 7755, 136, 'owner'),
(7389, 7756, 136, 'owner'),
(7390, 7757, 136, 'owner'),
(7391, 7758, 136, 'owner'),
(7392, 7759, 136, 'owner'),
(7393, 7760, 136, 'owner'),
(7394, 7761, 136, 'owner'),
(7395, 7762, 136, 'owner'),
(7396, 7763, 136, 'owner'),
(7397, 7764, 136, 'owner'),
(7398, 7765, 136, 'owner'),
(7399, 7766, 136, 'owner'),
(7400, 7767, 136, 'owner'),
(7401, 7768, 136, 'owner'),
(7402, 7769, 136, 'owner'),
(7403, 7770, 136, 'owner'),
(7404, 7771, 136, 'owner'),
(7405, 7772, 136, 'owner'),
(7406, 7773, 136, 'owner'),
(7407, 7774, 136, 'owner'),
(7408, 7775, 136, 'owner'),
(7409, 7776, 136, 'owner'),
(7410, 7777, 136, 'owner'),
(7411, 7778, 136, 'owner'),
(7412, 7779, 136, 'owner'),
(7413, 7780, 136, 'owner'),
(7414, 7781, 136, 'owner'),
(7415, 7782, 136, 'owner'),
(7416, 7783, 136, 'owner'),
(7417, 7784, 136, 'owner'),
(7418, 7785, 136, 'owner'),
(7419, 7786, 136, 'owner'),
(7420, 7787, 136, 'owner'),
(7421, 7788, 136, 'owner'),
(7422, 7789, 136, 'owner'),
(7423, 7790, 136, 'owner'),
(7424, 7791, 136, 'owner'),
(7425, 7792, 136, 'owner'),
(7426, 7793, 136, 'owner'),
(7427, 7794, 136, 'owner'),
(7428, 7795, 136, 'owner'),
(7429, 7796, 136, 'owner'),
(7430, 7797, 136, 'owner'),
(7431, 7798, 136, 'owner'),
(7432, 7799, 136, 'owner'),
(7433, 7800, 136, 'owner'),
(7434, 7801, 136, 'owner'),
(7435, 7802, 136, 'owner'),
(7436, 7803, 136, 'owner'),
(7437, 7804, 136, 'owner'),
(7438, 7805, 136, 'owner'),
(7439, 7806, 136, 'owner'),
(7440, 7807, 136, 'owner'),
(7441, 7808, 136, 'owner'),
(7442, 7809, 136, 'owner'),
(7443, 7810, 136, 'owner'),
(7444, 7811, 136, 'owner'),
(7445, 7812, 136, 'owner'),
(7446, 7813, 136, 'owner'),
(7447, 7814, 136, 'owner'),
(7448, 7815, 136, 'owner'),
(7449, 7816, 136, 'owner'),
(7450, 7817, 136, 'owner'),
(7451, 7818, 136, 'owner'),
(7452, 7819, 136, 'owner'),
(7453, 7820, 136, 'owner'),
(7454, 7821, 136, 'owner'),
(7455, 7822, 136, 'owner'),
(7456, 7823, 136, 'owner'),
(7457, 7824, 136, 'owner'),
(7458, 7825, 136, 'owner'),
(7459, 7826, 136, 'owner'),
(7460, 7827, 136, 'owner'),
(7461, 7828, 136, 'owner'),
(7462, 7829, 136, 'owner'),
(7463, 7830, 136, 'owner'),
(7464, 7831, 136, 'owner'),
(7465, 7832, 136, 'owner'),
(7466, 7833, 136, 'owner'),
(7467, 7834, 136, 'owner'),
(7468, 7835, 136, 'owner'),
(7469, 7836, 136, 'owner'),
(7470, 7837, 136, 'owner'),
(7471, 7838, 136, 'owner'),
(7472, 7839, 136, 'owner'),
(7473, 7840, 136, 'owner'),
(7474, 7841, 136, 'owner'),
(7475, 7842, 136, 'owner'),
(7476, 7843, 136, 'owner'),
(7477, 7844, 136, 'owner'),
(7478, 7845, 136, 'owner'),
(7479, 7846, 136, 'owner'),
(7480, 7847, 136, 'owner'),
(7481, 7848, 136, 'owner'),
(7482, 7849, 136, 'owner'),
(7483, 7850, 136, 'owner'),
(7484, 7851, 136, 'owner'),
(7485, 7852, 136, 'owner'),
(7486, 7853, 136, 'owner'),
(7487, 7854, 136, 'owner'),
(7488, 7855, 136, 'owner'),
(7489, 7856, 136, 'owner'),
(7490, 7857, 136, 'owner'),
(7491, 7858, 136, 'owner'),
(7492, 7859, 136, 'owner'),
(7493, 7860, 136, 'owner'),
(7494, 7861, 136, 'owner'),
(7495, 7862, 136, 'owner'),
(7496, 7863, 136, 'owner'),
(7497, 7864, 136, 'owner'),
(7498, 7865, 136, 'owner'),
(7499, 7866, 136, 'owner'),
(7500, 7867, 136, 'owner'),
(7501, 7868, 136, 'owner'),
(7502, 7869, 136, 'owner'),
(7503, 7870, 136, 'owner'),
(7504, 7871, 136, 'owner'),
(7505, 7872, 136, 'owner'),
(7506, 7873, 136, 'owner'),
(7507, 7874, 136, 'owner'),
(7508, 7875, 136, 'owner'),
(7509, 7876, 136, 'owner'),
(7510, 7877, 136, 'owner'),
(7511, 7878, 136, 'owner'),
(7512, 7879, 136, 'owner'),
(7513, 7880, 136, 'owner'),
(7514, 7881, 136, 'owner'),
(7515, 7882, 136, 'owner'),
(7516, 7883, 136, 'owner'),
(7517, 7884, 136, 'owner'),
(7518, 7885, 136, 'owner'),
(7519, 7886, 136, 'owner'),
(7520, 7887, 136, 'owner'),
(7521, 7888, 136, 'owner'),
(7522, 7889, 136, 'owner'),
(7523, 7890, 95, 'owner'),
(7527, 7894, 133, 'owner'),
(7528, 7895, 133, 'owner'),
(7529, 7896, 133, 'owner'),
(7531, 7898, 133, 'owner'),
(7533, 7900, 137, 'owner'),
(7534, 7901, 137, 'owner'),
(7535, 7902, 137, 'owner'),
(7536, 7903, 137, 'owner'),
(7537, 7904, 137, 'owner'),
(7538, 7905, 137, 'owner'),
(7539, 7906, 137, 'owner'),
(7540, 7907, 137, 'owner'),
(7541, 7908, 137, 'owner'),
(7542, 7909, 137, 'owner'),
(7543, 7910, 137, 'owner'),
(7544, 7911, 137, 'owner'),
(7545, 7912, 137, 'owner'),
(7546, 7913, 137, 'owner'),
(7547, 7914, 137, 'owner'),
(7548, 7915, 137, 'owner'),
(7549, 7916, 137, 'owner'),
(7550, 7917, 137, 'owner'),
(7551, 7918, 137, 'owner'),
(7552, 7919, 137, 'owner'),
(7553, 7920, 137, 'owner'),
(7554, 7921, 137, 'owner'),
(7555, 7922, 137, 'owner'),
(7556, 7923, 137, 'owner'),
(7557, 7924, 137, 'owner'),
(7558, 7925, 137, 'owner'),
(7559, 7926, 137, 'owner'),
(7560, 7927, 137, 'owner'),
(7561, 7928, 137, 'owner'),
(7562, 7929, 137, 'owner'),
(7563, 7930, 137, 'owner'),
(7564, 7931, 137, 'owner'),
(7565, 7932, 137, 'owner'),
(7566, 7933, 137, 'owner'),
(7567, 7934, 137, 'owner'),
(7568, 7935, 137, 'owner'),
(7569, 7936, 137, 'owner'),
(7570, 7937, 137, 'owner'),
(7571, 7938, 137, 'owner'),
(7572, 7939, 137, 'owner'),
(7573, 7940, 137, 'owner'),
(7574, 7941, 137, 'owner'),
(7575, 7942, 137, 'owner'),
(7576, 7943, 137, 'owner'),
(7577, 7944, 137, 'owner'),
(7578, 7945, 137, 'owner'),
(7579, 7946, 137, 'owner'),
(7580, 7947, 137, 'owner'),
(7581, 7948, 137, 'owner'),
(7582, 7949, 137, 'owner'),
(7583, 7950, 137, 'owner'),
(7584, 7951, 137, 'owner'),
(7585, 7952, 137, 'owner'),
(7586, 7953, 137, 'owner'),
(7587, 7954, 137, 'owner'),
(7588, 7955, 137, 'owner'),
(7589, 7956, 137, 'owner'),
(7590, 7957, 137, 'owner'),
(7591, 7958, 137, 'owner'),
(7592, 7959, 137, 'owner'),
(7593, 7960, 137, 'owner'),
(7594, 7961, 137, 'owner'),
(7595, 7962, 137, 'owner'),
(7596, 7963, 137, 'owner'),
(7597, 7964, 137, 'owner'),
(7598, 7965, 137, 'owner'),
(7599, 7966, 137, 'owner'),
(7600, 7967, 137, 'owner'),
(7601, 7968, 137, 'owner'),
(7602, 7969, 137, 'owner'),
(7603, 7970, 137, 'owner'),
(7604, 7971, 137, 'owner'),
(7605, 7972, 137, 'owner'),
(7607, 7973, 137, 'owner'),
(7608, 7974, 137, 'owner'),
(7609, 7975, 137, 'owner'),
(7610, 7976, 137, 'owner'),
(7611, 7977, 137, 'owner'),
(7612, 7978, 137, 'owner'),
(7613, 7979, 137, 'owner'),
(7614, 7980, 137, 'owner'),
(7615, 7981, 137, 'owner'),
(7616, 7982, 137, 'owner'),
(7617, 7983, 137, 'owner'),
(7618, 7984, 137, 'owner'),
(7619, 7985, 137, 'owner'),
(7620, 7986, 137, 'owner'),
(7621, 7987, 137, 'owner'),
(7622, 7988, 137, 'owner'),
(7623, 7989, 137, 'owner'),
(7624, 7990, 137, 'owner'),
(7625, 7991, 137, 'owner'),
(7626, 7992, 137, 'owner'),
(7627, 7993, 137, 'owner'),
(7628, 7994, 137, 'owner'),
(7629, 7995, 137, 'owner'),
(7630, 7996, 137, 'owner'),
(7631, 7997, 137, 'owner'),
(7632, 7998, 137, 'owner'),
(7633, 7999, 137, 'owner'),
(7634, 8000, 137, 'owner'),
(7635, 8001, 137, 'owner'),
(7636, 8002, 137, 'owner'),
(7637, 8003, 137, 'owner'),
(7638, 8004, 137, 'owner'),
(7639, 8005, 137, 'owner'),
(7640, 8006, 137, 'owner'),
(7641, 8007, 137, 'owner'),
(7642, 8008, 137, 'owner'),
(7643, 8009, 137, 'owner'),
(7644, 8010, 137, 'owner'),
(7645, 8011, 137, 'owner'),
(7646, 8012, 137, 'owner'),
(7647, 8013, 137, 'owner'),
(7648, 8014, 137, 'owner'),
(7649, 8015, 137, 'owner'),
(7650, 8016, 137, 'owner'),
(7651, 8017, 137, 'owner'),
(7652, 8018, 137, 'owner'),
(7653, 8019, 137, 'owner'),
(7654, 8020, 137, 'owner'),
(7655, 8021, 137, 'owner'),
(7656, 8022, 137, 'owner'),
(7657, 8023, 137, 'owner'),
(7658, 8024, 137, 'owner'),
(7659, 8025, 137, 'owner'),
(7660, 8026, 137, 'owner'),
(7661, 8027, 137, 'owner'),
(7662, 8028, 137, 'owner'),
(7663, 8029, 137, 'owner'),
(7664, 8030, 137, 'owner'),
(7665, 8031, 137, 'owner'),
(7666, 8032, 137, 'owner'),
(7667, 8033, 137, 'owner'),
(7668, 8034, 137, 'owner'),
(7669, 8035, 137, 'owner'),
(7670, 8036, 137, 'owner'),
(7671, 8037, 137, 'owner'),
(7672, 8038, 137, 'owner'),
(7673, 8039, 137, 'owner'),
(7674, 8040, 137, 'owner'),
(7675, 8041, 137, 'owner'),
(7676, 8042, 137, 'owner'),
(7677, 8043, 137, 'owner'),
(7678, 8044, 137, 'owner'),
(7679, 8045, 137, 'owner'),
(7680, 8046, 137, 'owner'),
(7681, 8047, 137, 'owner'),
(7682, 8048, 137, 'owner'),
(7683, 8049, 137, 'owner'),
(7684, 8050, 137, 'owner'),
(7685, 8051, 137, 'owner'),
(7686, 8052, 137, 'owner'),
(7687, 8053, 137, 'owner'),
(7688, 8054, 137, 'owner'),
(7689, 8055, 137, 'owner'),
(7690, 8056, 137, 'owner'),
(7691, 8057, 137, 'owner'),
(7692, 8058, 137, 'owner'),
(7693, 8059, 137, 'owner'),
(7694, 8060, 137, 'owner'),
(7695, 8061, 137, 'owner'),
(7696, 8062, 137, 'owner'),
(7697, 8063, 137, 'owner'),
(7698, 8064, 137, 'owner'),
(7699, 8065, 137, 'owner'),
(7700, 8066, 137, 'owner'),
(7701, 8067, 137, 'owner'),
(7702, 8068, 137, 'owner'),
(7703, 8069, 137, 'owner'),
(7704, 8070, 137, 'owner'),
(7705, 8071, 137, 'owner'),
(7706, 8072, 137, 'owner'),
(7707, 8073, 137, 'owner'),
(7708, 8074, 137, 'owner'),
(7709, 8075, 137, 'owner'),
(7710, 8076, 137, 'owner'),
(7711, 8077, 137, 'owner'),
(7712, 8078, 137, 'owner'),
(7713, 8079, 137, 'owner'),
(7714, 8080, 137, 'owner'),
(7715, 8081, 137, 'owner'),
(7716, 8082, 137, 'owner'),
(7717, 8083, 137, 'owner'),
(7718, 8084, 137, 'owner'),
(7719, 8085, 137, 'owner'),
(7720, 8086, 137, 'owner'),
(7721, 8087, 137, 'owner'),
(7722, 8088, 137, 'owner'),
(7723, 8089, 137, 'owner'),
(7724, 8090, 137, 'owner'),
(7725, 8091, 137, 'owner'),
(7726, 8092, 137, 'owner'),
(7727, 8093, 137, 'owner'),
(7728, 8094, 137, 'owner'),
(7729, 8095, 137, 'owner'),
(7730, 8096, 137, 'owner'),
(7731, 8097, 137, 'owner'),
(7732, 8098, 137, 'owner'),
(7733, 8099, 137, 'owner'),
(7734, 8100, 137, 'owner'),
(7735, 8101, 137, 'owner'),
(7736, 8102, 137, 'owner'),
(7737, 8103, 137, 'owner'),
(7738, 8104, 137, 'owner'),
(7739, 8105, 137, 'owner'),
(7740, 8106, 137, 'owner'),
(7741, 8107, 137, 'owner'),
(7742, 8108, 137, 'owner'),
(7743, 8109, 137, 'owner'),
(7744, 8110, 137, 'owner'),
(7745, 8111, 137, 'owner'),
(7746, 8112, 137, 'owner'),
(7747, 8113, 137, 'owner'),
(7748, 8114, 137, 'owner'),
(7749, 8115, 137, 'owner'),
(7750, 8116, 137, 'owner'),
(7751, 8117, 137, 'owner'),
(7752, 8118, 137, 'owner'),
(7753, 8119, 137, 'owner'),
(7754, 8120, 137, 'owner'),
(7755, 8121, 137, 'owner'),
(7756, 8122, 137, 'owner'),
(7757, 8123, 137, 'owner'),
(7758, 8124, 137, 'owner'),
(7759, 8125, 137, 'owner'),
(7760, 8126, 137, 'owner'),
(7761, 8127, 137, 'owner'),
(7762, 8128, 137, 'owner'),
(7763, 8129, 137, 'owner'),
(7764, 8130, 137, 'owner'),
(7765, 8131, 137, 'owner'),
(7766, 8132, 137, 'owner'),
(7767, 8133, 137, 'owner'),
(7768, 8134, 137, 'owner'),
(7769, 8135, 137, 'owner'),
(7770, 8136, 137, 'owner'),
(7771, 8137, 137, 'owner'),
(7772, 8138, 137, 'owner'),
(7773, 8139, 137, 'owner'),
(7774, 8140, 137, 'owner'),
(7775, 8141, 137, 'owner'),
(7776, 8142, 137, 'owner'),
(7777, 8143, 137, 'owner'),
(7778, 8144, 137, 'owner'),
(7779, 8145, 137, 'owner'),
(7780, 8146, 137, 'owner'),
(7781, 8147, 137, 'owner'),
(7782, 8148, 137, 'owner'),
(7783, 8149, 137, 'owner'),
(7784, 8150, 137, 'owner'),
(7785, 8151, 137, 'owner'),
(7786, 8152, 137, 'owner'),
(7787, 8153, 137, 'owner'),
(7788, 8154, 137, 'owner'),
(7789, 8155, 137, 'owner'),
(7790, 8156, 137, 'owner'),
(7791, 8157, 137, 'owner'),
(7792, 8158, 137, 'owner'),
(7793, 8159, 137, 'owner'),
(7794, 8160, 137, 'owner'),
(7795, 8161, 137, 'owner'),
(7798, 8164, 133, 'owner'),
(7799, 8165, 133, 'owner'),
(7801, 8167, 133, 'owner'),
(7802, 8168, 133, 'owner'),
(7803, 8169, 133, 'owner'),
(7804, 8170, 133, 'owner'),
(7805, 8171, 133, 'owner'),
(7806, 8172, 144, 'owner'),
(7807, 8173, 144, 'owner'),
(7808, 8174, 144, 'owner'),
(7809, 8175, 144, 'owner'),
(7810, 8176, 144, 'owner'),
(7811, 8177, 144, 'owner'),
(7812, 8178, 144, 'owner'),
(7813, 8179, 144, 'owner'),
(7814, 8180, 144, 'owner'),
(7815, 8181, 144, 'owner'),
(7816, 8182, 144, 'owner'),
(7817, 8183, 144, 'owner'),
(7818, 8184, 144, 'owner'),
(7819, 8185, 144, 'owner'),
(7820, 8186, 144, 'owner'),
(7821, 8187, 144, 'owner'),
(7822, 8188, 144, 'owner'),
(7823, 8189, 144, 'owner'),
(7824, 8190, 144, 'owner'),
(7825, 8191, 144, 'owner'),
(7826, 8192, 144, 'owner'),
(7827, 8193, 144, 'owner'),
(7828, 8194, 144, 'owner'),
(7829, 8195, 144, 'owner'),
(7830, 8196, 144, 'owner'),
(7831, 8197, 144, 'owner'),
(7832, 8198, 144, 'owner'),
(7833, 8199, 144, 'owner'),
(7834, 8200, 144, 'owner'),
(7835, 8201, 144, 'owner'),
(7836, 8202, 144, 'owner'),
(7837, 8203, 144, 'owner'),
(7838, 8204, 144, 'owner'),
(7839, 8205, 144, 'owner'),
(7840, 8206, 144, 'owner'),
(7841, 8207, 144, 'owner'),
(7842, 8208, 144, 'owner'),
(7843, 8209, 144, 'owner'),
(7844, 8210, 144, 'owner'),
(7845, 8211, 144, 'owner'),
(7846, 8212, 133, 'owner'),
(7847, 8213, 133, 'owner'),
(7848, 8214, 133, 'owner'),
(7849, 8215, 133, 'owner'),
(7850, 8216, 133, 'owner'),
(7851, 8217, 145, 'owner'),
(7852, 8218, 145, 'owner'),
(7853, 8219, 145, 'owner'),
(7854, 8220, 145, 'owner'),
(7855, 8221, 145, 'owner'),
(7856, 8222, 145, 'owner'),
(7857, 8223, 145, 'owner'),
(7858, 8224, 145, 'owner'),
(7859, 8225, 145, 'owner'),
(7860, 8226, 145, 'owner'),
(7861, 8227, 145, 'owner'),
(7862, 8228, 145, 'owner'),
(7863, 8229, 145, 'owner'),
(7864, 8230, 145, 'owner'),
(7865, 8231, 145, 'owner'),
(7866, 8232, 145, 'owner'),
(7867, 8233, 145, 'owner'),
(7868, 8234, 145, 'owner'),
(7869, 8235, 145, 'owner'),
(7870, 8236, 145, 'owner'),
(7871, 8237, 145, 'owner'),
(7872, 8238, 145, 'owner'),
(7873, 8239, 145, 'owner'),
(7885, 8251, 145, 'owner'),
(7886, 8252, 145, 'owner'),
(7887, 8253, 145, 'owner'),
(7888, 8254, 145, 'owner'),
(7889, 8255, 145, 'owner'),
(7890, 8256, 145, 'owner'),
(7891, 8257, 145, 'owner'),
(7892, 8258, 145, 'owner'),
(7893, 8259, 145, 'owner'),
(7894, 8260, 145, 'owner'),
(7895, 8261, 145, 'owner'),
(7896, 8262, 145, 'owner'),
(7897, 8263, 145, 'owner'),
(7898, 8264, 145, 'owner'),
(7899, 8265, 145, 'owner'),
(7900, 8266, 145, 'owner'),
(7901, 8267, 145, 'owner'),
(7902, 8268, 145, 'owner'),
(7903, 8269, 145, 'owner'),
(7904, 8270, 145, 'owner'),
(7905, 8271, 145, 'owner'),
(7906, 8272, 145, 'owner'),
(7907, 8273, 145, 'owner'),
(7908, 8274, 145, 'owner'),
(7909, 8275, 145, 'owner'),
(7910, 8276, 145, 'owner'),
(7911, 8277, 145, 'owner'),
(7912, 8278, 145, 'owner'),
(7913, 8279, 145, 'owner'),
(7914, 8280, 145, 'owner'),
(7915, 8281, 145, 'owner'),
(7916, 8282, 145, 'owner'),
(7921, 8287, 51, 'owner'),
(7925, 8291, 133, 'owner'),
(7926, 8292, 133, 'owner'),
(7927, 8293, 133, 'owner'),
(7928, 8294, 133, 'owner'),
(7930, 8296, 133, 'owner'),
(7931, 8297, 133, 'owner'),
(7932, 8298, 133, 'owner'),
(7939, 8305, 148, 'owner'),
(7935, 8301, 148, 'owner'),
(7937, 8303, 148, 'owner'),
(7989, 8355, 148, 'owner'),
(7941, 8307, 148, 'owner'),
(7942, 8308, 148, 'owner'),
(7943, 8309, 148, 'owner'),
(7944, 8310, 148, 'owner'),
(7945, 8311, 148, 'owner'),
(7946, 8312, 148, 'owner'),
(7947, 8313, 148, 'owner'),
(7948, 8314, 148, 'owner'),
(7949, 8315, 148, 'owner'),
(7950, 8316, 148, 'owner'),
(7952, 8318, 148, 'owner'),
(7953, 8319, 148, 'owner'),
(7954, 8320, 148, 'owner'),
(7955, 8321, 148, 'owner'),
(7957, 8323, 148, 'owner'),
(7958, 8324, 148, 'owner'),
(7962, 8328, 148, 'owner'),
(7964, 8330, 160, 'owner'),
(7965, 8331, 133, 'owner'),
(7966, 8332, 133, 'owner'),
(7967, 8333, 133, 'owner'),
(7968, 8334, 133, 'owner'),
(7969, 8335, 133, 'owner'),
(7970, 8336, 166, 'owner'),
(7971, 8337, 166, 'owner'),
(7972, 8338, 166, 'owner'),
(7973, 8339, 133, 'owner'),
(7974, 8340, 133, 'owner'),
(7975, 8341, 133, 'owner'),
(7976, 8342, 133, 'owner'),
(7977, 8343, 133, 'owner'),
(7978, 8344, 133, 'owner'),
(7979, 8345, 133, 'owner'),
(7980, 8346, 133, 'owner'),
(7981, 8347, 133, 'owner'),
(7982, 8348, 133, 'owner'),
(7983, 8349, 171, 'owner'),
(7984, 8350, 133, 'owner'),
(7988, 8354, 133, 'owner'),
(7990, 8356, 148, 'owner'),
(7991, 8357, 133, 'owner'),
(7992, 8358, 133, 'owner'),
(7993, 8359, 133, 'owner'),
(7994, 8360, 133, 'owner'),
(7995, 8361, 133, 'owner'),
(7996, 8362, 133, 'owner'),
(7997, 8363, 133, 'owner'),
(7999, 8365, 135, 'owner'),
(8000, 8366, 135, 'owner'),
(8001, 8367, 135, 'owner'),
(8003, 8369, 135, 'owner'),
(8004, 8370, 135, 'owner'),
(8005, 8371, 135, 'owner'),
(8006, 8372, 135, 'owner'),
(8007, 8373, 135, 'owner'),
(8008, 8374, 135, 'owner'),
(8009, 8375, 135, 'owner'),
(8010, 8376, 133, 'owner'),
(8015, 8381, 133, 'owner'),
(8012, 8378, 133, 'owner'),
(8017, 8383, 133, 'owner'),
(8016, 8382, 133, 'owner'),
(8018, 8384, 133, 'owner'),
(8019, 8385, 133, 'owner'),
(8020, 8386, 133, 'owner'),
(8021, 8387, 133, 'owner'),
(8022, 8388, 133, 'owner'),
(8023, 8389, 133, 'owner'),
(8024, 8390, 133, 'owner'),
(8026, 8392, 183, 'owner'),
(8027, 8393, 133, 'owner'),
(8028, 8394, 133, 'owner'),
(8029, 8395, 133, 'owner'),
(8030, 8396, 133, 'owner'),
(8031, 8397, 135, 'owner'),
(8032, 8398, 135, 'owner'),
(8033, 8399, 135, 'owner'),
(8034, 8400, 135, 'owner'),
(8035, 8401, 135, 'owner'),
(8036, 8402, 135, 'owner'),
(8037, 8403, 135, 'owner'),
(8038, 8404, 135, 'owner'),
(8039, 8405, 135, 'owner'),
(8040, 8406, 135, 'owner'),
(8042, 8408, 135, 'owner'),
(8043, 8409, 135, 'owner'),
(8044, 8410, 135, 'owner'),
(8045, 8411, 135, 'owner'),
(8046, 8412, 135, 'owner'),
(8047, 8413, 135, 'owner'),
(8048, 8414, 135, 'owner'),
(8049, 8415, 135, 'owner'),
(8050, 8416, 135, 'owner'),
(8051, 8417, 135, 'owner'),
(8052, 8418, 135, 'owner'),
(8053, 8419, 135, 'owner'),
(8054, 8420, 135, 'owner'),
(8055, 8421, 133, 'owner'),
(8056, 8422, 133, 'owner'),
(8057, 8423, 135, 'owner'),
(8058, 8424, 135, 'owner'),
(8059, 8425, 135, 'owner'),
(8060, 8426, 135, 'owner'),
(8061, 8427, 135, 'owner'),
(8062, 8428, 135, 'owner'),
(8063, 8429, 135, 'owner'),
(8064, 8430, 135, 'owner'),
(8065, 8431, 135, 'owner'),
(8066, 8432, 135, 'owner'),
(8067, 8433, 133, 'owner'),
(8068, 8434, 133, 'owner'),
(8069, 8435, 133, 'owner'),
(8070, 8436, 135, 'owner'),
(8071, 8437, 133, 'owner'),
(8072, 8438, 135, 'owner'),
(8073, 8439, 135, 'owner'),
(8074, 8440, 135, 'owner'),
(8075, 8441, 135, 'owner'),
(8076, 8442, 133, 'owner'),
(8077, 8443, 133, 'owner'),
(8078, 8444, 133, 'owner'),
(8079, 8445, 133, 'owner'),
(8080, 8446, 186, 'owner'),
(8081, 8447, 133, 'owner'),
(8082, 8448, 135, 'owner'),
(8085, 8451, 135, 'owner'),
(8084, 8450, 135, 'owner'),
(8086, 8452, 135, 'owner'),
(8087, 8453, 135, 'owner'),
(8088, 8454, 135, 'owner'),
(8089, 8455, 133, 'owner'),
(8090, 8456, 133, 'owner'),
(8091, 8457, 133, 'owner'),
(8092, 8458, 133, 'owner'),
(8093, 8459, 133, 'owner'),
(8094, 8460, 133, 'owner'),
(8095, 8461, 133, 'owner'),
(8096, 8462, 133, 'owner'),
(8097, 8463, 133, 'owner'),
(8098, 8464, 133, 'owner'),
(8099, 8465, 133, 'owner'),
(8100, 8466, 189, 'owner'),
(8101, 8467, 133, 'owner'),
(8102, 8468, 133, 'owner'),
(8103, 8469, 133, 'owner'),
(8104, 8470, 133, 'owner'),
(8105, 8471, 190, 'owner'),
(8106, 8472, 190, 'owner'),
(8107, 8473, 133, 'owner'),
(8108, 8474, 133, 'owner'),
(8109, 8475, 133, 'owner'),
(8111, 8477, 192, 'owner'),
(8113, 8479, 192, 'owner'),
(8114, 8480, 192, 'owner'),
(8115, 8481, 133, 'owner'),
(8116, 8482, 133, 'owner'),
(8117, 8483, 133, 'owner'),
(8118, 8484, 196, 'owner'),
(8119, 8485, 196, 'owner'),
(8120, 8486, 133, 'owner'),
(8121, 8487, 133, 'owner'),
(8122, 8488, 133, 'owner'),
(8123, 8489, 133, 'owner'),
(8127, 8493, 197, 'owner'),
(8125, 8491, 197, 'owner'),
(8126, 8492, 197, 'owner'),
(8128, 8494, 197, 'owner'),
(8129, 8495, 133, 'owner'),
(8130, 8496, 133, 'owner'),
(8131, 8497, 133, 'owner'),
(8132, 8498, 133, 'owner'),
(8133, 8499, 133, 'owner'),
(8134, 8500, 133, 'owner'),
(8135, 8501, 133, 'owner'),
(8136, 8502, 133, 'owner'),
(8137, 8503, 133, 'owner'),
(8138, 8504, 133, 'owner'),
(8139, 8505, 133, 'owner'),
(8140, 8506, 133, 'owner'),
(8141, 8507, 133, 'owner'),
(8142, 8508, 133, 'owner'),
(8143, 8509, 133, 'owner'),
(8144, 8510, 133, 'owner'),
(8145, 8511, 133, 'owner'),
(8146, 8512, 133, 'owner'),
(8147, 8513, 133, 'owner'),
(8148, 8514, 133, 'owner'),
(8149, 8515, 133, 'owner'),
(8150, 8516, 133, 'owner'),
(8151, 8517, 133, 'owner'),
(8152, 8518, 133, 'owner'),
(8154, 8520, 133, 'owner'),
(8156, 8522, 133, 'owner'),
(8157, 8523, 133, 'owner'),
(8158, 8524, 133, 'owner'),
(8159, 8525, 133, 'owner'),
(8160, 8526, 133, 'owner'),
(8161, 8527, 133, 'owner'),
(8162, 8528, 203, 'owner'),
(8163, 8529, 203, 'owner'),
(8164, 8530, 133, 'owner'),
(8165, 8531, 133, 'owner'),
(8166, 8532, 133, 'owner');

-- --------------------------------------------------------

--
-- Table structure for table `sharehood`
--

DROP TABLE IF EXISTS `sharehood`;
CREATE TABLE IF NOT EXISTS `sharehood` (
  `sharehood_id` int(11) NOT NULL AUTO_INCREMENT,
  `lat` double NOT NULL,
  `lng` double NOT NULL,
  `suburb` varchar(50) NOT NULL,
  PRIMARY KEY (`sharehood_id`)
) ENGINE=MyISAM  DEFAULT CHARSET=latin1 AUTO_INCREMENT=2685 ;

--
-- Dumping data for table `sharehood`
--

INSERT INTO `sharehood` (`sharehood_id`, `lat`, `lng`, `suburb`) VALUES
(2358, -37.772086, 144.995646, ''),
(2359, -37.771866, 144.996426, ''),
(2360, -37.775665, 144.996995, ''),
(2361, -37.771556, 144.995566, ''),
(2362, -37.771266, 144.996006, ''),
(2363, -37.799157, 144.976851, ''),
(2364, -37.772126, 144.995706, ''),
(2365, -37.774271, 144.994324, ''),
(2366, -37.772296, 144.995426, ''),
(2367, -37.770586, 144.996566, ''),
(2368, -37.771076, 144.997718, ''),
(2369, -37.771886, 144.995486, ''),
(2370, -37.770306, 144.994946, ''),
(2371, -37.771646, 144.995726, ''),
(2372, -37.774095, 144.996589, ''),
(2373, -37.771446, 144.996176, ''),
(2374, -37.770526, 144.996176, ''),
(2375, -37.771486, 144.995246, ''),
(2376, -37.770946, 144.996456, ''),
(2377, -37.771276, 144.995276, ''),
(2378, -37.758244, 144.994572, ''),
(2379, -37.758749, 144.999572, ''),
(2380, -37.758284, 144.994532, ''),
(2381, -37.756058, 144.997289, ''),
(2382, -37.759378, 144.999349, ''),
(2383, -37.758614, 144.994292, ''),
(2384, -37.797292, 144.995146, ''),
(2385, -37.749802, 144.989548, ''),
(2386, -37.758154, 144.993532, ''),
(2387, -37.739427, 144.990576, ''),
(2388, -37.757114, 144.993312, ''),
(2389, -37.757804, 144.994312, ''),
(2390, -37.770874, 144.995674, ''),
(2391, -37.757778, 144.999439, ''),
(2392, -37.752416, 145.001669, ''),
(2393, -37.752306, 145.000869, ''),
(2394, -37.798337, 144.969991, ''),
(2395, -37.766746, 144.992313, ''),
(2396, -37.798747, 144.969791, ''),
(2397, -37.797087, 144.971488, ''),
(2398, -37.799394, 144.971296, ''),
(2399, -37.799638, 144.972347, ''),
(2400, -37.798097, 144.969721, ''),
(2401, -37.798628, 144.969489, ''),
(2402, -37.740097, 144.989666, ''),
(2403, -37.797517, 144.970281, ''),
(2404, -37.797621, 144.971758, ''),
(2405, -37.798687, 144.970751, ''),
(2406, -37.8221167, 144.9776033, ''),
(2407, -37.800486, 144.972684, ''),
(2408, -37.797867, 144.969511, ''),
(2409, -37.798859, 144.974675, ''),
(2410, -37.777379, 144.984158, ''),
(2411, -33.893041, 151.135051, ''),
(2412, -37.762749, 145.008025, ''),
(2413, -37.760002, 144.998811, ''),
(2414, -37.786964, 145.001314, ''),
(2415, -37.75346, 144.985992, ''),
(2416, -37.77814, 144.99424, ''),
(2417, -37.779779, 144.994813, ''),
(2418, -37.759896, 144.970604, ''),
(2419, -37.778377, 144.995629, ''),
(2420, -37.781493, 144.993149, ''),
(2421, -37.77968, 144.9943, ''),
(2422, -37.779642, 144.994616, ''),
(2423, -37.718157, 145.086323, ''),
(2424, -37.7984012, 144.9705972, ''),
(2425, -37.778264, 144.995451, ''),
(2426, -37.760452, 144.975249, ''),
(2427, -37.746817, 145.663164, ''),
(2428, -37.7994717, 144.9724064, ''),
(2429, -37.766227, 144.998434, ''),
(2430, -37.790524, 145.296706, ''),
(2431, -37.768818, 144.94192, ''),
(2432, -37.78387, 144.981692, ''),
(2433, -37.410603, 144.2145455, ''),
(2434, -37.800137, 144.97157, ''),
(2435, -37.768396, 144.975723, ''),
(2436, -37.75872, 144.994471, ''),
(2437, -37.778764, 144.995141, ''),
(2438, -37.805666, 144.876342, ''),
(2439, -37.762155, 145.060284, ''),
(2440, -37.7712676, 144.9753207, ''),
(2441, 43.6875619, -79.4236318, ''),
(2442, -37.752716, 144.986468, ''),
(2443, 43.6755237, -79.4449385, ''),
(2444, -37.765001, 144.978755, ''),
(2445, -37.7501054, 144.9521564, ''),
(2446, -38.2971855, 145.1833494, ''),
(2447, -37.757332, 145.001889, ''),
(2448, -37.771701, 144.994693, ''),
(2449, -37.771908, 144.995434, ''),
(2450, -89.00074, -9e-05, ''),
(2451, -89.00004, -0.00027, ''),
(2452, 40.7635687, -73.1107539, ''),
(2453, -34.77735, 138.700074, ''),
(2454, 34.048212, -118.349891, ''),
(2455, 34.163572, -118.371955, ''),
(2456, -37.771599, 145.010228, ''),
(2457, 45.5038931, -122.6245736, ''),
(2458, -37.881913, 145.002539, ''),
(2459, -37.799412, 144.973551, ''),
(2460, -37.7988537, 144.9723786, ''),
(2461, -37.771205, 145.010894, ''),
(2462, 36.975529, -121.959475, ''),
(2463, -37.798727, 144.974096, ''),
(2464, 39.9441338, -75.1580746, ''),
(2465, 40.7498081, -73.9921381, ''),
(2466, -89.00096, -0.00017, ''),
(2467, -88.99959, 0.00034, ''),
(2468, -89.00011, 0.0001, ''),
(2469, -88.9994, -4e-05, ''),
(2470, -88.99959, 0.00047, ''),
(2471, -89.00093, 0.00096, ''),
(2472, -89.0008, -0.00061, ''),
(2473, -88.99941, -0.001, ''),
(2474, 44.965101, -93.266058, ''),
(2475, 43.0304769, -76.0960305, ''),
(2476, -27.455368, 153.028357, ''),
(2477, 44.7475541, -93.2691984, ''),
(2478, 37.205182, -93.30611, ''),
(2479, 42.280733, -87.967045, ''),
(2480, 41.815498, -71.433212, ''),
(2481, 41.812634, -71.437377, ''),
(2482, 45.5481277, -73.5814387, ''),
(2483, 42.563467, -71.459887, ''),
(2484, 38.912738, -77.010382, ''),
(2485, -37.8181277, 145.0896796, ''),
(2486, 40.6807444, -73.9634111, ''),
(2487, 48.7396907, -122.4849819, ''),
(2488, -37.771043, 144.996842, ''),
(2489, 45.661481, -122.636961, ''),
(2490, 43.222903, -78.383277, ''),
(2491, 44.9287215, -123.0147686, ''),
(2492, 40.725804, -73.976793, ''),
(2493, 52.571218, -1.40878, ''),
(2494, 42.3408598, -88.285724, ''),
(2495, 39.364029, -76.679112, ''),
(2496, 45.4057583, -75.7060033, ''),
(2497, 42.287988, -83.785038, ''),
(2498, -28.825191, 153.327903, ''),
(2499, -32.902413, 151.671797, ''),
(2500, 34.0922498, -118.3851861, ''),
(2501, 40.7117597, -73.9531734, ''),
(2502, 43.6740931, -79.3746139, ''),
(2503, -37.905427, 145.328442, ''),
(2504, 53.5347451, -113.5794991, ''),
(2505, 42.2585733, -83.7344261, ''),
(2506, -37.798992, 145.046575, ''),
(2507, -37.776682, 145.056736, ''),
(2508, -37.729616, 145.087046, ''),
(2509, -37.751501, 145.033075, ''),
(2510, -37.762646, 145.008585, ''),
(2511, -37.806045, 145.038227, ''),
(2512, 51.577033, -0.127938, ''),
(2513, -37.798262, 144.971573, ''),
(2514, -37.765257, 145.035202, ''),
(2515, -37.796491, 144.974917, ''),
(2516, -37.194203, 143.752629, ''),
(2517, -37.194483, 143.752279, ''),
(2518, -37.800529, 144.97484, ''),
(2519, -37.860723, 144.979799, ''),
(2520, -37.802553, 144.968744, ''),
(2521, -34.865549, 138.612118, ''),
(2522, -37.796948, 144.997038, ''),
(2523, 44.457384, -73.215311, ''),
(2524, 47.506404, -122.385276, ''),
(2525, -37.79871, 144.998194, ''),
(2526, 30.260741, -97.739063, ''),
(2527, -37.796518, 144.998395, ''),
(2528, -33.849593, 151.214946, ''),
(2529, 39.645198, -106.599425, ''),
(2530, 52.9525131, -122.5215783, ''),
(2531, -37.763414, 144.994581, ''),
(2532, -37.752763, 144.984725, ''),
(2533, -37.761979, 144.965931, ''),
(2534, 43.7008876, -79.374866, ''),
(2535, 35.0642013, -106.6041318, ''),
(2536, -37.797054, 144.996028, ''),
(2537, -32.996642, 151.579179, ''),
(2538, -27.566514, 152.869945, ''),
(2539, 41.229313, -96.159635, ''),
(2540, -37.797311, 144.996378, ''),
(2541, -32.923369, 151.757451, ''),
(2542, -37.764761, 144.992081, ''),
(2543, 42.4718235, -83.1370782, ''),
(2544, -37.781861, 144.994629, ''),
(2545, 43.570372, -116.183218, ''),
(2546, -37.796298, 144.973099, ''),
(2547, -37.795904, 144.99558, ''),
(2548, 33.514358, -112.08002, ''),
(2549, -37.772988, 144.992253, ''),
(2550, -37.017972, 145.148154, ''),
(2551, 43.5701813, -116.1797069, ''),
(2552, -37.765481, 144.994473, ''),
(2553, 40.7004907, -73.9298634, ''),
(2554, -37.798448, 144.970217, ''),
(2555, -37.765603, 144.993535, ''),
(2556, -37.773753, 144.995733, ''),
(2557, -37.799041, 144.972928, ''),
(2558, -37.800065, 144.970626, ''),
(2559, 33.4173246, -111.927953, ''),
(2560, 42.288696, -83.775231, ''),
(2561, -37.795662, 144.994785, ''),
(2562, 43.5150312, -80.2324136, ''),
(2563, -33.920645, 151.120149, ''),
(2564, -37.766801, 144.959732, ''),
(2565, -37.798334, 144.998187, ''),
(2566, -37.847077, 145.120507, ''),
(2567, -37.780156, 145.013313, ''),
(2568, 39.939267, -75.145643, ''),
(2569, 55.1769644, -118.802871, ''),
(2570, -37.756915, 144.995196, ''),
(2571, -37.757735, 144.993886, ''),
(2572, -37.758395, 144.994936, ''),
(2573, -37.875467, 144.987484, ''),
(2574, -37.76235, 144.968362, ''),
(2575, -37.865097, 144.900406, ''),
(2576, -37.765783, 144.994064, ''),
(2577, -37.812925, 144.994296, ''),
(2578, -37.797697, 144.971948, ''),
(2579, -37.816403, 145.060288, ''),
(2580, -37.764652, 144.998855, ''),
(2581, -42.896942, 147.307308, ''),
(2582, -33.890331, 151.140861, ''),
(2583, -42.902878, 147.269304, ''),
(2584, 49.4939527, 8.4580785, ''),
(2585, -37.781343, 144.976752, ''),
(2586, -37.765997, 144.997352, ''),
(2587, -42.898177, 147.288852, ''),
(2588, -37.797594, 144.999077, ''),
(2589, -32.916528, 151.755513, ''),
(2590, -37.799156, 144.971847, ''),
(2591, -42.900824, 147.270629, ''),
(2592, 41.9928117, -87.6595992, ''),
(2593, 49.845872, -97.179408, ''),
(2594, -37.763406, 145.028973, ''),
(2595, -37.765372, 144.993294, ''),
(2596, -30.73555, 121.46274, ''),
(2597, -37.766781, 144.994045, ''),
(2598, -38.235303, 145.03863, ''),
(2599, -37.762867, 144.997769, ''),
(2600, -37.76348, 144.978126, ''),
(2601, -37.777837, 144.999895, ''),
(2602, -37.797715, 144.970055, ''),
(2603, -37.778595, 144.924541, ''),
(2604, -28.834532, 153.442408, ''),
(2605, -42.874256, 147.30407, ''),
(2606, -37.766145, 144.997705, ''),
(2607, -37.797297, 144.976681, ''),
(2608, -37.764281, 145.0028, ''),
(2609, -34.925968, 138.515838, ''),
(2610, -37.764804, 144.99797, ''),
(2611, 42.2515706, -83.6522389, ''),
(2612, -42.896702, 147.307098, ''),
(2613, -33.899891, 151.167344, ''),
(2614, -37.763663, 144.998061, ''),
(2615, -31.93531, 115.86524, ''),
(2616, -42.909885, 147.324902, ''),
(2617, -42.910025, 147.325722, ''),
(2618, -42.896574, 147.302, ''),
(2619, -31.79132, 115.7844, ''),
(2620, -37.7982616, 144.971277, ''),
(2621, -33.70897, 150.32961, ''),
(2622, -37.772312, 145.029395, ''),
(2623, -32.921008, 151.750125, ''),
(2624, -37.7994727, 144.9717562, ''),
(2625, -42.901132, 147.281328, ''),
(2626, -37.765444, 144.975835, ''),
(2627, -37.761984, 145.004715, ''),
(2628, -37.769703, 144.997042, ''),
(2629, -37.764846, 144.9778, ''),
(2630, -31.99205, 115.90183, ''),
(2631, 42.9746714, -81.2509547, ''),
(2632, -37.762647, 144.999597, ''),
(2633, -37.828265, 145.173214, ''),
(2634, -37.76696, 144.994437, ''),
(2635, -37.79823, 144.972896, ''),
(2636, -42.89694, 147.304067, ''),
(2637, -37.79843, 144.998474, ''),
(2638, 25.7844436, -80.1319637, ''),
(2639, -37.771518, 144.965109, ''),
(2640, 33.739277, -84.425516, ''),
(2641, -42.903781, 147.269004, ''),
(2642, 41.4676837, -75.6200107, ''),
(2643, -37.79822, 144.972036, ''),
(2644, 30.080999, -94.11872, ''),
(2645, -37.764022, 144.988144, ''),
(2646, -37.759237, 145.005781, ''),
(2647, -37.876232, 145.141212, ''),
(2648, -37.758244, 144.99587, ''),
(2649, -37.768913, 144.972416, ''),
(2650, -32.049091, 115.902362, ''),
(2651, -37.789915, 144.990706, ''),
(2652, -37.799873, 144.973202, ''),
(2653, -37.759044, 144.99595, ''),
(2654, -37.763943, 144.986158, ''),
(2655, 33.9645292, -84.5455187, ''),
(2656, -37.725279, 144.984317, ''),
(2657, -37.798633, 144.970966, ''),
(2658, -33.887583, 151.177818, ''),
(2659, 51.3648555, -0.4549194, ''),
(2660, -37.909201, 145.109013, ''),
(2661, 49.2547804, -122.9076677, ''),
(2662, -37.771376, 144.995476, ''),
(2663, -37.763534, 144.946352, ''),
(2664, -37.76507, 144.998337, ''),
(2665, -37.870198, 144.979979, ''),
(2666, -33.903195, 151.184876, ''),
(2667, -37.897445, 145.328559, ''),
(2668, -37.774272, 144.965361, ''),
(2669, 40.563782, -111.8721455, ''),
(2670, -33.418049, 151.446649, ''),
(2671, -37.761779, 144.965141, ''),
(2672, -37.7731094, 145.007868, ''),
(2673, -37.86122, 144.679603, ''),
(2674, -38.320235, 144.316885, ''),
(2675, -37.757864, 144.965308, ''),
(2676, -37.767022, 144.961267, ''),
(2677, -37.751749, 144.976084, ''),
(2678, -34.919303, 138.564728, ''),
(2679, -37.711699, 144.975566, ''),
(2680, -33.905306, 151.138883, ''),
(2681, -35.249425, 149.133371, ''),
(2682, -33.877324, 151.245836, ''),
(2683, -37.801041, 144.972073, ''),
(2684, -37.797884, 144.971271, '');

-- --------------------------------------------------------

--
-- Table structure for table `subtype`
--

DROP TABLE IF EXISTS `subtype`;
CREATE TABLE IF NOT EXISTS `subtype` (
  `subtype_id` int(11) NOT NULL AUTO_INCREMENT,
  `subtype_cd` varchar(20) NOT NULL,
  `subtype_name` varchar(50) NOT NULL,
  `type_id` int(11) NOT NULL,
  `is_addable` int(11) NOT NULL,
  `icon` varchar(50) NOT NULL,
  `prefixes` varchar(50) NOT NULL,
  `prefixes_help` varchar(200) NOT NULL,
  `order` int(11) NOT NULL,
  PRIMARY KEY (`subtype_id`)
) ENGINE=MyISAM  DEFAULT CHARSET=latin1 AUTO_INCREMENT=33 ;

--
-- Dumping data for table `subtype`
--

INSERT INTO `subtype` (`subtype_id`, `subtype_cd`, `subtype_name`, `type_id`, `is_addable`, `icon`, `prefixes`, `prefixes_help`, `order`) VALUES
(1, 'community space', 'Community Group / Space', 1, 1, 'images/community_space.png', 'type of group', 'ie. environment, social justice etc', 0),
(2, 'community event', 'Community Event', 1, 1, 'images/community_event.png', '', '', 0),
(4, 'veggie patch', 'Veggie Patch - Bartering', 2, 1, 'images/veggie_patch.png', 'produce,produce wanted', 'ie. apples,bannas,eggs... etc_ie. apples,bannas,eggs', 0),
(5, 'empty lot', 'Empty Lot - Start a Garden', 2, 1, 'images/empty_lot.png', '', '', 0),
(6, 'community garden', 'Community Garden', 2, 1, 'images/community_garden.png', '', '', 0),
(7, 'food co-op', 'Food Cooperative', 2, 1, 'images/seedling.png', '', '', 0),
(8, 'freerecycle', 'Free Recycle Gift', 3, 1, 'images/freecycle.png', '', '', 0),
(9, 'op shop', 'Op Shop', 3, 1, 'images/op_shop.png', '', '', 0),
(10, 'bike facility', 'Bike Facility', 3, 1, 'images/bike.png', '', '', 0),
(12, 'sharehood', 'Sharehood', 1, 0, 'images/sharehood.png', '', '', 0),
(13, 'food tree', 'Food Tree', 2, 1, 'images/seedling.png', '', '', 0),
(14, 'farm', 'Farm / Market Gardens', 2, 1, 'images/seedling.png', 'produce,production type', 'ie. apples,bannas,eggs,chicken..._ie. organic,bio dynamic,free range...', 0),
(15, 'farmers market', 'Farmers Martket', 2, 1, 'images/seedling.png', '', '', 0),
(16, 'sports club', 'Sports Club', 4, 1, 'images/sport.png', 'type of sport', 'ie. football, tennis, rowing etc', 0),
(17, 'yoga / martial arts ', 'Yoga / Martical Arts Club', 4, 1, 'images/sport.png', 'type of martial art', 'ie. capoeira, tai chi, bikram yoga etc', 0),
(18, 'health and fitness o', 'Health and Fitness - Other', 4, 1, 'images/sport.png', '', '', 0),
(19, 'community initiative', 'Community Initiative', 1, 1, 'images/community_space.png', '', '', 0),
(20, 'neighbourhood house', 'Neighbourhood House', 1, 1, 'images/house.png', '', '', 0),
(21, 'youth group', 'Youth Group / Space', 1, 1, 'images/community_space.png', '', '', 0),
(22, 'public library', 'Public Library', 3, 1, 'images/book.png', '', '', 0),
(23, 'garage sale', 'Garage Sale', 3, 1, 'images/freecycle.png', 'products', 'ie. books, clothing, plants etc', 0),
(24, 'government body', 'Government Body', 1, 1, 'images/community_space.png', '', '', 0),
(25, 'support sercices', 'Support Services', 3, 1, 'images/community_space.png', '', '', 0),
(26, 'resource and service', 'Resource and Services - Other', 3, 1, 'images/community_space.png', '', '', 0),
(27, 'sustainable food out', 'Sustainable Food Outlet', 2, 1, 'images/seedling.png', 'produce', 'ie. apples,bannas,eggs,chicken...', 0),
(28, 'healthy food - other', 'Healthy Food - Other', 2, 1, 'images/seedling.png', '', '', 0),
(29, 'arts space', 'Art Space', 6, 1, 'images/art.png', '', '', 0),
(30, 'arts organisation', 'Arts Organisation', 6, 1, 'images/art.png', '', '', 0),
(31, 'art and culture - ot', 'Art and Culture - Other', 6, 1, 'images/art.png', '', '', 0),
(32, 'music club', 'Music Club', 6, 1, 'images/art.png', '', '', 0);

-- --------------------------------------------------------

--
-- Table structure for table `tag`
--

DROP TABLE IF EXISTS `tag`;
CREATE TABLE IF NOT EXISTS `tag` (
  `tag_id` int(11) NOT NULL AUTO_INCREMENT,
  `tag` varchar(30) NOT NULL DEFAULT ' ',
  `prefix` varchar(20) NOT NULL,
  PRIMARY KEY (`tag_id`)
) ENGINE=MyISAM  DEFAULT CHARSET=latin1 AUTO_INCREMENT=292 ;

--
-- Dumping data for table `tag`
--

INSERT INTO `tag` (`tag_id`, `tag`, `prefix`) VALUES
(70, 'organic', ''),
(116, 'lamb', 'produce'),
(115, 'beef', 'produce'),
(114, 'chicken', 'produce'),
(112, 'open to public', ''),
(113, 'eggs', 'produce'),
(111, 'organic', 'production type'),
(110, 'free range', 'production type'),
(122, 'oranges', 'produce'),
(121, 'apples', 'produce'),
(120, 'bannas', 'produce'),
(123, 'bio dynamic', 'production type'),
(124, 'strawberries', 'produce'),
(125, 'producer', ''),
(126, ' transport', ''),
(127, ' processor', ''),
(128, 'pears', 'produce'),
(129, 'conventional', 'production type'),
(130, 'in transition', 'production type'),
(131, 'wholesale agents', ''),
(132, ' employment pathways', ''),
(133, ' fruit picking', ''),
(134, 'fruit', 'produce'),
(135, 'retail', ''),
(136, 'intergrated pest management', 'production type'),
(137, ' food', ''),
(138, ' fruit', ''),
(139, ' vegetables', ''),
(140, 'bike', ''),
(141, 'permablitz', ''),
(142, ' veil food map', ''),
(143, 'theatre gallery music', ''),
(144, 'permaculture', ''),
(145, ' permablitz', ''),
(146, 'community garden', ''),
(147, ' yarraville', ''),
(148, 'football', 'type of sport'),
(149, 'pork', 'produce'),
(150, 'pork', ''),
(151, 'leafy greens', 'produce'),
(152, ' free', ''),
(153, 'gallery', ''),
(154, 'art gallery', ''),
(155, 'theatre', ''),
(156, 'arts centre', ''),
(157, 'studio', ''),
(158, ' gallery', ''),
(159, 'band', ''),
(160, 'music', ''),
(161, 'museum', ''),
(162, ' museum', ''),
(163, 'dance', ''),
(164, 'circus', ''),
(165, 'community', ''),
(166, 'sustainability', ''),
(167, 'environment', 'type of group'),
(168, 'sustainability', 'type of group'),
(169, 'community', 'type of group'),
(170, 'nursery', ''),
(171, 'cafe', ''),
(172, 'eggs', 'produce wanted'),
(173, 'pub', ''),
(174, 'family-violence', ''),
(175, ' domestic-violence', ''),
(176, ' abuse', ''),
(177, ' training', ''),
(178, ' library', ''),
(179, 'tennis', ''),
(180, ' dog park', ''),
(181, ' park', ''),
(182, ' playground', ''),
(183, ' baseball', ''),
(184, ' softball', ''),
(185, 'park', 'type of group'),
(186, 'recreation center', ''),
(187, ' fun', ''),
(188, ' foosball', ''),
(189, ' basketball', ''),
(190, ' billiards', ''),
(191, ' table tennis', ''),
(192, 'recreation center', 'type of group'),
(193, 'fruit', ''),
(194, 'gardening community', ''),
(195, ' low income', ''),
(196, 'tues afternoon farmer\\''s marke', ''),
(197, 'tennis', 'type of sport'),
(198, '  veil food map', ''),
(199, 'veil food map', ''),
(200, 'vegetables', 'produce'),
(201, 'seeds', 'produce'),
(202, 'peaches nectarines cherries st', 'produce'),
(203, 'peaches', 'produce'),
(204, 'nectarines', 'produce'),
(205, 'cherries', 'produce'),
(206, 'blueberries', 'produce'),
(207, 'raspberries', 'produce'),
(208, 'grapes', 'produce'),
(209, 'mangoes', 'produce'),
(210, 'morello cherries', 'produce'),
(211, 'peas', 'produce'),
(212, 'beans', 'produce'),
(213, 'boysenberries', 'produce'),
(214, 'youngberries', 'produce'),
(215, 'blackberries', 'produce'),
(216, 'loganberries', 'produce'),
(217, 'raspberries', 'produce'),
(218, 'boysenberries', 'produce'),
(219, 'persimmons', 'produce'),
(220, 'lemons', 'produce'),
(221, 'mushrooms', 'produce'),
(222, 'laughter', ''),
(223, 'pick your own', ''),
(224, 'brambleberries', 'produce'),
(225, 'honey', 'produce'),
(226, 'silvanberries', 'produce'),
(227, 'blueberrie', 'produce'),
(228, 'nashis and chestnuts', 'produce'),
(229, 'blackcurrants', 'produce'),
(230, 'quinces', 'produce'),
(231, 'blueberries and blackberries', 'produce'),
(232, 'youngberries and boysenberries', 'produce'),
(233, 'currants', 'produce'),
(234, 'yabbies', 'produce'),
(235, 'sweet and sour cherries', 'produce'),
(236, 'avocadoes', 'produce'),
(237, 'berries', 'produce'),
(238, 'creamed honey', 'produce'),
(239, 'honeycomb', 'produce'),
(240, 'bees\\'' wax', 'produce'),
(241, 'school garden', ''),
(242, 'kitchen garden', ''),
(243, 'plum', ''),
(244, ' plum tree', ''),
(245, 'olives', 'produce'),
(246, 'traditional', 'production type'),
(247, 'bees\\\\\\'' wax', 'produce'),
(248, 'port phillip', ''),
(249, ' tools', ''),
(250, ' garden', ''),
(251, ' gardening', ''),
(252, ' conservation', ''),
(253, ' organic', ''),
(254, 'buninyong', ''),
(255, ' community', ''),
(256, ' sustainability', ''),
(257, ' sustainable', ''),
(258, ' centre', ''),
(259, 'internet', ''),
(260, ' computer', ''),
(261, ' access', ''),
(262, ' network', ''),
(263, '13/03/2011', ''),
(264, 'garden', ''),
(265, 'trampoline ramsay chelsea', ''),
(266, 'farmers market', ''),
(267, 'see website in yahoo groups or', ''),
(268, 'food swap', ''),
(269, ' mfgn', ''),
(270, 'mfgn', ''),
(271, ' food swap', ''),
(272, 'eggs', ''),
(273, 'food', ''),
(274, 'givebox schenken', ''),
(275, 'community hub', 'type of group'),
(276, 'test', 'group'),
(277, 'student', 'price'),
(278, 'hippy', ''),
(279, ' commy', ''),
(280, 'plant nursery', ''),
(281, ' community garden', ''),
(282, ' private orchard', ''),
(283, ' share', ''),
(284, ' swap', ''),
(285, 'lemon', 'produce'),
(286, 'passionfruit', 'produce'),
(287, 'plum', 'produce'),
(288, 'anything', 'produce wanted'),
(289, 'government', ''),
(290, ' meeting space', ''),
(291, ' town hall', '');

-- --------------------------------------------------------

--
-- Table structure for table `type`
--

DROP TABLE IF EXISTS `type`;
CREATE TABLE IF NOT EXISTS `type` (
  `type_id` int(11) NOT NULL AUTO_INCREMENT,
  `type_cd` varchar(20) NOT NULL,
  `type_name` varchar(50) NOT NULL,
  `order` int(11) NOT NULL,
  PRIMARY KEY (`type_id`)
) ENGINE=MyISAM  DEFAULT CHARSET=latin1 AUTO_INCREMENT=7 ;

--
-- Dumping data for table `type`
--

INSERT INTO `type` (`type_id`, `type_cd`, `type_name`, `order`) VALUES
(1, 'community', 'Community', 0),
(2, 'food', 'Food', 0),
(3, 'resource', 'Resource', 0),
(4, 'health', 'Healthy Living', 0),
(5, 'transport', 'Transport', 0),
(6, 'art', 'Art and Culture', 0);

-- --------------------------------------------------------

--
-- Table structure for table `user`
--

DROP TABLE IF EXISTS `user`;
CREATE TABLE IF NOT EXISTS `user` (
  `user_id` int(11) NOT NULL AUTO_INCREMENT,
  `username` varchar(20) DEFAULT NULL,
  `full_name` varchar(50) DEFAULT NULL,
  `email` varchar(50) NOT NULL,
  `password` char(32) NOT NULL,
  `state` varchar(20) NOT NULL DEFAULT 'unconfirmed',
  `rego_code` char(32) DEFAULT NULL,
  `added_on` datetime DEFAULT NULL,
  `last_lng` float DEFAULT NULL,
  `last_lat` float DEFAULT NULL,
  `last_zoom` smallint(6) DEFAULT NULL,
  `www` varchar(255) NOT NULL DEFAULT '',
  `blurb` text NOT NULL,
  `email_notify` int(11) NOT NULL DEFAULT '1',
  PRIMARY KEY (`user_id`),
  UNIQUE KEY `email` (`email`),
  UNIQUE KEY `username` (`username`)
) ENGINE=MyISAM  DEFAULT CHARSET=latin1 AUTO_INCREMENT=207 ;

--
-- Dumping data for table `user`
--

INSERT INTO `user` (`user_id`, `username`, `full_name`, `email`, `password`, `state`, `rego_code`, `added_on`, `last_lng`, `last_lat`, `last_zoom`, `www`, `blurb`, `email_notify`) VALUES
(51, 'user51', 'name 51', 'email51', '5f4dcc3b5aa765d61d8327deb882cf99', 'active', '', NULL, 144.978, -37.8004, 14, 'http://agrowingcommunity.org', 'Just some test text.', 1),
(52, 'user52', 'name 52', 'email52', '5f4dcc3b5aa765d61d8327deb882cf99', 'active', '', NULL, NULL, NULL, NULL, '', '', 1),
(66, 'user66', 'name 66', 'email66', '5f4dcc3b5aa765d61d8327deb882cf99', 'active', '', NULL, 3.3, 3.3, NULL, '', '', 1),
(96, 'user96', 'name 96', 'email96', '5f4dcc3b5aa765d61d8327deb882cf99', 'active', NULL, NULL, 144.981, -37.7994, 17, '', '', 1),
(97, 'user97', 'name 97', 'email97', '5f4dcc3b5aa765d61d8327deb882cf99', 'active', NULL, NULL, 144.999, -37.7664, 13, '', '', 1),
(89, 'user89', 'name 89', 'email89', '5f4dcc3b5aa765d61d8327deb882cf99', 'active', '', '2009-06-15 04:48:39', NULL, NULL, NULL, '', '', 1),
(90, 'user90', 'name 90', 'email90', '5f4dcc3b5aa765d61d8327deb882cf99', 'active', '', '2009-06-18 05:25:29', NULL, NULL, NULL, '', '', 1),
(95, 'user95', 'name 95', 'email95', '5f4dcc3b5aa765d61d8327deb882cf99', 'active', '', '2009-06-21 21:22:18', 144.981, -37.7889, 13, '', '', 1),
(100, 'user100', 'name 100', 'email100', '5f4dcc3b5aa765d61d8327deb882cf99', 'active', '', '2009-07-04 22:46:02', 144.96, -37.7593, 13, '', '', 1),
(108, 'user108', 'name 108', 'email108', '5f4dcc3b5aa765d61d8327deb882cf99', 'active', '', '2009-07-18 03:37:42', 144.978, -37.8004, 14, '', '', 1),
(127, 'user127', 'name 127', 'email127', '5f4dcc3b5aa765d61d8327deb882cf99', 'active', '', '2009-09-14 02:39:28', 144.97, -37.7843, 14, '', '', 1),
(128, 'user128', 'name 128', 'email128', '5f4dcc3b5aa765d61d8327deb882cf99', 'active', '', '2009-09-26 22:41:09', NULL, NULL, NULL, '', '', 1),
(129, 'user129', 'name 129', 'email129', '5f4dcc3b5aa765d61d8327deb882cf99', 'active', '', '2009-10-04 18:40:08', NULL, NULL, NULL, '', '', 1),
(131, 'user131', 'name 131', 'email131', '5f4dcc3b5aa765d61d8327deb882cf99', 'active', '', '2009-11-16 14:03:28', NULL, NULL, NULL, '', '', 1),
(132, 'user132', 'name 132', 'email132', '5f4dcc3b5aa765d61d8327deb882cf99', 'active', '', '2009-11-22 05:47:07', NULL, NULL, NULL, '', '', 1),
(133, 'user133', 'name 133', 'email133', '5f4dcc3b5aa765d61d8327deb882cf99', 'active', NULL, NULL, NULL, NULL, NULL, '', '', 1),
(134, 'user134', 'name 134', 'email134', '5f4dcc3b5aa765d61d8327deb882cf99', 'active', 'd0842a2b30f956254ee3c38bd4f0bd91', '2010-01-24 19:30:01', NULL, NULL, NULL, '', '', 1),
(135, 'user135', 'name 135', 'email135', '5f4dcc3b5aa765d61d8327deb882cf99', 'active', 'a45838a9a44dc7d99d3c3a98f5824f6c', '2010-02-18 00:47:15', NULL, NULL, NULL, 'http://www.ecoinnovationlab.com', 'The Victorian Eco-Innovation Lab (VEIL) seeks to identify and promote emerging technical, social and organisational innovations that could form part of future sustainable systems. ', 1),
(136, 'user136', 'name 136', 'email136', '5f4dcc3b5aa765d61d8327deb882cf99', 'active', NULL, '2010-02-24 13:54:51', NULL, NULL, NULL, '', '', 1),
(137, 'user137', 'name 137', 'email137', '5f4dcc3b5aa765d61d8327deb882cf99', 'active', NULL, NULL, NULL, NULL, NULL, 'http://www.libraries.vic.gov.au', 'Added as part of app my state, lib user...', 1),
(138, 'user138', 'name 138', 'email138', '5f4dcc3b5aa765d61d8327deb882cf99', 'active', '97cd783542ed700b4957b33c76235db5', '2010-03-31 19:21:53', NULL, NULL, NULL, '', '', 1),
(139, 'user139', 'name 139', 'email139', '5f4dcc3b5aa765d61d8327deb882cf99', 'active', '', '2010-04-25 18:22:05', NULL, NULL, NULL, '', '', 1),
(140, 'user140', 'name 140', 'email140', '5f4dcc3b5aa765d61d8327deb882cf99', 'active', '', '2010-04-25 21:18:55', NULL, NULL, NULL, '', '', 1),
(141, 'user141', 'name 141', 'email141', '5f4dcc3b5aa765d61d8327deb882cf99', 'active', '', '2010-05-10 10:20:38', NULL, NULL, NULL, '', '', 1),
(142, 'user142', 'name 142', 'email142', '5f4dcc3b5aa765d61d8327deb882cf99', 'active', '', '2010-05-12 15:27:54', NULL, NULL, NULL, '', '', 1),
(143, 'user143', 'name 143', 'email143', '5f4dcc3b5aa765d61d8327deb882cf99', 'active', '', '2010-05-12 23:41:40', NULL, NULL, NULL, '', '', 1),
(144, 'user144', 'name 144', 'email144', '5f4dcc3b5aa765d61d8327deb882cf99', 'active', NULL, NULL, NULL, NULL, NULL, 'http://www.arts.vic.gov.au/', 'Add on behalf of Arts Victoria as part of the app my state competition.', 1),
(145, 'user145', 'name 145', 'email145', '5f4dcc3b5aa765d61d8327deb882cf99', 'active', NULL, NULL, NULL, NULL, NULL, 'http://www.dpcd.vic.gov.au/', 'Add on behalf of DPCD as part of the app my state comp', 1),
(147, 'user147', 'name 147', 'email147', '5f4dcc3b5aa765d61d8327deb882cf99', 'active', '', '2010-05-18 00:24:25', NULL, NULL, NULL, '', '', 1),
(148, 'user148', 'name 148', 'email148', '5f4dcc3b5aa765d61d8327deb882cf99', 'active', 'b204ee53f0adbddda8df5ee4cfe8c803', '2010-05-19 21:10:17', NULL, NULL, NULL, '', '', 1),
(156, 'user156', 'name 156', 'email156', '5f4dcc3b5aa765d61d8327deb882cf99', 'active', '', '2010-05-20 07:46:23', NULL, NULL, NULL, '', '', 1),
(157, 'user157', 'name 157', 'email157', '5f4dcc3b5aa765d61d8327deb882cf99', 'active', '', '2010-05-23 19:00:48', NULL, NULL, NULL, '', '', 1),
(158, 'user158', 'name 158', 'email158', '5f4dcc3b5aa765d61d8327deb882cf99', 'active', '', '2010-05-23 23:46:07', NULL, NULL, NULL, '', '', 1),
(160, 'user160', 'name 160', 'email160', '5f4dcc3b5aa765d61d8327deb882cf99', 'active', '', '2010-06-16 21:44:49', NULL, NULL, NULL, '', '', 1),
(161, 'user161', 'name 161', 'email161', '5f4dcc3b5aa765d61d8327deb882cf99', 'active', '', '2010-06-23 08:30:34', NULL, NULL, NULL, '', '', 1),
(162, 'user162', 'name 162', 'email162', '5f4dcc3b5aa765d61d8327deb882cf99', 'active', '', '2010-06-27 18:35:37', NULL, NULL, NULL, '', '', 1),
(163, 'user163', 'name 163', 'email163', '5f4dcc3b5aa765d61d8327deb882cf99', 'active', '', '2010-06-27 19:30:22', NULL, NULL, NULL, '', '', 1),
(164, 'user164', 'name 164', 'email164', '5f4dcc3b5aa765d61d8327deb882cf99', 'unconfirmed', 'a306b64c8b9dba5f8851d0937bc7c382', '2010-06-28 21:45:35', NULL, NULL, NULL, '', '', 1),
(165, 'user165', 'name 165', 'email165', '5f4dcc3b5aa765d61d8327deb882cf99', 'active', '', '2010-07-01 14:38:33', NULL, NULL, NULL, '', '', 1),
(166, 'user166', 'name 166', 'email166', '5f4dcc3b5aa765d61d8327deb882cf99', 'active', '', '2010-07-04 22:44:34', NULL, NULL, NULL, '', '', 1),
(167, 'user167', 'name 167', 'email167', '5f4dcc3b5aa765d61d8327deb882cf99', 'active', '', '2010-07-05 05:20:52', NULL, NULL, NULL, '', '', 1),
(168, 'user168', 'name 168', 'email168', '5f4dcc3b5aa765d61d8327deb882cf99', 'active', '', '2010-07-07 07:32:53', NULL, NULL, NULL, '', '', 1),
(169, 'user169', 'name 169', 'email169', '5f4dcc3b5aa765d61d8327deb882cf99', 'unconfirmed', '2eca907758115aa76eea9b5f052d1fb2', '2010-07-13 22:21:33', NULL, NULL, NULL, '', '', 1),
(170, 'user170', 'name 170', 'email170', '5f4dcc3b5aa765d61d8327deb882cf99', 'active', '', '2010-07-14 01:51:32', NULL, NULL, NULL, '', '', 1),
(171, 'user171', 'name 171', 'email171', '5f4dcc3b5aa765d61d8327deb882cf99', 'active', '', '2010-07-19 10:28:40', NULL, NULL, NULL, '', '', 1),
(172, 'user172', 'name 172', 'email172', '5f4dcc3b5aa765d61d8327deb882cf99', 'active', '', '2010-08-01 23:40:59', NULL, NULL, NULL, '', '', 1),
(173, 'user173', 'name 173', 'email173', '5f4dcc3b5aa765d61d8327deb882cf99', 'active', '', '2010-08-13 01:37:05', NULL, NULL, NULL, '', '', 1),
(174, 'user174', 'name 174', 'email174', '5f4dcc3b5aa765d61d8327deb882cf99', 'active', '', '2010-08-16 21:09:09', NULL, NULL, NULL, '', '', 1),
(175, 'user175', 'name 175', 'email175', '5f4dcc3b5aa765d61d8327deb882cf99', 'active', '', '2010-09-03 19:46:22', NULL, NULL, NULL, '', '', 1),
(176, 'user176', 'name 176', 'email176', '5f4dcc3b5aa765d61d8327deb882cf99', 'active', '', '2010-09-06 23:33:35', NULL, NULL, NULL, '', '', 1),
(177, 'user177', 'name 177', 'email177', '5f4dcc3b5aa765d61d8327deb882cf99', 'active', '', '2010-09-28 04:18:40', NULL, NULL, NULL, '', '', 1),
(178, 'user178', 'name 178', 'email178', '5f4dcc3b5aa765d61d8327deb882cf99', 'active', '', '2010-09-28 16:04:17', NULL, NULL, NULL, '', '', 1),
(179, 'user179', 'name 179', 'email179', '5f4dcc3b5aa765d61d8327deb882cf99', 'active', '', '2010-10-14 19:36:21', NULL, NULL, NULL, '', '', 1),
(180, 'user180', 'name 180', 'email180', '5f4dcc3b5aa765d61d8327deb882cf99', 'unconfirmed', '3debdeb692b277763ee17221589bceba', '2010-10-25 19:01:44', NULL, NULL, NULL, '', '', 1),
(181, 'user181', 'name 181', 'email181', '5f4dcc3b5aa765d61d8327deb882cf99', 'active', '', '2010-11-17 18:33:15', NULL, NULL, NULL, '', '', 1),
(182, 'user182', 'name 182', 'email182', '5f4dcc3b5aa765d61d8327deb882cf99', 'active', '', '2010-11-22 03:53:03', NULL, NULL, NULL, '', '', 1),
(183, 'user183', 'name 183', 'email183', '5f4dcc3b5aa765d61d8327deb882cf99', 'active', '', '2010-12-20 20:09:03', NULL, NULL, NULL, '', '', 1),
(184, 'user184', 'name 184', 'email184', '5f4dcc3b5aa765d61d8327deb882cf99', 'active', '', '2011-01-15 23:32:18', NULL, NULL, NULL, '', '', 1),
(185, 'user185', 'name 185', 'email185', '5f4dcc3b5aa765d61d8327deb882cf99', 'active', '', '2011-02-01 20:27:52', NULL, NULL, NULL, '', '', 1),
(186, 'user186', 'name 186', 'email186', '5f4dcc3b5aa765d61d8327deb882cf99', 'active', '', '2011-02-21 14:44:32', NULL, NULL, NULL, '', '', 1),
(187, 'user187', 'name 187', 'email187', '5f4dcc3b5aa765d61d8327deb882cf99', 'active', '', '2011-03-26 18:04:59', NULL, NULL, NULL, '', '', 1),
(188, 'user188', 'name 188', 'email188', '5f4dcc3b5aa765d61d8327deb882cf99', 'active', '', '2011-04-22 07:37:03', NULL, NULL, NULL, '', '', 1),
(189, 'user189', 'name 189', 'email189', '5f4dcc3b5aa765d61d8327deb882cf99', 'active', '', '2011-06-08 18:36:09', NULL, NULL, NULL, '', '', 1),
(190, 'user190', 'name 190', 'email190', '5f4dcc3b5aa765d61d8327deb882cf99', 'active', '', '2011-07-04 08:49:48', NULL, NULL, NULL, '', '', 1),
(191, 'user191', 'name 191', 'email191', '5f4dcc3b5aa765d61d8327deb882cf99', 'active', '', '2011-07-27 22:16:38', NULL, NULL, NULL, '', '', 1),
(192, 'user192', 'name 192', 'email192', '5f4dcc3b5aa765d61d8327deb882cf99', 'active', '', '2011-08-10 06:53:23', NULL, NULL, NULL, '', '', 1),
(193, 'user193', 'name 193', 'email193', '5f4dcc3b5aa765d61d8327deb882cf99', 'active', '', '2011-09-29 06:36:36', NULL, NULL, NULL, '', '', 1),
(194, 'user194', 'name 194', 'email194', '5f4dcc3b5aa765d61d8327deb882cf99', 'active', '', '2011-10-07 21:42:12', NULL, NULL, NULL, '', '', 1),
(195, 'user195', 'name 195', 'email195', '5f4dcc3b5aa765d61d8327deb882cf99', 'active', '', '2011-10-24 18:56:28', NULL, NULL, NULL, '', '', 1),
(196, 'user196', 'name 196', 'email196', '5f4dcc3b5aa765d61d8327deb882cf99', 'active', '', '2011-10-25 23:24:33', NULL, NULL, NULL, '', '', 1),
(197, 'user197', 'name 197', 'email197', '5f4dcc3b5aa765d61d8327deb882cf99', 'active', '', '2011-11-13 21:45:21', NULL, NULL, NULL, '', '', 1),
(198, 'user198', 'name 198', 'email198', '5f4dcc3b5aa765d61d8327deb882cf99', 'active', '', '2011-11-17 21:01:21', NULL, NULL, NULL, '', '', 1),
(199, 'user199', 'name 199', 'email199', '5f4dcc3b5aa765d61d8327deb882cf99', 'active', '', '2012-01-06 05:48:09', NULL, NULL, NULL, '', '', 1),
(200, 'user200', 'name 200', 'email200', '5f4dcc3b5aa765d61d8327deb882cf99', 'unconfirmed', '5d60f786c478225bcd9aba311e8f1408', '2012-02-12 23:18:03', NULL, NULL, NULL, '', '', 1),
(201, 'user201', 'name 201', 'email201', '5f4dcc3b5aa765d61d8327deb882cf99', 'active', '', '2012-04-11 20:40:38', NULL, NULL, NULL, '', '', 1),
(202, 'user202', 'name 202', 'email202', '5f4dcc3b5aa765d61d8327deb882cf99', 'active', '', '2012-05-13 18:58:03', NULL, NULL, NULL, '', '', 1),
(203, 'user203', 'name 203', 'email203', '5f4dcc3b5aa765d61d8327deb882cf99', 'active', '', '2012-07-28 22:15:06', NULL, NULL, NULL, '', '', 1),
(204, 'user204', 'name 204', 'email204', '5f4dcc3b5aa765d61d8327deb882cf99', 'active', '', '2012-08-27 19:03:56', NULL, NULL, NULL, '', '', 1),
(205, 'user205', 'name 205', 'email205', '5f4dcc3b5aa765d61d8327deb882cf99', 'active', '', '2012-09-05 22:08:55', NULL, NULL, NULL, '', '', 1),
(206, 'user206', 'name 206', 'email206', '5f4dcc3b5aa765d61d8327deb882cf99', 'active', '', '2012-09-23 21:08:00', NULL, NULL, NULL, '', '', 1);


-- --------------------------------------------------------

--
-- Table structure for table `user_rss_feeds`
--

DROP TABLE IF EXISTS `user_rss_feeds`;
CREATE TABLE IF NOT EXISTS `user_rss_feeds` (
  `user_rss_feed_id` int(11) NOT NULL AUTO_INCREMENT,
  `user_id` int(11) NOT NULL,
  `url` varchar(100) NOT NULL,
  `added_on` datetime NOT NULL,
  PRIMARY KEY (`user_rss_feed_id`),
  KEY `user_id` (`user_id`)
) ENGINE=MyISAM  DEFAULT CHARSET=latin1 AUTO_INCREMENT=41 ;

--
-- Dumping data for table `user_rss_feeds`
--

INSERT INTO `user_rss_feeds` (`user_rss_feed_id`, `user_id`, `url`, `added_on`) VALUES
(36, 51, 'http://newsrss.bbc.co.uk/rss/newsonline_world_edition/front_page/rss.xml', '0000-00-00 00:00:00'),
(35, 51, 'http://feeds.feedburner.com/AmnestyInternationalAustraliaNews', '0000-00-00 00:00:00'),
(37, 51, 'http://feeds.theage.com.au/rssheadlines/top.xml', '2009-08-31 05:55:41'),
(38, 51, 'http://feeds.theage.com.au/rssheadlines/top.xml', '2009-08-31 05:59:55'),
(39, 128, 'http://twitter.com/FoEAustralia', '2009-09-26 23:56:53'),
(40, 128, 'http://twitter.com/statuses/user_timeline/47257935.rss', '2009-09-26 23:59:08');

/*!40101 SET CHARACTER_SET_CLIENT=@OLD_CHARACTER_SET_CLIENT */;
/*!40101 SET CHARACTER_SET_RESULTS=@OLD_CHARACTER_SET_RESULTS */;
/*!40101 SET COLLATION_CONNECTION=@OLD_COLLATION_CONNECTION */;
